CustomerID,LastPurchase,FirstPurchase,Frequency,Monetary,Recency,TenureDays,AvgOrderValue,R_Score,F_Score,M_Score,RFM_Score,Segment,Decile
12346,2011-01-18 10:01:00,2011-01-18 10:01:00,1,77183.6,326,0,77183.6,1,4,1,6,At Risk,1
12347,2011-12-07 15:52:00,2010-12-07 14:57:00,7,4310.0,2,365,615.7142857142857,5,1,1,7,New / Promising,1
12348,2011-09-25 13:13:00,2010-12-16 19:09:00,4,1797.24,75,282,449.31,2,2,2,6,Lost / Low Value,3
12349,2011-11-21 09:51:00,2011-11-21 09:51:00,1,1757.55,19,0,1757.55,4,4,2,10,Loyal,3
12350,2011-02-02 16:01:00,2011-02-02 16:01:00,1,334.4,310,0,334.4,1,4,4,9,Can't Lose Them,8
12352,2011-11-03 14:37:00,2011-02-16 12:33:00,8,2506.04,36,260,313.255,3,1,1,5,Needs Attention,2
12353,2011-05-19 17:47:00,2011-05-19 17:47:00,1,89.0,204,0,89.0,1,4,5,10,Can't Lose Them,10
12354,2011-04-21 13:11:00,2011-04-21 13:11:00,1,1079.4,232,0,1079.4,1,4,2,7,At Risk,4
12355,2011-05-09 13:49:00,2011-05-09 13:49:00,1,459.4,214,0,459.4,1,4,4,9,Can't Lose Them,7
12356,2011-11-17 08:40:00,2011-01-18 09:50:00,3,2811.43,23,302,937.1433333333333,4,2,1,7,New / Promising,2
12357,2011-11-06 16:07:00,2011-11-06 16:07:00,1,6207.67,33,0,6207.67,4,4,1,9,Loyal,1
12358,2011-12-08 10:26:00,2011-07-12 10:04:00,2,1168.06,2,149,584.03,5,3,2,10,Needs Attention,4
12359,2011-10-13 12:47:00,2011-01-12 12:43:00,4,6310.03,58,274,1577.5075,3,2,1,6,Needs Attention,1
12360,2011-10-18 15:22:00,2011-05-23 09:43:00,3,2662.06,52,148,887.3533333333334,3,2,1,6,Needs Attention,2
12361,2011-02-25 13:51:00,2011-02-25 13:51:00,1,189.9,287,0,189.9,1,4,5,10,Can't Lose Them,9
12362,2011-12-06 15:40:00,2011-02-17 10:30:00,10,5226.23,3,292,522.6229999999999,5,1,1,7,New / Promising,1
12363,2011-08-22 10:18:00,2011-04-11 13:29:00,2,552.0,110,132,276.0,2,3,3,8,At Risk,6
12364,2011-12-02 10:22:00,2011-08-19 15:24:00,4,1313.1,8,104,328.275,5,2,2,9,New / Promising,4
12365,2011-02-21 14:04:00,2011-02-21 13:51:00,2,641.38,291,0,320.69,1,3,3,7,At Risk,6
12367,2011-12-05 16:48:00,2011-12-05 16:48:00,1,168.9,4,0,168.9,5,4,5,14,Champions,9
12370,2011-10-19 14:51:00,2010-12-14 12:58:00,4,3541.94,51,309,885.485,3,2,1,6,Needs Attention,2
12371,2011-10-26 10:16:00,2011-10-11 10:43:00,2,1887.96,45,14,943.98,3,3,2,8,Needs Attention,3
12372,2011-09-29 12:12:00,2011-02-16 12:46:00,3,1298.04,72,224,432.68,3,2,2,7,Needs Attention,4
12373,2011-02-01 13:10:00,2011-02-01 13:10:00,1,364.6,311,0,364.6,1,4,4,9,Can't Lose Them,7
12374,2011-11-14 15:37:00,2011-11-14 15:37:00,1,742.9300000000001,25,0,742.9300000000001,4,4,3,11,Loyal,5
12375,2011-11-29 10:36:00,2011-09-02 14:23:00,2,457.5,11,87,228.75,5,3,4,12,Needs Attention,7
12377,2011-01-28 15:45:00,2010-12-20 09:37:00,2,1628.12,315,39,814.06,1,3,2,6,At Risk,3
12378,2011-08-02 10:34:00,2011-08-02 10:34:00,1,4008.62,130,0,4008.62,2,4,1,7,At Risk,1
12379,2011-09-19 10:09:00,2011-06-22 16:32:00,2,852.24,82,88,426.12,2,3,3,8,At Risk,5
12380,2011-11-18 11:27:00,2011-06-07 09:49:00,4,2724.81,22,164,681.2025,4,2,1,7,New / Promising,2
12381,2011-12-05 12:44:00,2011-08-12 09:57:00,5,1845.31,5,115,369.062,5,2,2,9,New / Promising,3
12383,2011-06-08 08:02:00,2010-12-22 14:28:00,5,1850.56,185,167,370.11199999999997,1,2,2,5,Lost / Low Value,3
12384,2011-11-11 08:39:00,2011-08-10 11:23:00,2,585.27,29,92,292.635,4,3,3,10,Needs Attention,6
12386,2011-01-06 12:37:00,2010-12-08 09:53:00,2,401.9,338,29,200.95,1,3,4,8,At Risk,7
12388,2011-11-24 12:30:00,2011-01-17 11:12:00,6,2780.66,16,311,463.4433333333333,4,1,1,6,New / Promising,2
12390,2011-09-21 09:33:00,2011-09-21 09:33:00,1,549.84,80,0,549.84,2,4,3,9,At Risk,6
12391,2011-11-18 12:07:00,2011-11-18 12:07:00,1,439.66,22,0,439.66,4,4,4,12,Champions,7
12393,2011-09-28 15:41:00,2011-01-11 09:47:00,4,1582.6000000000001,72,260,395.65000000000003,3,2,2,7,Needs Attention,3
12394,2011-10-07 08:08:00,2011-05-06 14:01:00,2,1272.48,64,153,636.24,3,3,2,8,Needs Attention,4
12395,2011-11-20 15:21:00,2010-12-03 16:35:00,12,3018.63,19,351,251.5525,4,1,1,6,New / Promising,2
12397,2011-11-04 09:52:00,2011-07-27 14:21:00,2,2409.9,36,99,1204.95,3,3,1,7,Needs Attention,2
12398,2011-10-25 10:27:00,2011-10-25 10:27:00,1,1635.6599999999999,46,0,1635.6599999999999,3,4,2,9,Needs Attention,3
12399,2011-08-12 13:15:00,2011-03-23 09:42:00,4,1108.65,119,142,277.1625,2,2,2,6,Lost / Low Value,4
12401,2011-02-09 13:50:00,2011-02-09 13:50:00,1,84.3,303,0,84.3,1,4,5,10,Can't Lose Them,10
12402,2011-01-20 13:49:00,2011-01-20 13:49:00,1,225.6,323,0,225.6,1,4,5,10,Can't Lose Them,9
12403,2011-10-21 10:51:00,2011-10-21 10:51:00,1,427.7,50,0,427.7,3,4,4,11,Needs Attention,7
12405,2011-07-14 08:52:00,2011-07-14 08:52:00,1,1710.39,149,0,1710.39,2,4,2,8,At Risk,3
12406,2011-11-17 19:22:00,2011-06-09 10:23:00,2,3415.3,22,161,1707.65,4,3,1,8,Needs Attention,2
12407,2011-10-21 10:11:00,2011-03-20 13:21:00,5,1708.1200000000001,50,214,341.624,3,2,2,7,Needs Attention,3
12408,2011-11-07 12:27:00,2011-03-24 14:46:00,5,2888.55,33,227,577.71,4,2,1,7,New / Promising,2
12409,2011-09-22 10:38:00,2011-06-10 12:19:00,3,11072.67,79,103,3690.89,2,2,1,5,Lost / Low Value,1
12410,2011-02-04 10:39:00,2011-02-04 10:38:00,2,693.3299999999999,309,0,346.66499999999996,1,3,3,7,At Risk,5
12412,2011-09-26 10:16:00,2011-06-23 13:51:00,3,1226.88,75,94,408.96000000000004,2,2,2,6,Lost / Low Value,4
12413,2011-10-04 09:00:00,2011-01-06 16:12:00,3,758.1,67,270,252.70000000000002,3,2,3,8,Needs Attention,5
12414,2011-05-06 14:51:00,2011-02-02 14:51:00,3,562.41,217,93,187.47,1,2,3,6,Lost / Low Value,6
12415,2011-11-15 14:22:00,2011-01-06 11:12:00,21,124914.53,24,313,5948.310952380953,4,1,1,6,New / Promising,1
12417,2011-12-06 14:52:00,2010-12-17 11:51:00,9,3649.1,3,354,405.4555555555555,5,1,1,7,New / Promising,1
12418,2011-08-19 11:08:00,2011-08-19 11:08:00,1,668.58,113,0,668.58,2,4,3,9,At Risk,5
12420,2011-10-07 08:55:00,2011-10-07 08:55:00,1,600.39,64,0,600.39,3,4,3,10,Needs Attention,6
12421,2011-11-24 09:07:00,2011-01-24 15:09:00,4,807.04,16,303,201.76,4,2,3,9,New / Promising,5
12422,2011-09-05 09:48:00,2011-01-19 09:13:00,3,803.5600000000001,96,229,267.85333333333335,2,2,3,7,Lost / Low Value,5
12423,2011-12-09 10:10:00,2010-12-21 10:54:00,8,1859.31,1,352,232.41375,5,1,2,8,New / Promising,3
12424,2011-06-30 12:06:00,2011-06-30 12:06:00,2,1760.96,163,0,880.48,2,3,2,7,At Risk,3
12425,2011-09-22 17:31:00,2011-09-22 17:31:00,1,777.2,78,0,777.2,2,4,3,9,At Risk,5
12426,2011-05-29 12:26:00,2011-05-29 12:26:00,1,582.73,195,0,582.73,1,4,3,8,At Risk,6
12427,2011-11-18 08:56:00,2010-12-03 10:44:00,3,825.8,22,349,275.26666666666665,4,2,3,9,New / Promising,5
12428,2011-11-14 08:22:00,2011-03-01 09:33:00,9,7956.46,26,257,884.0511111111111,4,1,1,6,New / Promising,1
12429,2011-11-30 17:22:00,2010-12-09 12:05:00,4,3750.4,9,356,937.6,5,2,1,8,New / Promising,1
12430,2011-10-27 15:09:00,2011-10-27 15:09:00,1,256.4,43,0,256.4,3,4,4,11,Needs Attention,8
12431,2011-11-04 11:55:00,2010-12-01 10:03:00,15,6419.95,36,338,427.99666666666667,3,1,1,5,Needs Attention,1
12432,2011-10-28 11:43:00,2011-06-20 13:27:00,5,5059.32,43,129,1011.8639999999999,3,2,1,6,Needs Attention,1
12433,2011-12-09 10:02:00,2010-12-01 13:24:00,7,13375.87,1,372,1910.8385714285716,5,1,1,7,New / Promising,1
12434,2011-09-16 12:38:00,2011-03-24 13:05:00,2,806.14,85,175,403.07,2,3,3,8,At Risk,5
12435,2011-09-21 09:06:00,2011-03-17 07:40:00,2,7829.89,80,188,3914.945,2,3,1,6,At Risk,1
12436,2011-09-01 12:09:00,2011-09-01 12:09:00,1,509.01,100,0,509.01,2,4,3,9,At Risk,6
12437,2011-12-08 11:35:00,2011-01-12 14:13:00,18,4951.41,2,329,275.0783333333333,5,1,1,7,New / Promising,1
12438,2011-11-25 13:28:00,2011-07-22 13:29:00,2,2906.85,14,125,1453.425,4,3,1,8,Needs Attention,2
12441,2010-12-08 10:45:00,2010-12-08 10:45:00,1,173.55,367,0,173.55,1,4,5,10,Can't Lose Them,9
12442,2011-12-06 14:22:00,2011-12-06 14:22:00,1,172.06,3,0,172.06,5,4,5,14,Champions,9
12444,2011-11-18 13:23:00,2011-06-21 14:00:00,5,5005.46,21,149,1001.092,4,2,1,7,New / Promising,1
12445,2011-11-17 18:43:00,2011-11-17 18:43:00,1,133.4,22,0,133.4,4,4,5,13,Champions,10
12446,2011-10-13 12:50:00,2011-10-13 12:50:00,1,1002.3100000000001,58,0,1002.3100000000001,3,4,2,9,Needs Attention,4
12447,2011-04-10 13:25:00,2011-04-10 13:25:00,1,476.49,243,0,476.49,1,4,4,9,Can't Lose Them,7
12448,2011-10-26 13:46:00,2011-10-26 13:46:00,1,449.45,44,0,449.45,3,4,4,11,Needs Attention,7
12449,2011-11-17 13:46:00,2011-06-05 15:37:00,4,4067.29,22,164,1016.8225,4,2,1,7,New / Promising,1
12450,2011-07-06 14:41:00,2011-06-19 14:36:00,2,197.88,156,17,98.94,2,3,5,10,At Risk,9
12451,2011-11-29 08:40:00,2011-01-19 09:05:00,5,9035.52,11,313,1807.104,5,2,1,8,New / Promising,1
12452,2011-11-23 10:28:00,2011-11-23 08:05:00,2,430.57,17,0,215.285,4,3,4,11,Needs Attention,7
12453,2011-07-28 14:08:00,2011-07-28 14:08:00,1,707.09,134,0,707.09,2,4,3,9,At Risk,5
12454,2011-10-14 17:13:00,2011-10-14 17:13:00,1,3528.34,56,0,3528.34,3,4,1,8,Needs Attention,2
12455,2011-09-27 15:31:00,2011-02-16 09:56:00,6,2466.86,73,223,411.1433333333334,2,1,1,4,Lost / Low Value,2
12456,2011-10-26 14:41:00,2011-03-30 09:12:00,3,3181.04,44,210,1060.3466666666666,3,2,1,6,Needs Attention,2
12457,2011-10-04 13:13:00,2011-04-14 18:57:00,7,2363.23,66,172,337.6042857142857,3,1,1,5,Needs Attention,2
12458,2011-09-29 15:25:00,2011-02-28 10:55:00,2,947.4,71,213,473.7,3,3,2,8,Needs Attention,4
12461,2011-09-06 16:57:00,2011-07-08 10:23:00,2,826.88,94,60,413.44,2,3,3,8,At Risk,5
12462,2011-11-21 09:11:00,2011-02-09 14:44:00,2,1189.59,19,284,594.795,4,3,2,9,Needs Attention,4
12463,2011-10-17 13:44:00,2011-04-12 12:47:00,4,1344.78,53,188,336.195,3,2,2,7,Needs Attention,4
12464,2011-11-29 13:33:00,2011-02-03 13:30:00,8,1212.05,10,299,151.50625,5,1,2,8,New / Promising,4
12465,2011-11-22 16:34:00,2011-06-23 13:37:00,2,742.1899999999999,17,152,371.09499999999997,4,3,3,10,Needs Attention,5
12468,2011-06-05 11:36:00,2011-01-27 13:29:00,2,729.5400000000001,188,128,364.77000000000004,1,3,3,7,At Risk,5
12471,2011-12-07 15:43:00,2010-12-10 09:35:00,30,19788.65,2,362,659.6216666666667,5,1,1,7,New / Promising,1
12472,2011-11-07 14:01:00,2010-12-05 14:19:00,7,6572.11,32,336,938.8728571428571,4,1,1,6,New / Promising,1
12473,2011-11-10 13:46:00,2011-06-01 10:15:00,5,3928.0499999999997,29,162,785.6099999999999,4,2,1,7,New / Promising,1
12474,2011-11-22 14:39:00,2011-01-14 10:06:00,18,7324.09,17,312,406.8938888888889,4,1,1,6,New / Promising,1
12475,2011-10-17 10:10:00,2011-10-17 10:10:00,1,723.38,54,0,723.38,3,4,3,10,Needs Attention,5
12476,2011-11-24 12:40:00,2010-12-13 14:39:00,11,6816.42,16,345,619.6745454545454,4,1,1,6,New / Promising,1
12477,2011-11-17 09:51:00,2011-02-11 12:45:00,6,13219.74,23,278,2203.29,4,1,1,6,New / Promising,1
12478,2011-12-06 09:56:00,2011-12-06 09:56:00,1,680.99,4,0,680.99,5,4,3,12,Loyal,5
12479,2011-11-28 13:26:00,2011-11-28 13:26:00,1,527.2,11,0,527.2,5,4,3,12,Loyal,6
12480,2011-11-11 14:52:00,2011-01-07 15:27:00,4,3281.63,28,307,820.4075,4,2,1,7,New / Promising,2
12481,2011-11-17 08:29:00,2010-12-09 10:13:00,10,5579.82,23,342,557.982,4,1,1,6,New / Promising,1
12483,2011-11-22 17:02:00,2011-01-04 14:20:00,8,2484.98,17,322,310.6225,4,1,1,6,New / Promising,2
12484,2011-11-07 11:37:00,2011-01-07 14:04:00,6,4527.32,33,303,754.5533333333333,4,1,1,6,New / Promising,1
12488,2011-11-30 08:50:00,2011-09-25 10:34:00,3,1298.66,10,65,432.8866666666667,5,2,2,9,New / Promising,4
12489,2011-01-07 13:13:00,2011-01-07 13:13:00,1,334.93,336,0,334.93,1,4,4,9,Can't Lose Them,8
12490,2011-12-04 16:07:00,2011-01-14 09:13:00,10,5417.93,5,324,541.793,5,1,1,7,New / Promising,1
12491,2011-11-01 12:18:00,2011-11-01 12:18:00,1,460.40000000000003,39,0,460.40000000000003,3,4,4,11,Needs Attention,7
12492,2011-10-07 15:15:00,2011-08-26 14:51:00,2,263.21000000000004,63,42,131.60500000000002,3,3,4,10,Needs Attention,8
12493,2011-06-27 10:17:00,2011-05-26 14:53:00,2,433.74,166,31,216.87,2,3,4,9,At Risk,7
12494,2011-11-24 09:34:00,2010-12-09 11:31:00,7,1246.1000000000001,16,349,178.01428571428573,4,1,2,7,New / Promising,4
12497,2011-09-19 12:29:00,2011-09-19 12:29:00,1,1043.1,82,0,1043.1,2,4,2,8,At Risk,4
12498,2011-11-18 12:53:00,2011-10-13 09:30:00,3,403.70000000000005,21,36,134.5666666666667,4,2,4,10,Needs Attention,7
12500,2011-11-16 16:20:00,2011-01-10 09:48:00,11,4257.82,23,310,387.07454545454544,4,1,1,6,New / Promising,1
12501,2011-01-07 12:28:00,2011-01-07 12:28:00,1,2169.39,337,0,2169.39,1,4,1,6,At Risk,2
12502,2011-09-05 11:52:00,2011-02-03 10:41:00,5,3723.87,96,214,744.774,2,2,1,5,Lost / Low Value,1
12504,2011-11-21 16:02:00,2011-11-09 14:56:00,2,482.04999999999995,18,12,241.02499999999998,4,3,4,11,Needs Attention,7
12506,2011-04-21 08:54:00,2011-04-21 08:54:00,1,73.5,233,0,73.5,1,4,5,10,Can't Lose Them,10
12507,2011-07-28 17:09:00,2011-02-14 09:24:00,3,1304.81,134,164,434.93666666666667,2,2,2,6,Lost / Low Value,4
12508,2011-11-13 15:37:00,2011-11-10 16:27:00,2,397.88,26,2,198.94,4,3,4,11,Needs Attention,7
12509,2011-02-28 14:45:00,2011-02-28 14:45:00,1,176.5,284,0,176.5,1,4,5,10,Can't Lose Them,9
12510,2011-07-20 10:15:00,2011-01-18 14:04:00,2,982.5699999999999,143,182,491.28499999999997,2,3,2,7,At Risk,4
12512,2011-10-04 14:55:00,2011-10-04 14:53:00,2,132.18,66,0,66.09,3,3,5,11,Needs Attention,10
12513,2011-08-19 10:51:00,2011-08-19 10:51:00,1,612.29,113,0,612.29,2,4,3,9,At Risk,6
12514,2011-03-17 16:38:00,2011-03-17 16:38:00,1,1017.68,267,0,1017.68,1,4,2,7,At Risk,4
12515,2010-12-21 15:43:00,2010-12-21 15:43:00,1,383.7,353,0,383.7,1,4,4,9,Can't Lose Them,7
12516,2011-09-23 09:13:00,2011-06-12 11:37:00,2,1312.06,78,102,656.03,2,3,2,7,At Risk,4
12517,2011-11-11 14:04:00,2011-06-02 15:13:00,5,2481.6,28,161,496.32,4,2,1,7,New / Promising,2
12518,2011-12-09 10:13:00,2011-08-21 13:18:00,5,2056.89,1,109,411.378,5,2,1,8,New / Promising,2
12519,2011-10-07 09:26:00,2011-10-07 09:26:00,1,330.84,64,0,330.84,3,4,4,11,Needs Attention,8
12520,2011-09-21 15:23:00,2011-03-11 11:35:00,5,2634.26,79,194,526.8520000000001,2,2,1,5,Lost / Low Value,2
12521,2011-07-20 10:51:00,2011-07-20 10:51:00,1,599.68,143,0,599.68,2,4,3,9,At Risk,6
12522,2011-10-31 15:30:00,2011-10-19 14:41:00,2,192.72,39,12,96.36,3,3,5,11,Needs Attention,9
12523,2011-11-20 12:55:00,2011-01-12 09:43:00,11,1789.77,19,312,162.70636363636365,4,1,2,7,New / Promising,3
12524,2011-11-30 15:31:00,2011-01-10 10:35:00,8,4485.72,9,324,560.715,5,1,1,7,New / Promising,1
12526,2011-12-09 12:09:00,2011-09-06 14:19:00,3,1316.66,1,93,438.8866666666667,5,2,2,9,New / Promising,4
12527,2011-09-19 11:55:00,2011-01-18 12:05:00,3,348.71000000000004,82,243,116.23666666666668,2,2,4,8,Lost / Low Value,8
12528,2011-11-30 14:40:00,2011-01-31 09:05:00,6,1933.48,9,303,322.24666666666667,5,1,2,8,New / Promising,3
12530,2011-10-11 12:34:00,2011-01-07 10:04:00,4,1662.28,60,277,415.57,3,2,2,7,Needs Attention,3
12531,2011-11-25 11:12:00,2011-11-25 11:12:00,1,125.22,15,0,125.22,4,4,5,13,Champions,10
12532,2011-11-09 13:47:00,2011-11-09 13:47:00,1,349.83000000000004,30,0,349.83000000000004,4,4,4,12,Champions,7
12534,2011-08-01 10:26:00,2011-08-01 10:26:00,1,1089.18,131,0,1089.18,2,4,2,8,At Risk,4
12535,2011-09-09 08:48:00,2011-06-06 12:47:00,2,716.35,92,94,358.175,2,3,3,8,At Risk,5
12536,2011-10-27 14:20:00,2011-10-11 14:52:00,3,12601.830000000002,43,15,4200.610000000001,3,2,1,6,Needs Attention,1
12538,2011-11-10 17:16:00,2011-11-10 17:16:00,1,363.95,29,0,363.95,4,4,4,12,Champions,7
12539,2011-11-17 13:30:00,2011-01-10 09:11:00,4,5568.35,22,311,1392.0875,4,2,1,7,New / Promising,1
12540,2011-11-20 11:31:00,2010-12-13 09:39:00,17,13400.24,20,342,788.2494117647059,4,1,1,6,New / Promising,1
12541,2011-11-10 10:40:00,2011-03-04 09:32:00,3,981.18,30,251,327.06,4,2,2,8,New / Promising,4
12544,2011-11-03 16:15:00,2011-11-03 16:15:00,1,372.7,36,0,372.7,3,4,4,11,Needs Attention,7
12545,2011-09-25 13:39:00,2011-03-25 12:04:00,2,1000.39,75,184,500.195,2,3,2,7,At Risk,4
12546,2011-10-24 12:09:00,2011-09-23 09:44:00,2,1161.5,47,31,580.75,3,3,2,8,Needs Attention,4
12547,2011-05-26 12:38:00,2011-03-04 12:46:00,2,207.79999999999998,198,82,103.89999999999999,1,3,5,9,At Risk,9
12548,2011-06-26 15:35:00,2011-06-26 15:35:00,1,95.19999999999999,166,0,95.19999999999999,2,4,5,11,Can't Lose Them,10
12550,2011-09-21 14:35:00,2011-09-21 14:35:00,1,964.83,79,0,964.83,2,4,2,8,At Risk,4
12551,2010-12-17 11:23:00,2010-12-17 11:23:00,1,168.0,358,0,168.0,1,4,5,10,Can't Lose Them,9
12552,2011-11-01 10:02:00,2011-10-31 12:11:00,2,437.82,39,0,218.91,3,3,4,10,Needs Attention,7
12553,2011-12-01 16:38:00,2011-01-14 10:42:00,10,3692.28,8,321,369.228,5,1,1,7,New / Promising,1
12556,2011-10-20 13:06:00,2011-07-11 13:35:00,2,599.56,50,100,299.78,3,3,3,9,Needs Attention,6
12557,2011-11-23 16:59:00,2010-12-03 12:20:00,5,11990.960000000001,16,355,2398.192,4,2,1,7,New / Promising,1
12558,2011-12-02 10:41:00,2011-12-02 10:41:00,1,269.96,8,0,269.96,5,4,4,13,Champions,8
12559,2011-02-02 09:49:00,2011-01-24 10:12:00,2,561.71,311,8,280.855,1,3,3,7,At Risk,6
12560,2011-12-04 13:54:00,2011-07-19 15:55:00,3,2134.01,5,137,711.3366666666667,5,2,1,8,New / Promising,2
12561,2011-02-10 11:39:00,2011-02-10 11:39:00,1,238.85,303,0,238.85,1,4,5,10,Can't Lose Them,9
12562,2011-12-01 17:20:00,2011-05-25 12:44:00,7,3781.7400000000002,8,190,540.2485714285715,5,1,1,7,New / Promising,1
12564,2011-03-23 14:55:00,2011-03-23 14:55:00,1,456.9,261,0,456.9,1,4,4,9,Can't Lose Them,7
12565,2011-02-24 10:34:00,2011-02-24 10:34:00,1,145.92,289,0,145.92,1,4,5,10,Can't Lose Them,10
12566,2011-09-14 14:30:00,2011-09-14 14:30:00,1,351.65,86,0,351.65,2,4,4,10,Can't Lose Them,7
12567,2011-11-17 11:02:00,2010-12-05 11:57:00,10,9401.28,23,346,940.128,4,1,1,6,New / Promising,1
12569,2011-12-07 16:24:00,2011-04-01 13:47:00,32,4124.69,2,250,128.8965625,5,1,1,7,New / Promising,1
12571,2011-10-31 10:19:00,2011-08-10 12:35:00,2,519.61,40,81,259.805,3,3,3,9,Needs Attention,6
12572,2011-12-01 09:20:00,2011-10-19 08:20:00,2,1020.42,9,43,510.21,5,3,2,10,Needs Attention,4
12573,2011-04-26 15:52:00,2011-04-26 15:52:00,1,160.54000000000002,227,0,160.54000000000002,1,4,5,10,Can't Lose Them,9
12574,2011-01-28 09:20:00,2011-01-28 09:20:00,1,218.45,316,0,218.45,1,4,5,10,Can't Lose Them,9
12576,2011-11-04 10:11:00,2011-02-08 11:31:00,5,1315.83,36,268,263.166,3,2,2,7,Needs Attention,4
12577,2011-11-04 13:24:00,2010-12-15 16:21:00,3,626.6,35,323,208.86666666666667,3,2,3,8,Needs Attention,6
12578,2011-11-18 13:30:00,2011-01-13 15:34:00,2,2794.51,21,308,1397.255,4,3,1,8,Needs Attention,2
12579,2011-09-22 17:15:00,2011-09-22 17:15:00,1,440.42,78,0,440.42,2,4,4,10,Can't Lose Them,7
12580,2011-04-07 10:24:00,2011-04-07 10:24:00,1,415.7,247,0,415.7,1,4,4,9,Can't Lose Them,7
12581,2011-10-31 08:56:00,2011-10-31 08:56:00,1,197.71,40,0,197.71,3,4,5,12,Needs Attention,9
12582,2011-04-15 08:45:00,2011-02-24 11:42:00,2,511.36,239,49,255.68,1,3,3,7,At Risk,6
12583,2011-12-07 08:07:00,2010-12-01 08:45:00,15,7281.38,3,370,485.42533333333336,5,1,1,7,New / Promising,1
12584,2011-12-06 09:35:00,2011-03-04 15:15:00,9,2338.15,4,276,259.7944444444445,5,1,1,7,New / Promising,2
12585,2011-04-19 13:39:00,2010-12-23 12:58:00,2,2040.1,234,117,1020.05,1,3,2,6,At Risk,3
12586,2011-11-22 16:24:00,2011-11-22 16:24:00,1,196.94000000000003,17,0,196.94000000000003,4,4,5,13,Champions,9
12587,2011-12-02 12:47:00,2011-12-02 12:47:00,1,144.0,8,0,144.0,5,4,5,14,Champions,10
12588,2011-10-31 15:01:00,2011-10-31 15:01:00,1,214.89999999999998,39,0,214.89999999999998,3,4,5,12,Needs Attention,9
12589,2011-11-11 10:19:00,2011-07-18 12:05:00,2,646.68,29,115,323.34,4,3,3,10,Needs Attention,6
12590,2011-05-12 14:52:00,2011-05-12 14:46:00,2,9864.26,211,0,4932.13,1,3,1,5,At Risk,1
12591,2011-01-26 14:35:00,2011-01-26 14:35:00,1,452.84999999999997,317,0,452.84999999999997,1,4,4,9,Can't Lose Them,7
12592,2011-09-08 15:04:00,2011-05-10 13:44:00,2,437.6,92,121,218.8,2,3,4,9,At Risk,7
12593,2011-08-23 12:43:00,2011-05-05 09:29:00,3,418.09999999999997,109,110,139.36666666666665,2,2,4,8,Lost / Low Value,7
12594,2011-11-02 12:20:00,2011-01-21 09:52:00,10,3338.2200000000003,38,285,333.822,3,1,1,5,Needs Attention,2
12596,2011-10-19 13:02:00,2011-04-11 13:22:00,2,618.27,51,190,309.135,3,3,3,9,Needs Attention,6
12597,2011-11-20 13:33:00,2011-03-16 14:00:00,4,3811.22,19,248,952.805,4,2,1,7,New / Promising,1
12598,2011-11-30 12:18:00,2011-02-28 11:58:00,8,3023.08,10,275,377.885,5,1,1,7,New / Promising,2
12599,2011-11-10 13:34:00,2011-02-08 13:28:00,7,1032.58,29,275,147.51142857142855,4,1,2,7,New / Promising,4
12600,2011-11-11 10:29:00,2010-12-03 12:57:00,10,2599.04,29,342,259.904,4,1,1,6,New / Promising,2
12601,2011-06-03 10:17:00,2011-01-11 10:38:00,5,577.0600000000001,190,142,115.412,1,2,3,6,Lost / Low Value,6
12602,2011-10-12 11:22:00,2011-10-12 11:22:00,1,153.12,59,0,153.12,3,4,5,12,Needs Attention,10
12603,2011-11-18 10:42:00,2011-11-18 10:42:00,1,739.1999999999999,22,0,739.1999999999999,4,4,3,11,Loyal,5
12604,2011-09-21 14:08:00,2011-03-23 12:06:00,2,254.18,79,182,127.09,2,3,4,9,At Risk,8
12607,2011-10-10 16:06:00,2011-10-10 16:06:00,1,1579.51,60,0,1579.51,3,4,2,9,Needs Attention,3
12609,2011-09-22 16:34:00,2011-01-25 15:13:00,3,1126.85,78,240,375.6166666666666,2,2,2,6,Lost / Low Value,4
12610,2011-11-17 09:34:00,2011-08-05 13:52:00,5,2099.54,23,103,419.908,4,2,1,7,New / Promising,2
12611,2011-10-18 13:12:00,2011-10-18 13:12:00,1,1193.32,52,0,1193.32,3,4,2,9,Needs Attention,4
12612,2011-09-26 15:35:00,2011-09-26 15:35:00,1,704.0400000000001,74,0,704.0400000000001,2,4,3,9,At Risk,5
12613,2011-10-13 14:59:00,2011-03-22 15:42:00,5,3344.38,57,204,668.876,3,2,1,6,Needs Attention,2
12614,2011-03-07 10:22:00,2011-03-07 10:22:00,1,315.6,278,0,315.6,1,4,4,9,Can't Lose Them,8
12615,2011-12-07 15:02:00,2011-06-24 13:35:00,4,2291.19,2,166,572.7975,5,2,1,8,New / Promising,2
12616,2011-09-05 15:17:00,2011-02-15 14:17:00,2,713.3,95,202,356.65,2,3,3,8,At Risk,5
12617,2011-11-10 14:39:00,2011-11-10 14:39:00,1,352.98,29,0,352.98,4,4,4,12,Champions,7
12618,2011-11-18 11:10:00,2011-11-18 11:10:00,1,177.31,22,0,177.31,4,4,5,13,Champions,9
12619,2011-11-23 14:52:00,2011-03-31 13:10:00,9,3641.24,16,237,404.5822222222222,4,1,1,6,New / Promising,1
12620,2011-11-25 10:20:00,2011-05-19 12:10:00,3,1339.41,15,189,446.47,4,2,2,8,New / Promising,4
12621,2011-12-08 11:25:00,2010-12-09 10:16:00,20,13689.67,2,364,684.4835,5,1,1,7,New / Promising,1
12622,2011-04-21 16:39:00,2011-04-21 16:39:00,1,180.1,232,0,180.1,1,4,5,10,Can't Lose Them,9
12623,2011-03-08 13:50:00,2011-03-08 13:50:00,1,305.1,276,0,305.1,1,4,4,9,Can't Lose Them,8
12624,2011-08-25 15:04:00,2011-06-15 12:34:00,2,641.13,106,71,320.565,2,3,3,8,At Risk,6
12625,2011-05-12 09:54:00,2011-01-24 13:27:00,2,2683.82,212,107,1341.91,1,3,1,5,At Risk,2
12626,2011-11-16 16:06:00,2011-01-17 11:01:00,9,6620.48,23,303,735.6088888888888,4,1,1,6,New / Promising,1
12627,2011-11-29 12:07:00,2011-07-22 13:59:00,7,4478.53,11,129,639.79,5,1,1,7,New / Promising,1
12628,2011-12-05 13:15:00,2011-10-06 09:28:00,3,786.46,4,60,262.15333333333336,5,2,3,10,New / Promising,5
12630,2011-11-30 10:48:00,2011-10-27 10:41:00,2,1270.88,10,34,635.44,5,3,2,10,Needs Attention,4
12631,2011-10-13 13:53:00,2011-10-13 13:53:00,1,640.5,57,0,640.5,3,4,3,10,Needs Attention,6
12633,2011-10-12 11:40:00,2011-02-25 08:44:00,4,2163.98,59,229,540.995,3,2,1,6,Needs Attention,2
12635,2011-09-11 11:04:00,2011-07-08 08:43:00,2,1689.18,90,65,844.59,2,3,2,7,At Risk,3
12637,2011-10-03 13:46:00,2011-01-20 10:47:00,8,6002.9,67,256,750.3625,3,1,1,5,Needs Attention,1
12638,2011-11-06 13:11:00,2011-11-06 13:11:00,1,671.69,33,0,671.69,4,4,3,11,Loyal,5
12639,2011-04-15 12:48:00,2011-04-15 12:48:00,1,486.1,239,0,486.1,1,4,4,9,Can't Lose Them,7
12640,2011-11-16 11:52:00,2011-09-19 12:01:00,3,1174.58,24,57,391.52666666666664,4,2,2,8,New / Promising,4
12641,2011-08-16 13:26:00,2011-08-16 13:26:00,1,185.9,115,0,185.9,2,4,5,11,Can't Lose Them,9
12642,2011-11-14 15:03:00,2011-08-24 09:23:00,3,1013.26,25,82,337.75333333333333,4,2,2,8,New / Promising,4
12643,2011-08-03 12:56:00,2011-01-11 11:48:00,6,3344.64,128,204,557.4399999999999,2,1,1,4,Lost / Low Value,2
12644,2011-08-02 10:33:00,2011-08-02 10:33:00,1,477.91,130,0,477.91,2,4,4,10,Can't Lose Them,7
12645,2011-11-06 12:38:00,2011-01-27 13:08:00,4,1775.18,34,282,443.795,3,2,2,7,Needs Attention,3
12646,2011-12-05 10:14:00,2011-10-21 12:52:00,2,1346.97,5,44,673.485,5,3,2,10,Needs Attention,3
12647,2011-11-17 12:56:00,2010-12-05 14:02:00,12,3722.82,22,346,310.235,4,1,1,6,New / Promising,1
12648,2011-07-08 11:55:00,2011-07-08 11:55:00,1,318.05,155,0,318.05,2,4,4,10,Can't Lose Them,8
12649,2011-08-24 14:41:00,2011-05-11 14:37:00,3,623.51,107,105,207.83666666666667,2,2,3,7,Lost / Low Value,6
12650,2011-12-06 16:34:00,2011-12-06 16:34:00,1,314.44,3,0,314.44,5,4,4,13,Champions,8
12651,2011-01-09 12:46:00,2011-01-09 12:46:00,1,114.0,335,0,114.0,1,4,5,10,Can't Lose Them,10
12652,2011-01-12 15:00:00,2011-01-12 15:00:00,1,919.98,331,0,919.98,1,4,3,8,At Risk,5
12653,2011-07-14 10:41:00,2011-02-16 10:53:00,2,2209.85,149,147,1104.925,2,3,1,6,At Risk,2
12654,2011-11-29 10:10:00,2011-02-17 13:16:00,5,601.98,11,284,120.396,5,2,3,10,New / Promising,6
12656,2011-11-22 13:42:00,2011-04-20 09:20:00,5,4051.17,17,216,810.234,4,2,1,7,New / Promising,1
12657,2011-11-28 15:47:00,2011-09-22 11:40:00,4,1643.18,11,67,410.795,5,2,2,9,New / Promising,3
12658,2011-11-21 10:22:00,2011-11-21 10:22:00,1,686.05,19,0,686.05,4,4,3,11,Loyal,5
12659,2011-11-10 11:53:00,2011-11-10 11:53:00,1,91.68,30,0,91.68,4,4,5,13,Champions,10
12660,2011-11-28 13:26:00,2011-11-28 13:26:00,1,245.1,11,0,245.1,5,4,5,14,Champions,9
12662,2011-12-09 11:59:00,2010-12-01 13:04:00,11,3849.78,1,372,349.98,5,1,1,7,New / Promising,1
12664,2011-12-01 17:07:00,2011-01-21 11:42:00,9,4881.88,8,314,542.4311111111111,5,1,1,7,New / Promising,1
12665,2011-01-19 08:34:00,2011-01-19 08:34:00,1,63.0,325,0,63.0,1,4,5,10,Can't Lose Them,10
12667,2011-10-12 17:00:00,2011-10-12 17:00:00,1,620.13,58,0,620.13,3,4,3,10,Needs Attention,6
12668,2011-11-28 10:56:00,2010-12-19 12:46:00,4,3807.15,12,343,951.7875,5,2,1,8,New / Promising,1
12669,2011-07-12 09:54:00,2011-03-28 10:15:00,3,2744.0299999999997,151,105,914.6766666666666,2,2,1,5,Lost / Low Value,2
12670,2011-11-29 15:23:00,2011-04-21 10:16:00,5,2996.05,10,222,599.21,5,2,1,8,New / Promising,2
12672,2011-01-14 09:20:00,2011-01-14 09:20:00,1,225.89999999999998,330,0,225.89999999999998,1,4,5,10,Can't Lose Them,9
12673,2011-12-04 13:55:00,2011-01-17 11:46:00,2,610.52,5,321,305.26,5,3,3,11,Needs Attention,6
12674,2011-11-01 12:12:00,2011-05-16 09:10:00,4,1970.6,39,169,492.65,3,2,2,7,Needs Attention,3
12676,2011-11-15 12:25:00,2011-02-01 15:41:00,6,1331.39,25,286,221.89833333333334,4,1,2,7,New / Promising,4
12678,2011-10-28 13:04:00,2010-12-21 11:00:00,12,17628.46,42,311,1469.0383333333332,3,1,1,5,Needs Attention,1
12679,2011-10-12 12:30:00,2011-03-01 12:26:00,4,1113.02,59,225,278.255,3,2,2,7,Needs Attention,4
12680,2011-12-09 12:50:00,2011-08-18 15:44:00,4,862.81,1,112,215.7025,5,2,3,10,New / Promising,5
12681,2011-11-25 11:33:00,2010-12-07 10:08:00,22,13787.54,15,353,626.7063636363637,4,1,1,6,New / Promising,1
12682,2011-12-06 10:00:00,2010-12-03 13:59:00,31,12279.82,4,367,396.1232258064516,5,1,1,7,New / Promising,1
12683,2011-12-05 16:31:00,2010-12-09 10:37:00,15,8476.57,4,361,565.1046666666666,5,1,1,7,New / Promising,1
12684,2011-12-02 09:53:00,2011-05-10 12:55:00,7,2283.63,8,205,326.23285714285714,5,1,1,7,New / Promising,2
12685,2011-11-11 13:46:00,2011-09-07 10:28:00,6,2863.08,28,65,477.18,4,1,1,6,New / Promising,2
12686,2010-12-03 09:51:00,2010-12-03 09:51:00,1,89.14,372,0,89.14,1,4,5,10,Can't Lose Them,10
12688,2011-08-18 08:49:00,2011-08-18 08:49:00,1,4873.8099999999995,114,0,4873.8099999999995,2,4,1,7,At Risk,1
12689,2011-11-14 08:31:00,2011-08-04 10:04:00,2,1247.61,26,101,623.805,4,3,2,9,Needs Attention,4
12690,2011-05-18 09:09:00,2011-05-18 09:09:00,1,389.01,206,0,389.01,1,4,4,9,Can't Lose Them,7
12691,2011-11-11 16:49:00,2010-12-17 14:46:00,6,1035.8,28,329,172.63333333333333,4,1,2,7,New / Promising,4
12693,2011-08-04 17:51:00,2011-01-24 12:58:00,4,855.91,127,192,213.9775,2,2,3,7,Lost / Low Value,5
12694,2011-09-30 13:06:00,2011-06-09 17:48:00,2,869.67,70,112,434.835,3,3,3,9,Needs Attention,5
12695,2011-12-02 13:22:00,2011-05-13 13:15:00,4,582.1,7,203,145.525,5,2,3,10,New / Promising,6
12697,2011-11-11 08:47:00,2011-06-23 15:44:00,3,957.59,29,140,319.19666666666666,4,2,2,8,New / Promising,4
12700,2011-12-02 10:47:00,2011-05-08 16:10:00,4,4939.99,8,207,1234.9975,5,2,1,8,New / Promising,1
12701,2011-09-21 10:47:00,2011-04-11 13:02:00,2,797.71,80,162,398.855,2,3,3,8,At Risk,5
12702,2011-11-20 10:36:00,2011-11-20 10:36:00,1,219.0,20,0,219.0,4,4,5,13,Champions,9
12703,2011-09-29 17:52:00,2011-09-29 17:52:00,1,283.55,71,0,283.55,3,4,4,11,Needs Attention,8
12704,2011-12-02 13:15:00,2011-06-23 10:20:00,8,2340.84,7,162,292.605,5,1,1,7,New / Promising,2
12705,2011-11-24 13:17:00,2010-12-17 15:58:00,9,6868.29,15,341,763.1433333333333,4,1,1,6,New / Promising,1
12707,2011-02-21 08:38:00,2011-02-21 08:38:00,1,603.42,292,0,603.42,1,4,3,8,At Risk,6
12708,2011-11-10 09:52:00,2010-12-06 10:43:00,10,2712.91,30,338,271.291,4,1,1,6,New / Promising,2
12709,2011-11-24 15:38:00,2010-12-08 09:49:00,15,9706.52,15,351,647.1013333333334,4,1,1,6,New / Promising,1
12710,2011-09-04 12:00:00,2011-05-22 14:05:00,3,1149.02,97,104,383.00666666666666,2,2,2,6,Lost / Low Value,4
12712,2011-11-11 08:19:00,2010-12-03 14:30:00,13,4396.13,29,342,338.1638461538462,4,1,1,6,New / Promising,1
12713,2011-12-09 12:16:00,2011-12-09 12:16:00,1,848.55,1,0,848.55,5,4,3,12,Loyal,5
12714,2011-11-30 15:43:00,2011-02-18 10:53:00,5,4708.86,9,285,941.7719999999999,5,2,1,8,New / Promising,1
12715,2011-08-25 15:22:00,2011-08-25 15:22:00,1,343.36,106,0,343.36,2,4,4,10,Can't Lose Them,8
12716,2011-12-06 08:55:00,2011-07-29 13:28:00,2,1053.49,4,129,526.745,5,3,2,10,Needs Attention,4
12717,2011-07-11 14:47:00,2011-04-08 10:32:00,2,1030.98,151,94,515.49,2,3,2,7,At Risk,4
12718,2011-09-29 16:38:00,2011-09-29 16:38:00,1,238.25,71,0,238.25,3,4,5,12,Needs Attention,9
12719,2011-12-04 13:45:00,2011-10-05 14:50:00,2,644.95,5,59,322.475,5,3,3,11,Needs Attention,6
12720,2011-12-07 08:03:00,2010-12-05 15:21:00,25,5781.73,3,366,231.26919999999998,5,1,1,7,New / Promising,1
12721,2011-11-08 12:13:00,2010-12-20 11:38:00,6,2656.13,32,323,442.68833333333333,4,1,1,6,New / Promising,2
12722,2011-09-15 14:50:00,2011-07-12 11:55:00,4,997.63,85,65,249.4075,2,2,2,6,Lost / Low Value,4
12723,2011-12-06 10:19:00,2011-10-05 15:52:00,5,725.07,4,61,145.014,5,2,3,10,New / Promising,5
12724,2011-12-04 16:02:00,2011-01-11 15:00:00,4,1031.41,5,327,257.8525,5,2,2,9,New / Promising,4
12725,2010-12-03 15:45:00,2010-12-03 15:45:00,1,427.8,371,0,427.8,1,4,4,9,Can't Lose Them,7
12726,2011-11-11 13:35:00,2010-12-17 12:56:00,7,2609.1,28,329,372.7285714285714,4,1,1,6,New / Promising,2
12727,2011-11-29 11:46:00,2011-01-23 15:17:00,7,3980.7,11,309,568.6714285714286,5,1,1,7,New / Promising,1
12728,2011-09-29 15:31:00,2011-01-11 13:31:00,4,836.33,71,261,209.0825,3,2,3,8,Needs Attention,5
12729,2011-08-18 11:40:00,2011-08-18 11:40:00,1,453.01,114,0,453.01,2,4,4,10,Can't Lose Them,7
12731,2011-11-16 11:59:00,2010-12-10 10:56:00,12,18895.91,24,341,1574.6591666666666,4,1,1,6,New / Promising,1
12732,2011-06-13 11:33:00,2011-06-13 11:33:00,1,236.26000000000002,180,0,236.26000000000002,1,4,5,10,Can't Lose Them,9
12733,2011-04-19 16:19:00,2011-04-19 16:19:00,1,383.95,234,0,383.95,1,4,4,9,Can't Lose Them,7
12734,2010-12-22 12:47:00,2010-12-22 12:47:00,1,110.39999999999999,353,0,110.39999999999999,1,4,5,10,Can't Lose Them,10
12735,2011-01-28 13:37:00,2011-01-06 14:26:00,2,779.5699999999999,315,21,389.78499999999997,1,3,3,7,At Risk,5
12736,2011-01-11 07:57:00,2011-01-11 07:57:00,1,234.0,333,0,234.0,1,4,5,10,Can't Lose Them,9
12738,2010-12-02 18:27:00,2010-12-02 18:27:00,1,155.35,372,0,155.35,1,4,5,10,Can't Lose Them,9
12739,2011-09-22 13:00:00,2011-09-01 17:45:00,2,1013.04,78,20,506.52,2,3,2,7,At Risk,4
12740,2011-10-07 10:44:00,2011-10-07 10:44:00,1,427.6,64,0,427.6,3,4,4,11,Needs Attention,7
12743,2011-07-28 16:21:00,2011-07-28 16:06:00,2,540.13,134,0,270.065,2,3,3,8,At Risk,6
12744,2011-10-19 11:18:00,2011-01-25 13:26:00,7,21279.29,52,266,3039.8985714285714,3,1,1,5,Needs Attention,1
12747,2011-12-07 14:34:00,2010-12-05 15:38:00,11,4196.01,2,366,381.4554545454546,5,1,1,7,New / Promising,1
12748,2011-12-09 12:20:00,2010-12-01 12:48:00,209,33053.19,1,372,158.14923444976077,5,1,1,7,New / Promising,1
12749,2011-12-06 09:56:00,2011-05-10 15:25:00,5,4090.88,4,209,818.176,5,2,1,8,New / Promising,1
12750,2011-08-03 09:13:00,2011-08-03 09:13:00,1,275.88,129,0,275.88,2,4,4,10,Can't Lose Them,8
12752,2011-09-19 13:32:00,2011-09-19 13:32:00,1,4366.78,81,0,4366.78,2,4,1,7,At Risk,1
12753,2011-11-17 10:52:00,2010-12-12 11:44:00,6,21429.39,23,339,3571.565,4,1,1,6,New / Promising,1
12754,2011-04-18 09:00:00,2011-02-04 10:31:00,3,3010.74,236,72,1003.5799999999999,1,2,1,4,Lost / Low Value,2
12755,2011-03-04 12:42:00,2010-12-09 10:44:00,2,3811.95,281,85,1905.975,1,3,1,5,At Risk,1
12756,2011-09-14 09:31:00,2011-09-14 09:31:00,1,112.07999999999998,87,0,112.07999999999998,2,4,5,11,Can't Lose Them,10
12757,2011-11-24 12:30:00,2011-05-12 19:01:00,13,7834.650000000001,16,195,602.6653846153847,4,1,1,6,New / Promising,1
12758,2011-08-15 10:22:00,2011-03-08 12:05:00,2,2791.59,117,159,1395.795,2,3,1,6,At Risk,2
12759,2011-10-18 14:49:00,2011-03-09 08:09:00,3,1531.44,52,223,510.48,3,2,2,7,Needs Attention,3
12762,2011-12-02 10:23:00,2011-11-14 14:23:00,2,1898.52,8,17,949.26,5,3,2,10,Needs Attention,3
12763,2011-07-24 14:12:00,2010-12-05 15:46:00,2,494.08,138,230,247.04,2,3,3,8,At Risk,6
12764,2011-01-27 10:19:00,2011-01-27 10:19:00,1,1693.88,317,0,1693.88,1,4,2,7,At Risk,3
12766,2011-12-06 08:46:00,2010-12-08 13:53:00,7,6989.63,4,362,998.5185714285715,5,1,1,7,New / Promising,1
12769,2011-04-15 10:25:00,2011-04-15 10:25:00,1,1143.6,239,0,1143.6,1,4,2,7,At Risk,4
12770,2011-05-13 09:33:00,2011-05-13 09:33:00,1,1351.45,211,0,1351.45,1,4,2,7,At Risk,3
12772,2011-10-11 09:19:00,2011-10-11 09:19:00,1,892.47,60,0,892.47,3,4,3,10,Needs Attention,5
12775,2011-11-22 16:33:00,2011-02-01 13:45:00,5,1386.04,17,294,277.20799999999997,4,2,2,8,New / Promising,3
12778,2011-11-20 11:30:00,2011-01-31 14:35:00,6,822.23,20,292,137.03833333333333,4,1,3,8,New / Promising,5
12779,2011-11-02 11:43:00,2010-12-03 13:40:00,8,3981.36,38,333,497.67,3,1,1,5,Needs Attention,1
12781,2011-10-07 10:37:00,2011-02-28 08:43:00,2,826.74,64,221,413.37,3,3,3,9,Needs Attention,5
12782,2011-12-05 09:16:00,2010-12-17 11:30:00,5,2330.92,5,352,466.184,5,2,1,8,New / Promising,2
12783,2011-12-07 15:56:00,2011-09-25 15:35:00,6,2225.91,2,73,370.98499999999996,5,1,1,7,New / Promising,2
12784,2011-11-30 15:38:00,2011-11-24 12:53:00,2,532.8199999999999,9,6,266.40999999999997,5,3,3,11,Needs Attention,6
12785,2010-12-10 13:48:00,2010-12-10 13:48:00,1,311.95,364,0,311.95,1,4,4,9,Can't Lose Them,8
12787,2011-11-30 08:44:00,2011-05-31 09:36:00,3,463.66,10,182,154.55333333333334,5,2,4,11,Needs Attention,7
12789,2011-10-05 13:34:00,2011-10-05 13:34:00,1,91.85,65,0,91.85,3,4,5,12,Needs Attention,10
12790,2011-05-31 14:14:00,2011-05-31 14:14:00,1,324.92,192,0,324.92,1,4,4,9,Can't Lose Them,8
12791,2010-12-01 11:27:00,2010-12-01 11:27:00,1,192.60000000000002,374,0,192.60000000000002,1,4,5,10,Can't Lose Them,9
12792,2011-03-28 11:36:00,2011-03-28 11:36:00,1,400.53999999999996,257,0,400.53999999999996,1,4,4,9,Can't Lose Them,7
12793,2011-01-09 12:12:00,2010-12-03 15:14:00,2,545.48,335,36,272.74,1,3,3,7,At Risk,6
12794,2011-10-17 14:54:00,2011-09-02 12:01:00,2,860.41,53,45,430.205,3,3,3,9,Needs Attention,5
12795,2011-11-21 10:27:00,2011-11-21 10:27:00,1,430.48,19,0,430.48,4,4,4,12,Champions,7
12797,2010-12-09 10:55:00,2010-12-09 10:55:00,1,254.03,366,0,254.03,1,4,4,9,Can't Lose Them,8
12798,2011-11-29 15:52:00,2011-06-22 10:11:00,3,6977.04,10,160,2325.68,5,2,1,8,New / Promising,1
12802,2011-06-06 09:36:00,2011-06-06 09:36:00,1,427.58,187,0,427.58,1,4,4,9,Can't Lose Them,7
12808,2011-11-03 10:05:00,2010-12-06 10:27:00,3,483.65000000000003,37,331,161.21666666666667,3,2,4,9,Needs Attention,7
12809,2011-06-15 10:51:00,2011-06-15 10:51:00,1,489.31,178,0,489.31,2,4,3,9,At Risk,6
12811,2011-03-24 09:42:00,2011-02-28 15:39:00,3,514.85,261,23,171.61666666666667,1,2,3,6,Lost / Low Value,6
12812,2011-10-26 09:54:00,2011-10-26 09:54:00,1,229.64000000000001,45,0,229.64000000000001,3,4,5,12,Needs Attention,9
12814,2011-08-30 12:11:00,2011-08-30 12:11:00,1,125.92,102,0,125.92,2,4,5,11,Can't Lose Them,10
12815,2011-07-15 10:21:00,2011-05-25 13:34:00,2,1063.46,148,50,531.73,2,3,2,7,At Risk,4
12816,2011-09-05 12:41:00,2011-06-16 13:24:00,2,572.2,96,80,286.1,2,3,3,8,At Risk,6
12817,2011-03-03 16:28:00,2011-03-03 16:28:00,1,166.04,281,0,166.04,1,4,5,10,Can't Lose Them,9
12818,2011-03-23 12:06:00,2011-03-23 12:06:00,1,1542.08,262,0,1542.08,1,4,2,7,At Risk,3
12820,2011-12-06 15:12:00,2011-01-17 12:34:00,4,942.34,3,323,235.585,5,2,2,9,New / Promising,4
12821,2011-05-09 15:51:00,2011-05-09 15:51:00,1,92.72,214,0,92.72,1,4,5,10,Can't Lose Them,10
12822,2011-09-30 10:04:00,2011-09-13 13:46:00,2,948.88,71,16,474.44,3,3,2,8,Needs Attention,4
12823,2011-09-26 07:35:00,2011-02-16 12:15:00,5,1759.5,75,221,351.9,2,2,2,6,Lost / Low Value,3
12824,2011-10-11 12:49:00,2011-10-11 12:49:00,1,397.12,60,0,397.12,3,4,4,11,Needs Attention,7
12826,2011-12-07 10:25:00,2010-12-09 15:21:00,7,1474.72,3,362,210.67428571428573,5,1,2,8,New / Promising,3
12827,2011-12-04 12:17:00,2011-10-26 15:44:00,3,430.15000000000003,6,38,143.38333333333335,5,2,4,11,Needs Attention,7
12828,2011-12-07 08:45:00,2011-08-01 16:16:00,6,1018.71,3,127,169.785,5,1,2,8,New / Promising,4
12829,2011-01-07 11:13:00,2010-12-14 14:54:00,2,293.0,337,23,146.5,1,3,4,8,At Risk,8
12830,2011-11-02 11:54:00,2011-06-21 10:53:00,6,6814.64,38,134,1135.7733333333333,3,1,1,5,Needs Attention,1
12831,2011-03-22 13:02:00,2011-03-22 13:02:00,1,215.05,262,0,215.05,1,4,5,10,Can't Lose Them,9
12832,2011-11-07 13:30:00,2011-09-02 13:48:00,2,383.03,32,65,191.515,4,3,4,11,Needs Attention,7
12833,2011-07-17 13:46:00,2011-07-17 13:46:00,1,417.38,145,0,417.38,2,4,4,10,Can't Lose Them,7
12834,2011-03-02 09:49:00,2011-03-02 09:49:00,1,312.38,283,0,312.38,1,4,4,9,Can't Lose Them,8
12836,2011-10-11 15:10:00,2011-02-01 11:19:00,4,2610.36,59,252,652.59,3,2,1,6,Needs Attention,2
12837,2011-06-19 16:07:00,2011-06-19 16:07:00,1,134.1,173,0,134.1,2,4,5,11,Can't Lose Them,10
12838,2011-11-06 12:20:00,2010-12-01 11:57:00,2,671.95,34,340,335.975,3,3,3,9,Needs Attention,5
12839,2011-12-07 12:33:00,2010-12-07 15:48:00,14,5591.42,3,364,399.38714285714286,5,1,1,7,New / Promising,1
12840,2011-07-19 09:29:00,2011-04-27 12:21:00,4,2726.77,144,82,681.6925,2,2,1,5,Lost / Low Value,2
12841,2011-12-05 11:13:00,2010-12-03 10:43:00,25,3991.58,5,367,159.6632,5,1,1,7,New / Promising,1
12842,2011-09-30 15:33:00,2011-02-04 12:36:00,2,1118.99,70,238,559.495,3,3,2,8,Needs Attention,4
12843,2011-10-05 12:09:00,2011-03-20 14:38:00,8,1702.26,66,198,212.7825,3,1,2,6,Needs Attention,3
12844,2011-11-10 13:31:00,2011-08-01 13:11:00,2,325.96000000000004,29,101,162.98000000000002,4,3,4,11,Needs Attention,8
12845,2011-03-17 13:34:00,2011-02-22 14:10:00,4,354.09,267,22,88.5225,1,2,4,7,Lost / Low Value,7
12847,2011-11-17 13:16:00,2011-11-17 13:16:00,1,843.64,22,0,843.64,4,4,3,11,Loyal,5
12849,2011-11-08 13:41:00,2011-03-16 12:26:00,2,1010.29,31,237,505.145,4,3,2,9,Needs Attention,4
12851,2011-09-04 12:41:00,2011-09-04 12:41:00,1,131.81,97,0,131.81,2,4,5,11,Can't Lose Them,10
12852,2011-02-18 08:47:00,2011-02-18 08:47:00,1,311.55,295,0,311.55,1,4,4,9,Can't Lose Them,8
12853,2011-07-28 11:29:00,2011-01-28 10:28:00,6,1957.1000000000001,135,181,326.18333333333334,2,1,2,5,Lost / Low Value,3
12854,2011-09-22 12:15:00,2011-01-25 13:35:00,3,1316.25,79,239,438.75,2,2,2,6,Lost / Low Value,4
12855,2010-12-02 09:37:00,2010-12-02 09:37:00,1,38.1,373,0,38.1,1,4,5,10,Can't Lose Them,10
12856,2011-12-02 10:52:00,2011-10-07 12:38:00,6,2170.78,8,55,361.7966666666667,5,1,1,7,New / Promising,2
12857,2011-05-13 10:20:00,2011-02-10 12:32:00,2,1106.4,211,91,553.2,1,3,2,6,At Risk,4
12863,2011-10-18 14:15:00,2011-10-18 14:15:00,1,521.2,52,0,521.2,3,4,3,10,Needs Attention,6
12864,2011-07-24 13:03:00,2011-07-24 13:03:00,1,147.12,138,0,147.12,2,4,5,11,Can't Lose Them,10
12865,2011-11-13 14:31:00,2011-08-08 10:11:00,2,1568.23,26,97,784.115,4,3,2,9,Needs Attention,3
12866,2011-03-01 14:11:00,2011-03-01 14:11:00,1,559.12,283,0,559.12,1,4,3,8,At Risk,6
12867,2011-11-13 15:30:00,2010-12-14 16:39:00,7,4009.34,26,333,572.7628571428571,4,1,1,6,New / Promising,1
12868,2011-06-07 10:42:00,2010-12-01 12:50:00,6,1607.0600000000002,186,187,267.84333333333336,1,1,2,4,Lost / Low Value,3
12871,2011-09-16 15:07:00,2011-05-16 13:32:00,2,380.64,84,123,190.32,2,3,4,9,At Risk,7
12872,2011-01-17 10:52:00,2010-12-09 14:44:00,2,599.97,327,38,299.985,1,3,3,7,At Risk,6
12873,2011-03-02 14:58:00,2011-03-02 14:58:00,1,374.0,282,0,374.0,1,4,4,9,Can't Lose Them,7
12875,2011-07-19 15:30:00,2010-12-12 12:03:00,2,343.2300000000001,143,219,171.61500000000004,2,3,4,9,At Risk,8
12876,2011-10-13 12:26:00,2011-05-27 13:34:00,2,2218.02,58,138,1109.01,3,3,1,7,Needs Attention,2
12877,2011-12-06 10:30:00,2010-12-16 12:23:00,12,1535.77,4,354,127.98083333333334,5,1,2,8,New / Promising,3
12878,2011-04-17 13:07:00,2011-03-18 14:02:00,2,854.99,236,29,427.495,1,3,3,7,At Risk,5
12879,2011-10-26 12:24:00,2011-09-09 12:11:00,3,573.22,45,47,191.07333333333335,3,2,3,8,Needs Attention,6
12881,2011-03-09 11:44:00,2011-03-09 11:44:00,1,298.0,276,0,298.0,1,4,4,9,Can't Lose Them,8
12882,2011-11-30 16:18:00,2011-11-06 11:22:00,2,1463.04,9,24,731.52,5,3,2,10,Needs Attention,3
12883,2011-11-15 09:32:00,2011-09-11 15:18:00,4,703.47,25,64,175.8675,4,2,3,9,New / Promising,5
12884,2011-09-12 13:10:00,2011-09-12 13:10:00,1,309.05,88,0,309.05,2,4,4,10,Can't Lose Them,8
12885,2011-10-07 13:40:00,2011-08-08 11:45:00,3,1175.22,63,60,391.74,3,2,2,7,Needs Attention,4
12886,2011-10-03 10:09:00,2011-05-04 11:21:00,2,1378.4,68,151,689.2,3,3,2,8,Needs Attention,3
12888,2011-05-09 16:02:00,2011-03-29 14:31:00,2,354.12,214,41,177.06,1,3,4,8,At Risk,7
12890,2011-11-15 17:26:00,2011-11-15 17:26:00,1,376.71999999999997,24,0,376.71999999999997,4,4,4,12,Champions,7
12891,2011-06-07 12:31:00,2011-02-20 11:28:00,3,331.0,186,107,110.33333333333333,1,2,4,7,Lost / Low Value,8
12893,2011-11-09 12:34:00,2011-11-09 12:34:00,1,176.55,31,0,176.55,4,4,5,13,Champions,9
12895,2011-10-28 13:51:00,2011-09-14 08:35:00,2,372.8,42,44,186.4,3,3,4,10,Needs Attention,7
12897,2011-05-19 12:13:00,2011-02-11 11:40:00,2,216.5,205,97,108.25,1,3,5,9,At Risk,9
12901,2011-12-01 10:07:00,2011-03-14 10:41:00,28,17654.54,9,261,630.5192857142857,5,1,1,7,New / Promising,1
12902,2011-03-20 12:06:00,2011-03-20 12:06:00,1,138.68,265,0,138.68,1,4,5,10,Can't Lose Them,10
12904,2011-11-21 14:34:00,2011-06-20 13:18:00,2,496.06,18,154,248.03,4,3,3,10,Needs Attention,6
12906,2011-11-28 09:55:00,2011-09-22 15:03:00,5,2919.81,12,66,583.962,5,2,1,8,New / Promising,2
12908,2011-06-16 15:39:00,2011-01-31 12:37:00,2,750.0,176,136,375.0,2,3,3,8,At Risk,5
12909,2011-10-31 12:43:00,2011-03-31 12:51:00,5,2178.67,40,213,435.73400000000004,3,2,1,6,Needs Attention,2
12910,2011-11-16 14:28:00,2011-04-12 10:01:00,8,3075.04,23,218,384.38,4,1,1,6,New / Promising,2
12912,2011-12-07 08:55:00,2011-10-30 11:35:00,5,1662.3,3,37,332.46,5,2,2,9,New / Promising,3
12913,2011-12-05 12:11:00,2010-12-06 16:36:00,5,2483.63,5,363,496.726,5,2,1,8,New / Promising,2
12915,2011-07-14 11:34:00,2010-12-02 12:33:00,2,363.65,149,223,181.825,2,3,4,9,At Risk,7
12916,2011-07-24 10:35:00,2011-01-23 10:43:00,4,2944.95,139,181,736.2375,2,2,1,5,Lost / Low Value,2
12917,2011-08-03 16:42:00,2011-08-03 16:42:00,1,594.0,128,0,594.0,2,4,3,9,At Risk,6
12919,2011-12-01 13:47:00,2011-06-23 09:22:00,6,1335.19,8,161,222.53166666666667,5,1,2,8,New / Promising,4
12920,2011-11-22 15:05:00,2011-11-22 15:05:00,1,162.78,17,0,162.78,4,4,5,13,Champions,9
12921,2011-11-30 16:22:00,2010-12-01 15:06:00,37,16587.09,9,364,448.29972972972973,5,1,1,7,New / Promising,1
12922,2011-07-01 15:35:00,2011-07-01 15:35:00,1,405.38,161,0,405.38,2,4,4,10,Can't Lose Them,7
12923,2011-10-06 16:20:00,2011-10-06 16:20:00,1,172.82,64,0,172.82,3,4,5,12,Needs Attention,9
12924,2011-09-12 13:55:00,2011-01-16 11:49:00,4,933.7,88,239,233.425,2,2,2,6,Lost / Low Value,4
12925,2011-12-05 11:11:00,2011-09-26 11:05:00,2,694.05,5,70,347.025,5,3,3,11,Needs Attention,5
12928,2011-11-04 14:24:00,2010-12-15 15:45:00,5,2062.7000000000003,35,323,412.5400000000001,3,2,1,6,Needs Attention,2
12929,2011-02-01 12:08:00,2011-02-01 12:08:00,1,117.85,312,0,117.85,1,4,5,10,Can't Lose Them,10
12930,2011-09-22 15:18:00,2011-06-21 13:25:00,2,415.8,78,93,207.9,2,3,4,9,At Risk,7
12931,2011-11-18 12:39:00,2010-12-17 09:45:00,15,42055.96,22,336,2803.730666666667,4,1,1,6,New / Promising,1
12933,2011-11-15 16:38:00,2011-03-01 11:30:00,3,607.53,24,259,202.51,4,2,3,9,New / Promising,6
12935,2011-12-07 17:25:00,2011-01-24 13:58:00,7,2160.7,2,317,308.6714285714285,5,1,1,7,New / Promising,2
12936,2011-11-22 17:32:00,2011-09-22 13:51:00,4,1063.9,17,61,265.975,4,2,2,8,New / Promising,4
12937,2011-11-24 15:05:00,2011-03-17 14:19:00,4,1504.27,15,252,376.0675,4,2,2,8,New / Promising,3
12938,2011-11-14 11:21:00,2011-11-14 11:21:00,1,114.14,26,0,114.14,4,4,5,13,Champions,10
12939,2011-10-06 14:33:00,2011-01-09 11:20:00,8,11581.8,64,270,1447.725,3,1,1,5,Needs Attention,1
12940,2011-10-16 12:09:00,2011-09-13 10:16:00,2,899.69,55,33,449.845,3,3,3,9,Needs Attention,5
12942,2011-07-31 14:39:00,2010-12-09 09:34:00,3,675.6,131,234,225.20000000000002,2,2,3,7,Lost / Low Value,5
12944,2011-11-04 11:04:00,2010-12-20 10:41:00,2,604.51,36,319,302.255,3,3,3,9,Needs Attention,6
12945,2011-02-24 14:15:00,2011-02-24 14:15:00,1,462.95,288,0,462.95,1,4,4,9,Can't Lose Them,7
12947,2011-07-19 10:06:00,2010-12-01 16:21:00,6,1603.99,144,229,267.33166666666665,2,1,2,5,Lost / Low Value,3
12948,2011-11-23 17:10:00,2011-03-20 10:17:00,7,2064.95,16,248,294.99285714285713,4,1,1,6,New / Promising,2
12949,2011-11-09 11:25:00,2011-04-01 13:20:00,8,4167.22,31,221,520.9025,4,1,1,6,New / Promising,1
12950,2011-12-07 13:17:00,2011-11-15 13:48:00,3,1843.0,2,21,614.3333333333334,5,2,2,9,New / Promising,3
12951,2011-12-01 12:14:00,2011-01-13 10:33:00,6,1064.07,9,322,177.345,5,1,2,8,New / Promising,4
12952,2011-12-04 10:35:00,2011-09-22 16:37:00,4,1387.79,6,72,346.9475,5,2,2,9,New / Promising,3
12953,2011-11-30 09:24:00,2011-11-30 09:24:00,1,329.85,10,0,329.85,5,4,4,13,Champions,8
12955,2011-12-08 16:29:00,2011-03-17 09:03:00,11,4757.16,1,266,432.4690909090909,5,1,1,7,New / Promising,1
12956,2011-02-06 16:08:00,2011-02-06 16:08:00,1,108.07,306,0,108.07,1,4,5,10,Can't Lose Them,10
12957,2011-11-30 09:53:00,2011-01-04 12:18:00,8,4017.54,10,329,502.1925,5,1,1,7,New / Promising,1
12962,2011-12-02 15:55:00,2011-08-18 13:38:00,2,266.39,7,106,133.195,5,3,4,12,Needs Attention,8
12963,2011-12-01 12:55:00,2010-12-09 09:14:00,8,1856.63,8,357,232.07875,5,1,2,8,New / Promising,3
12965,2011-09-11 15:31:00,2011-09-11 15:31:00,1,769.8100000000001,89,0,769.8100000000001,2,4,3,9,At Risk,5
12966,2011-11-30 12:38:00,2011-11-30 12:38:00,1,160.18,10,0,160.18,5,4,5,14,Champions,9
12967,2010-12-16 19:10:00,2010-12-03 09:49:00,2,1660.9,358,13,830.45,1,3,2,6,At Risk,3
12968,2011-08-19 15:44:00,2011-08-19 15:44:00,1,135.95,112,0,135.95,2,4,5,11,Can't Lose Them,10
12970,2011-12-02 14:30:00,2011-01-21 14:04:00,4,405.47,7,315,101.3675,5,2,4,11,Needs Attention,7
12971,2011-12-06 12:20:00,2010-12-02 16:42:00,86,11189.91,4,368,130.11523255813952,5,1,1,7,New / Promising,1
12974,2011-05-26 09:33:00,2011-05-26 09:33:00,1,144.8,198,0,144.8,1,4,5,10,Can't Lose Them,10
12976,2011-05-12 09:55:00,2011-05-12 09:55:00,1,738.6,212,0,738.6,1,4,3,8,At Risk,5
12977,2011-07-06 16:40:00,2011-07-06 16:40:00,1,39.239999999999995,156,0,39.239999999999995,2,4,5,11,Can't Lose Them,10
12980,2011-07-05 09:34:00,2010-12-16 11:36:00,9,7374.900000000001,158,200,819.4333333333334,2,1,1,4,Lost / Low Value,1
12981,2011-11-10 12:00:00,2011-07-29 14:14:00,2,372.21999999999997,30,103,186.10999999999999,4,3,4,11,Needs Attention,7
12982,2011-04-11 11:51:00,2011-04-11 11:51:00,1,390.54,243,0,390.54,1,4,4,9,Can't Lose Them,7
12984,2011-11-21 12:37:00,2011-11-21 12:37:00,1,97.5,19,0,97.5,4,4,5,13,Champions,10
12985,2011-12-09 10:46:00,2011-11-11 12:44:00,2,1239.38,1,27,619.69,5,3,2,10,Needs Attention,4
12987,2011-09-27 12:03:00,2011-05-26 12:00:00,2,558.7,74,124,279.35,2,3,3,8,At Risk,6
12988,2011-02-20 14:31:00,2011-02-20 14:31:00,1,505.82,292,0,505.82,1,4,3,8,At Risk,6
12989,2011-12-06 15:28:00,2010-12-10 13:24:00,15,6924.110000000001,3,361,461.6073333333334,5,1,1,7,New / Promising,1
12990,2011-11-08 13:01:00,2011-02-02 15:39:00,3,409.5,31,278,136.5,4,2,4,10,Needs Attention,7
12991,2011-11-16 15:34:00,2011-08-19 14:39:00,2,503.76,23,89,251.88,4,3,3,10,Needs Attention,6
12993,2011-11-16 15:49:00,2011-02-14 14:29:00,4,414.76,23,275,103.69,4,2,4,10,Needs Attention,7
12994,2011-12-05 15:43:00,2011-03-16 08:31:00,3,974.4200000000001,4,264,324.8066666666667,5,2,2,9,New / Promising,4
12995,2011-09-15 15:44:00,2011-09-15 15:44:00,1,211.32,85,0,211.32,2,4,5,11,Can't Lose Them,9
12997,2011-11-17 15:47:00,2011-01-26 15:49:00,4,1226.89,22,294,306.7225,4,2,2,8,New / Promising,4
12999,2011-05-27 13:24:00,2011-04-08 10:26:00,3,455.88,196,49,151.96,1,2,4,7,Lost / Low Value,7
13000,2011-08-25 10:43:00,2010-12-10 10:26:00,3,534.85,107,258,178.28333333333333,2,2,3,7,Lost / Low Value,6
13001,2011-12-05 14:51:00,2011-01-17 12:45:00,13,9785.970000000001,4,322,752.7669230769231,5,1,1,7,New / Promising,1
13002,2011-01-25 15:18:00,2011-01-25 15:18:00,1,120.94999999999999,318,0,120.94999999999999,1,4,5,10,Can't Lose Them,10
13003,2011-08-26 10:50:00,2011-05-09 08:23:00,3,149.05,106,109,49.68333333333334,2,2,5,9,Lost / Low Value,10
13004,2011-11-28 11:27:00,2010-12-17 08:20:00,18,5655.91,12,346,314.21722222222223,5,1,1,7,New / Promising,1
13005,2011-06-19 10:53:00,2011-04-07 13:32:00,2,513.7,174,72,256.85,2,3,3,8,At Risk,6
13006,2011-10-14 13:49:00,2011-10-14 13:49:00,1,81.57,56,0,81.57,3,4,5,12,Needs Attention,10
13008,2011-01-20 14:24:00,2011-01-20 14:24:00,1,229.46999999999997,323,0,229.46999999999997,1,4,5,10,Can't Lose Them,9
13011,2010-12-02 17:22:00,2010-12-02 17:22:00,1,50.550000000000004,372,0,50.550000000000004,1,4,5,10,Can't Lose Them,10
13012,2011-11-30 13:05:00,2011-02-18 09:43:00,8,1646.8400000000001,9,285,205.85500000000002,5,1,2,8,New / Promising,3
13013,2011-12-08 15:01:00,2010-12-03 12:28:00,13,4810.9400000000005,1,370,370.07230769230773,5,1,1,7,New / Promising,1
13014,2011-11-29 12:27:00,2011-03-03 18:28:00,10,3466.2799999999997,11,270,346.628,5,1,1,7,New / Promising,2
13015,2011-10-17 13:19:00,2011-04-04 14:28:00,5,3339.64,53,195,667.928,3,2,1,6,Needs Attention,2
13016,2011-09-27 14:08:00,2011-08-08 15:00:00,3,789.89,73,49,263.2966666666667,2,2,3,7,Lost / Low Value,5
13017,2011-12-02 15:53:00,2011-12-02 15:53:00,1,204.0,7,0,204.0,5,4,5,14,Champions,9
13018,2011-11-23 13:28:00,2011-02-17 11:05:00,28,7277.7,16,279,259.91785714285714,4,1,1,6,New / Promising,1
13021,2011-12-05 16:37:00,2010-12-16 10:12:00,9,2616.38,4,354,290.7088888888889,5,1,1,7,New / Promising,2
13023,2011-10-06 16:27:00,2011-08-02 09:34:00,2,689.9,64,65,344.95,3,3,3,9,Needs Attention,5
13026,2011-12-08 16:58:00,2011-03-09 11:35:00,5,975.36,1,274,195.072,5,2,2,9,New / Promising,4
13027,2011-08-18 09:39:00,2010-12-20 12:45:00,6,6912.0,114,240,1152.0,2,1,1,4,Lost / Low Value,1
13028,2011-11-17 11:10:00,2011-10-25 14:09:00,2,661.3199999999999,23,22,330.65999999999997,4,3,3,10,Needs Attention,6
13029,2011-11-09 09:13:00,2010-12-21 13:53:00,3,1247.5,31,322,415.8333333333333,4,2,2,8,New / Promising,4
13030,2011-11-28 14:30:00,2010-12-06 14:31:00,2,752.4399999999999,11,356,376.21999999999997,5,3,3,11,Needs Attention,5
13032,2011-10-18 15:54:00,2011-09-13 16:40:00,2,1010.18,52,34,505.09,3,3,2,8,Needs Attention,4
13033,2010-12-17 14:23:00,2010-12-17 14:23:00,1,190.55,357,0,190.55,1,4,5,10,Can't Lose Them,9
13034,2011-10-16 12:21:00,2010-12-05 14:52:00,2,642.77,55,314,321.385,3,3,3,9,Needs Attention,6
13035,2011-09-27 08:57:00,2011-03-24 09:21:00,2,921.88,74,186,460.94,2,3,3,8,At Risk,5
13037,2011-07-24 15:46:00,2011-03-28 15:42:00,3,881.07,138,118,293.69,2,2,3,7,Lost / Low Value,5
13038,2011-09-20 14:37:00,2011-02-22 11:43:00,3,908.46,80,210,302.82,2,2,3,7,Lost / Low Value,5
13040,2011-12-01 10:38:00,2011-11-06 13:53:00,2,676.99,9,24,338.495,5,3,3,11,Needs Attention,5
13043,2011-03-11 14:52:00,2011-03-11 14:52:00,1,516.42,273,0,516.42,1,4,3,8,At Risk,6
13044,2011-02-21 15:20:00,2011-02-21 15:20:00,1,560.47,291,0,560.47,1,4,3,8,At Risk,6
13045,2011-09-01 15:04:00,2011-09-01 15:04:00,1,305.28000000000003,99,0,305.28000000000003,2,4,4,10,Can't Lose Them,8
13046,2011-11-09 08:36:00,2011-03-18 15:43:00,2,629.31,31,235,314.655,4,3,3,10,Needs Attention,6
13047,2011-11-08 12:06:00,2010-12-01 08:34:00,10,3237.54,32,342,323.754,4,1,1,6,New / Promising,2
13048,2011-11-25 13:23:00,2011-01-16 14:36:00,4,1819.41,14,312,454.8525,4,2,2,8,New / Promising,3
13049,2011-10-06 15:31:00,2011-01-25 16:33:00,2,656.6800000000001,64,253,328.34000000000003,3,3,3,9,Needs Attention,6
13050,2011-11-25 09:18:00,2010-12-08 09:30:00,17,5836.86,15,351,343.3447058823529,4,1,1,6,New / Promising,1
13052,2011-05-11 14:12:00,2011-05-11 14:12:00,1,348.15000000000003,212,0,348.15000000000003,1,4,4,9,Can't Lose Them,8
13055,2011-09-22 14:26:00,2011-05-10 08:58:00,3,1214.41,78,135,404.80333333333334,2,2,2,6,Lost / Low Value,4
13058,2011-11-15 12:43:00,2011-07-11 12:01:00,3,271.40000000000003,25,127,90.46666666666668,4,2,4,10,Needs Attention,8
13059,2011-04-04 10:40:00,2011-04-04 10:40:00,1,183.4,250,0,183.4,1,4,5,10,Can't Lose Them,9
13060,2011-03-31 11:37:00,2011-03-31 11:37:00,1,307.53,254,0,307.53,1,4,4,9,Can't Lose Them,8
13061,2011-09-28 16:04:00,2011-09-28 16:04:00,1,248.61,72,0,248.61,3,4,5,12,Needs Attention,9
13062,2011-06-01 15:12:00,2011-06-01 15:12:00,1,346.98,191,0,346.98,1,4,4,9,Can't Lose Them,8
13064,2011-11-27 12:31:00,2011-01-16 13:41:00,4,1105.59,13,314,276.3975,5,2,2,9,New / Promising,4
13065,2010-12-01 16:52:00,2010-12-01 16:52:00,1,205.86,373,0,205.86,1,4,5,10,Can't Lose Them,9
13066,2011-11-15 12:57:00,2011-11-07 17:06:00,2,470.8,24,7,235.4,4,3,4,11,Needs Attention,7
13067,2011-09-18 13:38:00,2011-09-18 13:38:00,1,115.46000000000001,82,0,115.46000000000001,2,4,5,11,Can't Lose Them,10
13068,2011-11-29 15:00:00,2011-01-24 08:20:00,2,344.0,10,309,172.0,5,3,4,12,Needs Attention,8
13069,2011-12-09 08:39:00,2010-12-05 11:02:00,24,4431.44,1,368,184.64333333333332,5,1,1,7,New / Promising,1
13070,2011-05-31 13:45:00,2011-05-31 13:45:00,1,228.8,192,0,228.8,1,4,5,10,Can't Lose Them,9
13072,2011-03-18 08:12:00,2011-03-18 08:12:00,1,177.15,267,0,177.15,1,4,5,10,Can't Lose Them,9
13075,2011-08-02 10:19:00,2011-08-02 10:19:00,1,919.61,130,0,919.61,2,4,3,9,At Risk,5
13077,2011-12-08 19:24:00,2010-12-08 14:59:00,4,728.02,1,365,182.005,5,2,3,10,New / Promising,5
13078,2011-12-06 15:36:00,2010-12-08 09:07:00,26,12627.94,3,363,485.69,5,1,1,7,New / Promising,1
13079,2011-12-05 16:53:00,2011-07-22 14:41:00,5,220.10000000000002,4,136,44.02,5,2,5,12,Needs Attention,9
13080,2011-06-13 14:59:00,2011-06-13 14:59:00,1,58.08,179,0,58.08,2,4,5,11,Can't Lose Them,10
13081,2011-11-28 10:54:00,2010-12-03 17:20:00,11,28337.38,12,359,2576.1254545454544,5,1,1,7,New / Promising,1
13082,2011-08-05 16:16:00,2011-01-05 15:42:00,9,3613.63,126,212,401.51444444444445,2,1,1,4,Lost / Low Value,2
13083,2011-12-05 15:01:00,2011-09-25 10:46:00,2,303.75,4,71,151.875,5,3,4,12,Needs Attention,8
13085,2011-07-05 12:11:00,2011-02-17 13:57:00,2,416.08000000000004,158,137,208.04000000000002,2,3,4,9,At Risk,7
13089,2011-12-07 09:02:00,2010-12-05 10:27:00,97,58762.08,3,366,605.7946391752578,5,1,1,7,New / Promising,1
13090,2011-12-01 12:39:00,2010-12-02 07:48:00,14,8910.82,9,364,636.4871428571429,5,1,1,7,New / Promising,1
13091,2011-11-11 15:54:00,2011-11-11 15:54:00,1,345.82,28,0,345.82,4,4,4,12,Champions,8
13092,2011-09-30 11:18:00,2010-12-15 12:27:00,5,477.83,71,288,95.566,3,2,4,9,Needs Attention,7
13093,2011-03-09 12:14:00,2010-12-01 15:00:00,8,7832.47,276,97,979.05875,1,1,1,3,Lost / Low Value,1
13094,2011-11-18 14:07:00,2010-12-06 10:34:00,12,1927.3200000000002,21,347,160.61,4,1,2,7,New / Promising,3
13095,2011-09-30 12:03:00,2011-09-30 12:03:00,1,74.39999999999999,71,0,74.39999999999999,3,4,5,12,Needs Attention,10
13097,2011-11-07 10:43:00,2010-12-14 15:13:00,10,6003.22,33,327,600.322,4,1,1,6,New / Promising,1
13098,2011-12-08 14:14:00,2011-01-26 13:46:00,28,28882.44,1,316,1031.5157142857142,5,1,1,7,New / Promising,1
13099,2011-09-01 17:40:00,2011-09-01 17:40:00,1,207.35999999999999,99,0,207.35999999999999,2,4,5,11,Can't Lose Them,9
13101,2011-04-19 14:37:00,2011-04-19 14:37:00,1,101.19,234,0,101.19,1,4,5,10,Can't Lose Them,10
13102,2011-12-08 12:52:00,2010-12-09 13:38:00,24,6424.09,1,363,267.67041666666665,5,1,1,7,New / Promising,1
13103,2011-10-31 09:38:00,2011-10-31 09:38:00,1,243.94,40,0,243.94,3,4,5,12,Needs Attention,9
13104,2011-12-06 13:10:00,2010-12-20 11:58:00,6,1098.48,3,351,183.08,5,1,2,8,New / Promising,4
13106,2011-07-29 15:12:00,2011-07-29 15:12:00,1,76.5,133,0,76.5,2,4,5,11,Can't Lose Them,10
13107,2011-10-26 14:52:00,2011-01-10 12:28:00,4,1531.6200000000001,44,289,382.90500000000003,3,2,2,7,Needs Attention,3
13108,2010-12-02 10:35:00,2010-12-02 10:35:00,1,350.06,373,0,350.06,1,4,4,9,Can't Lose Them,7
13109,2011-10-11 10:16:00,2011-07-05 14:56:00,2,786.54,60,97,393.27,3,3,3,9,Needs Attention,5
13110,2011-11-08 14:30:00,2011-02-01 15:24:00,7,1488.67,31,279,212.66714285714286,4,1,2,7,New / Promising,3
13113,2011-12-09 12:49:00,2010-12-08 13:21:00,24,12245.960000000001,1,365,510.2483333333334,5,1,1,7,New / Promising,1
13115,2011-11-28 12:38:00,2011-06-08 16:15:00,4,2294.78,12,172,573.695,5,2,1,8,New / Promising,2
13116,2011-07-24 14:33:00,2011-07-24 14:33:00,1,501.14,138,0,501.14,2,4,3,9,At Risk,6
13117,2011-11-18 12:02:00,2010-12-02 13:11:00,8,984.91,22,350,123.11375,4,1,2,7,New / Promising,4
13118,2011-11-20 12:46:00,2011-02-24 12:32:00,5,1197.81,20,269,239.56199999999998,4,2,2,8,New / Promising,4
13120,2011-04-15 10:19:00,2011-04-15 10:19:00,1,30.599999999999998,239,0,30.599999999999998,1,4,5,10,Can't Lose Them,10
13121,2011-03-15 16:47:00,2011-03-15 16:47:00,1,283.73,269,0,283.73,1,4,4,9,Can't Lose Them,8
13122,2011-09-06 15:53:00,2011-04-13 14:12:00,2,922.39,94,146,461.195,2,3,3,8,At Risk,5
13124,2011-09-11 12:45:00,2010-12-15 15:00:00,3,3756.33,90,269,1252.11,2,2,1,5,Lost / Low Value,1
13126,2011-12-05 10:00:00,2010-12-08 11:42:00,8,2099.64,5,361,262.455,5,1,1,7,New / Promising,2
13127,2011-09-23 10:26:00,2011-09-23 10:26:00,1,259.17,78,0,259.17,2,4,4,10,Can't Lose Them,8
13130,2011-09-06 15:30:00,2011-09-06 15:30:00,1,64.0,94,0,64.0,2,4,5,11,Can't Lose Them,10
13131,2011-11-16 13:21:00,2011-06-05 10:54:00,3,1073.3,23,164,357.76666666666665,4,2,2,8,New / Promising,4
13132,2011-03-23 12:44:00,2011-03-23 12:44:00,1,77.3,262,0,77.3,1,4,5,10,Can't Lose Them,10
13133,2011-03-11 10:31:00,2011-02-08 15:48:00,2,109.8,274,30,54.9,1,3,5,9,At Risk,10
13134,2011-09-15 10:35:00,2011-04-13 12:57:00,4,1793.58,86,154,448.395,2,2,2,6,Lost / Low Value,3
13135,2011-05-27 10:52:00,2011-05-27 10:52:00,1,3096.0,197,0,3096.0,1,4,1,6,At Risk,2
13136,2011-10-14 13:41:00,2011-05-11 12:47:00,5,2607.61,56,156,521.522,3,2,1,6,Needs Attention,2
13137,2011-11-29 12:09:00,2011-02-04 11:54:00,8,3603.29,11,298,450.41125,5,1,1,7,New / Promising,2
13138,2011-11-17 16:51:00,2010-12-02 15:03:00,6,962.39,22,350,160.39833333333334,4,1,2,7,New / Promising,4
13139,2011-11-23 13:54:00,2011-03-25 11:57:00,7,5064.94,16,243,723.5628571428571,4,1,1,6,New / Promising,1
13140,2011-08-23 15:33:00,2010-12-08 15:12:00,3,422.47,108,258,140.82333333333335,2,2,4,8,Lost / Low Value,7
13141,2011-09-16 09:54:00,2011-01-28 13:04:00,5,2388.75,85,230,477.75,2,2,1,5,Lost / Low Value,2
13142,2011-11-20 16:07:00,2011-11-20 16:07:00,1,307.09,19,0,307.09,4,4,4,12,Champions,8
13144,2011-01-11 11:15:00,2011-01-11 11:15:00,1,110.95,333,0,110.95,1,4,5,10,Can't Lose Them,10
13145,2011-10-31 12:45:00,2010-12-02 18:06:00,4,618.52,40,332,154.63,3,2,3,8,Needs Attention,6
13146,2011-11-13 15:29:00,2011-11-13 15:29:00,1,228.91,26,0,228.91,4,4,5,13,Champions,9
13147,2011-11-29 13:59:00,2011-09-01 12:28:00,4,712.8000000000001,10,89,178.20000000000002,5,2,3,10,New / Promising,5
13148,2011-11-10 15:23:00,2010-12-10 13:06:00,12,3683.26,29,335,306.93833333333333,4,1,1,6,New / Promising,1
13149,2011-11-25 13:09:00,2011-02-23 13:57:00,4,1676.06,14,274,419.015,4,2,2,8,New / Promising,3
13151,2011-02-17 12:29:00,2011-02-17 12:29:00,1,1257.8700000000001,296,0,1257.8700000000001,1,4,2,7,At Risk,4
13153,2011-12-04 12:14:00,2011-12-04 12:14:00,1,486.22,6,0,486.22,5,4,4,13,Champions,7
13155,2011-11-06 15:41:00,2010-12-06 12:44:00,4,971.76,33,335,242.94,3,2,2,7,Needs Attention,4
13157,2011-10-21 13:50:00,2011-02-14 14:03:00,4,1741.22,49,248,435.305,3,2,2,7,Needs Attention,3
13158,2011-09-06 11:58:00,2011-01-25 09:58:00,4,1201.06,95,224,300.265,2,2,2,6,Lost / Low Value,4
13159,2011-12-01 11:20:00,2011-08-16 11:44:00,4,1429.35,9,106,357.3375,5,2,2,9,New / Promising,3
13160,2011-11-17 13:07:00,2011-11-17 13:07:00,1,91.8,22,0,91.8,4,4,5,13,Champions,10
13161,2011-01-30 14:03:00,2011-01-30 14:03:00,1,112.75,313,0,112.75,1,4,5,10,Can't Lose Them,10
13162,2011-08-09 15:59:00,2011-01-09 10:43:00,4,1688.29,122,212,422.0725,2,2,2,6,Lost / Low Value,3
13165,2011-10-24 15:05:00,2010-12-23 14:06:00,2,1021.48,46,305,510.74,3,3,2,8,Needs Attention,4
13166,2011-03-01 15:16:00,2011-03-01 15:16:00,1,417.2,283,0,417.2,1,4,4,9,Can't Lose Them,7
13167,2011-11-21 12:24:00,2011-07-19 12:13:00,4,791.33,19,125,197.8325,4,2,3,9,New / Promising,5
13168,2011-11-03 12:56:00,2011-01-25 13:55:00,4,1299.59,36,281,324.8975,3,2,2,7,Needs Attention,4
13169,2011-10-07 12:11:00,2011-04-01 14:24:00,2,712.88,64,188,356.44,3,3,3,9,Needs Attention,5
13170,2011-11-13 12:19:00,2011-11-13 12:19:00,1,108.81,27,0,108.81,4,4,5,13,Champions,10
13171,2011-11-18 10:27:00,2011-02-13 14:16:00,3,468.41,22,277,156.13666666666668,4,2,4,10,Needs Attention,7
13173,2011-12-05 15:51:00,2010-12-07 14:30:00,2,353.65,4,363,176.825,5,3,4,12,Needs Attention,7
13174,2011-11-23 14:35:00,2010-12-05 16:24:00,3,2742.82,16,352,914.2733333333334,4,2,1,7,New / Promising,2
13176,2011-10-24 15:43:00,2011-10-24 15:43:00,1,481.49,46,0,481.49,3,4,4,11,Needs Attention,7
13177,2011-10-06 09:56:00,2011-10-06 09:56:00,1,282.45,65,0,282.45,3,4,4,11,Needs Attention,8
13178,2011-11-13 16:14:00,2010-12-14 12:22:00,11,5725.47,26,334,520.4972727272727,4,1,1,6,New / Promising,1
13182,2011-10-25 13:46:00,2011-10-25 13:46:00,1,121.18,45,0,121.18,3,4,5,12,Needs Attention,10
13183,2011-12-02 10:30:00,2011-01-09 10:50:00,9,3957.78,8,326,439.75333333333333,5,1,1,7,New / Promising,1
13184,2011-11-25 12:02:00,2011-02-22 17:25:00,10,1668.95,15,275,166.895,4,1,2,7,New / Promising,3
13185,2011-03-17 11:56:00,2011-03-17 11:56:00,1,71.4,268,0,71.4,1,4,5,10,Can't Lose Them,10
13186,2011-10-31 11:40:00,2011-08-03 09:09:00,3,1575.89,40,89,525.2966666666667,3,2,2,7,Needs Attention,3
13187,2011-01-06 18:57:00,2011-01-06 18:57:00,1,236.02,337,0,236.02,1,4,5,10,Can't Lose Them,9
13188,2011-11-28 15:28:00,2011-11-28 15:28:00,1,114.60000000000001,11,0,114.60000000000001,5,4,5,14,Champions,10
13189,2011-11-21 10:39:00,2011-08-16 13:12:00,2,260.68,19,96,130.34,4,3,4,11,Needs Attention,8
13192,2011-09-05 14:13:00,2011-05-18 14:57:00,2,911.94,95,109,455.97,2,3,3,8,At Risk,5
13193,2011-10-09 14:30:00,2011-10-09 14:30:00,1,112.08,61,0,112.08,3,4,5,12,Needs Attention,10
13194,2011-07-27 09:01:00,2011-07-27 09:01:00,1,60.7,136,0,60.7,2,4,5,11,Can't Lose Them,10
13196,2011-11-28 13:54:00,2011-03-22 14:24:00,4,1797.78,11,250,449.445,5,2,2,9,New / Promising,3
13198,2011-11-29 15:17:00,2010-12-13 09:29:00,6,3401.2400000000002,10,351,566.8733333333333,5,1,1,7,New / Promising,2
13199,2011-12-06 12:30:00,2010-12-08 10:51:00,38,9817.12,4,363,258.34526315789475,5,1,1,7,New / Promising,1
13200,2011-11-20 15:35:00,2011-08-05 14:50:00,4,870.09,19,107,217.5225,4,2,3,9,New / Promising,5
13203,2011-11-30 10:45:00,2011-04-11 14:40:00,4,869.46,10,232,217.365,5,2,3,10,New / Promising,5
13207,2011-11-24 14:52:00,2011-07-12 11:35:00,2,250.26000000000002,15,135,125.13000000000001,4,3,4,11,Needs Attention,8
13208,2011-10-12 09:54:00,2011-02-03 19:32:00,6,1217.65,59,250,202.9416666666667,3,1,2,6,Needs Attention,4
13209,2011-11-09 13:54:00,2010-12-13 10:31:00,8,5891.61,30,331,736.45125,4,1,1,6,New / Promising,1
13210,2011-09-07 08:18:00,2011-09-07 08:18:00,1,353.48,94,0,353.48,2,4,4,10,Can't Lose Them,7
13211,2011-11-29 14:43:00,2010-12-13 16:17:00,3,1095.42,10,350,365.14000000000004,5,2,2,9,New / Promising,4
13212,2011-11-20 12:40:00,2011-10-09 14:48:00,3,786.83,20,41,262.2766666666667,4,2,3,9,New / Promising,5
13213,2011-10-14 11:42:00,2011-05-24 12:22:00,5,1520.58,57,142,304.116,3,2,2,7,Needs Attention,3
13216,2011-03-17 12:18:00,2011-03-17 12:18:00,1,333.74,268,0,333.74,1,4,4,9,Can't Lose Them,8
13217,2011-08-09 15:32:00,2011-07-06 12:08:00,3,533.98,122,34,177.99333333333334,2,2,3,7,Lost / Low Value,6
13218,2011-08-04 16:59:00,2011-08-04 16:59:00,1,62.63999999999999,127,0,62.63999999999999,2,4,5,11,Can't Lose Them,10
13220,2011-09-22 13:38:00,2011-04-17 10:59:00,4,819.2900000000001,78,158,204.82250000000002,2,2,3,7,Lost / Low Value,5
13221,2011-04-13 16:58:00,2010-12-15 13:24:00,2,847.41,240,119,423.705,1,3,3,7,At Risk,5
13223,2011-05-23 13:03:00,2011-04-21 15:16:00,2,163.20000000000002,200,31,81.60000000000001,1,3,5,9,At Risk,9
13224,2011-10-10 14:55:00,2011-07-11 14:10:00,2,2155.95,60,91,1077.975,3,3,1,7,Needs Attention,2
13225,2011-12-06 13:29:00,2010-12-13 09:49:00,7,6463.84,3,358,923.4057142857143,5,1,1,7,New / Promising,1
13226,2011-03-11 14:35:00,2011-03-11 14:35:00,1,108.21000000000001,273,0,108.21000000000001,1,4,5,10,Can't Lose Them,10
13227,2011-05-22 11:47:00,2011-05-22 11:47:00,1,257.7,202,0,257.7,1,4,4,9,Can't Lose Them,8
13228,2011-09-19 14:28:00,2011-09-19 14:28:00,1,358.0,81,0,358.0,2,4,4,10,Can't Lose Them,7
13229,2011-04-28 12:07:00,2011-04-28 12:07:00,1,160.95,226,0,160.95,1,4,5,10,Can't Lose Them,9
13230,2011-12-05 16:03:00,2010-12-09 19:28:00,14,2755.63,4,360,196.8307142857143,5,1,1,7,New / Promising,2
13232,2011-11-27 10:39:00,2011-04-10 13:48:00,7,1328.35,13,230,189.7642857142857,5,1,2,8,New / Promising,4
13233,2011-09-26 13:25:00,2011-01-07 14:49:00,2,605.12,74,261,302.56,2,3,3,8,At Risk,6
13235,2011-05-11 17:13:00,2011-05-11 17:13:00,1,1031.07,212,0,1031.07,1,4,2,7,At Risk,4
13236,2011-11-15 12:50:00,2011-08-25 08:58:00,2,744.85,25,82,372.425,4,3,3,10,Needs Attention,5
13238,2011-11-22 15:37:00,2010-12-14 14:37:00,4,700.73,17,343,175.1825,4,2,3,9,New / Promising,5
13239,2011-03-23 10:25:00,2011-03-23 10:25:00,1,329.56,262,0,329.56,1,4,4,9,Can't Lose Them,8
13240,2011-09-04 14:08:00,2010-12-09 12:49:00,4,663.65,96,269,165.9125,2,2,3,7,Lost / Low Value,6
13242,2011-08-19 12:53:00,2011-05-10 12:26:00,3,270.40000000000003,112,101,90.13333333333334,2,2,4,8,Lost / Low Value,8
13243,2011-05-20 13:14:00,2011-05-20 13:14:00,1,585.12,203,0,585.12,1,4,3,8,At Risk,6
13244,2011-09-08 11:46:00,2011-09-08 11:46:00,1,121.74000000000001,93,0,121.74000000000001,2,4,5,11,Can't Lose Them,10
13245,2011-10-20 11:40:00,2011-10-20 11:40:00,1,430.5,51,0,430.5,3,4,4,11,Needs Attention,7
13246,2011-11-21 16:50:00,2011-01-13 13:36:00,6,1961.52,18,312,326.92,4,1,2,7,New / Promising,3
13247,2011-11-22 10:59:00,2011-09-18 11:31:00,4,501.12,18,64,125.28,4,2,3,9,New / Promising,6
13248,2011-08-07 12:40:00,2011-06-03 13:05:00,2,465.68,125,64,232.84,2,3,4,9,At Risk,7
13249,2011-09-08 13:26:00,2011-03-23 15:26:00,3,711.41,92,168,237.13666666666666,2,2,3,7,Lost / Low Value,5
13253,2011-07-06 10:09:00,2011-01-04 15:43:00,2,1030.4,157,182,515.2,2,3,2,7,At Risk,4
13255,2011-11-30 13:14:00,2010-12-01 11:58:00,2,399.51,9,364,199.755,5,3,4,12,Needs Attention,7
13258,2011-11-28 09:31:00,2011-05-18 13:11:00,3,672.83,12,193,224.27666666666667,5,2,3,10,New / Promising,5
13259,2011-10-09 10:48:00,2011-10-09 10:48:00,1,283.18,62,0,283.18,3,4,4,11,Needs Attention,8
13260,2011-10-09 13:21:00,2011-10-09 13:21:00,1,557.62,61,0,557.62,3,4,3,10,Needs Attention,6
13261,2011-03-16 12:22:00,2011-02-27 10:41:00,2,944.1,269,17,472.05,1,3,2,6,At Risk,4
13262,2011-03-21 15:06:00,2011-03-21 15:06:00,1,200.29,263,0,200.29,1,4,5,10,Can't Lose Them,9
13263,2011-12-08 13:59:00,2011-01-18 16:31:00,35,7436.93,1,323,212.48371428571429,5,1,1,7,New / Promising,1
13265,2011-10-17 15:02:00,2011-03-11 09:54:00,5,2092.66,53,220,418.532,3,2,1,6,Needs Attention,2
13266,2011-11-28 14:39:00,2011-03-28 10:14:00,12,3834.2599999999998,11,245,319.52166666666665,5,1,1,7,New / Promising,1
13267,2011-12-07 11:12:00,2010-12-08 09:20:00,19,4521.49,3,364,237.97315789473683,5,1,1,7,New / Promising,1
13268,2011-11-22 11:51:00,2011-03-17 13:20:00,11,3174.75,18,249,288.6136363636364,4,1,1,6,New / Promising,2
13269,2011-12-08 14:53:00,2010-12-05 11:51:00,15,5343.28,1,368,356.21866666666665,5,1,1,7,New / Promising,1
13270,2010-12-08 14:53:00,2010-12-08 14:53:00,1,590.0,366,0,590.0,1,4,3,8,At Risk,6
13271,2011-11-02 14:31:00,2011-11-02 14:31:00,1,211.49,37,0,211.49,3,4,5,12,Needs Attention,9
13272,2011-11-08 14:00:00,2011-09-11 12:06:00,2,276.56,31,58,138.28,4,3,4,11,Needs Attention,8
13273,2011-08-18 14:02:00,2011-08-18 14:02:00,1,138.98,113,0,138.98,2,4,5,11,Can't Lose Them,10
13276,2011-10-07 12:44:00,2011-09-01 10:03:00,2,590.9300000000001,64,36,295.46500000000003,3,3,3,9,Needs Attention,6
13277,2011-11-24 09:21:00,2011-07-29 10:06:00,4,258.4,16,117,64.6,4,2,4,10,Needs Attention,8
13278,2011-10-30 11:49:00,2011-10-30 11:49:00,1,542.73,41,0,542.73,3,4,3,10,Needs Attention,6
13279,2011-09-22 17:24:00,2011-09-22 17:24:00,1,137.75,78,0,137.75,2,4,5,11,Can't Lose Them,10
13280,2011-08-09 13:14:00,2011-01-06 17:10:00,3,798.46,122,214,266.15333333333336,2,2,3,7,Lost / Low Value,5
13282,2011-11-21 15:33:00,2011-05-03 12:03:00,3,1132.14,18,202,377.38000000000005,4,2,2,8,New / Promising,4
13283,2011-10-11 09:50:00,2011-06-07 12:39:00,2,93.66,60,125,46.83,3,3,5,11,Needs Attention,10
13284,2011-01-13 09:23:00,2011-01-13 09:23:00,1,201.19,331,0,201.19,1,4,5,10,Can't Lose Them,9
13285,2011-11-16 13:19:00,2011-02-22 17:13:00,4,2709.12,23,266,677.28,4,2,1,7,New / Promising,2
13291,2011-07-07 10:36:00,2011-07-07 10:36:00,1,361.11,156,0,361.11,2,4,4,10,Can't Lose Them,7
13292,2011-11-01 10:04:00,2011-02-28 15:00:00,2,578.9399999999999,39,245,289.46999999999997,3,3,3,9,Needs Attention,6
13294,2011-06-03 08:54:00,2011-04-04 12:37:00,2,873.74,190,59,436.87,1,3,3,7,At Risk,5
13295,2010-12-15 11:21:00,2010-12-15 11:21:00,1,201.20000000000002,360,0,201.20000000000002,1,4,5,10,Can't Lose Them,9
13296,2011-07-25 13:46:00,2011-07-25 13:46:00,1,87.4,137,0,87.4,2,4,5,11,Can't Lose Them,10
13297,2011-12-02 09:32:00,2011-10-03 15:08:00,4,2089.85,8,59,522.4625,5,2,1,8,New / Promising,2
13298,2011-12-08 13:11:00,2011-12-08 13:11:00,1,360.0,1,0,360.0,5,4,4,13,Champions,7
13299,2011-03-16 12:55:00,2011-03-16 12:55:00,1,142.5,268,0,142.5,1,4,5,10,Can't Lose Them,10
13300,2011-06-23 13:09:00,2011-06-23 13:09:00,1,371.89,169,0,371.89,2,4,4,10,Can't Lose Them,7
13301,2011-08-28 11:25:00,2011-02-20 13:13:00,4,618.09,104,188,154.5225,2,2,3,7,Lost / Low Value,6
13302,2011-07-07 17:56:00,2011-07-07 17:56:00,1,63.75,155,0,63.75,2,4,5,11,Can't Lose Them,10
13304,2010-12-23 14:35:00,2010-12-23 14:35:00,1,300.42,351,0,300.42,1,4,4,9,Can't Lose Them,8
13305,2011-12-05 15:15:00,2010-12-02 12:10:00,10,2000.86,4,368,200.08599999999998,5,1,2,8,New / Promising,3
13307,2011-08-11 17:14:00,2011-08-11 17:14:00,1,15.0,120,0,15.0,2,4,5,11,Can't Lose Them,10
13308,2011-11-17 09:31:00,2011-05-20 13:13:00,3,1385.51,23,180,461.83666666666664,4,2,2,8,New / Promising,3
13309,2011-12-02 16:34:00,2011-02-04 12:29:00,5,1456.79,7,301,291.358,5,2,2,9,New / Promising,3
13310,2011-11-11 17:23:00,2011-01-19 14:50:00,3,1132.03,28,296,377.3433333333333,4,2,2,8,New / Promising,4
13311,2011-12-05 12:55:00,2011-07-12 14:26:00,2,598.57,4,145,299.285,5,3,3,11,Needs Attention,6
13313,2011-11-17 16:48:00,2011-01-04 10:00:00,5,1555.32,22,317,311.06399999999996,4,2,2,8,New / Promising,3
13314,2011-12-08 12:29:00,2011-09-27 10:20:00,3,775.94,2,72,258.6466666666667,5,2,3,10,New / Promising,5
13316,2011-11-02 13:40:00,2011-03-30 13:01:00,4,5732.93,37,217,1433.2325,3,2,1,6,Needs Attention,1
13317,2011-10-04 13:35:00,2010-12-16 09:22:00,6,2273.68,66,292,378.94666666666666,3,1,1,5,Needs Attention,2
13318,2011-12-08 18:51:00,2011-11-02 13:26:00,3,640.76,1,36,213.58666666666667,5,2,3,10,New / Promising,6
13319,2011-12-04 13:34:00,2010-12-09 10:04:00,26,10845.550000000001,5,360,417.1365384615385,5,1,1,7,New / Promising,1
13320,2011-09-22 18:07:00,2011-05-10 10:29:00,4,1532.2,78,135,383.05,2,2,2,6,Lost / Low Value,3
13321,2011-09-28 15:24:00,2011-09-14 15:18:00,2,567.36,72,14,283.68,2,3,3,8,At Risk,6
13322,2011-11-22 14:21:00,2011-11-22 14:21:00,1,199.48000000000002,17,0,199.48000000000002,4,4,5,13,Champions,9
13323,2011-12-06 17:12:00,2011-09-16 13:23:00,5,787.85,3,81,157.57,5,2,3,10,New / Promising,5
13324,2011-11-03 16:28:00,2010-12-14 09:50:00,10,7121.95,36,324,712.1949999999999,3,1,1,5,Needs Attention,1
13325,2011-09-19 10:36:00,2011-09-19 10:36:00,1,675.3,82,0,675.3,2,4,3,9,At Risk,5
13327,2011-11-01 10:21:00,2010-12-09 15:32:00,8,3627.77,39,326,453.47125,3,1,1,5,Needs Attention,2
13328,2011-01-27 15:22:00,2011-01-27 15:22:00,1,1308.48,316,0,1308.48,1,4,2,7,At Risk,4
13329,2011-11-08 10:29:00,2010-12-08 10:11:00,2,789.0,32,335,394.5,4,3,3,10,Needs Attention,5
13330,2011-09-08 12:27:00,2011-01-28 10:08:00,3,1140.93,93,223,380.31,2,2,2,6,Lost / Low Value,4
13332,2011-11-25 13:30:00,2011-11-25 13:30:00,1,350.9,14,0,350.9,4,4,4,12,Champions,7
13334,2011-09-18 15:21:00,2011-02-07 11:42:00,3,3502.32,82,223,1167.44,2,2,1,5,Lost / Low Value,2
13336,2011-09-23 14:05:00,2011-09-23 14:05:00,1,795.12,77,0,795.12,2,4,3,9,At Risk,5
13338,2011-07-05 09:06:00,2011-07-05 09:06:00,1,487.02,158,0,487.02,2,4,4,10,Can't Lose Them,7
13339,2011-05-23 08:31:00,2011-05-23 08:31:00,1,860.12,201,0,860.12,1,4,3,8,At Risk,5
13340,2011-10-25 13:15:00,2011-03-08 11:39:00,7,10736.48,45,231,1533.782857142857,3,1,1,5,Needs Attention,1
13341,2011-03-24 09:50:00,2011-03-24 09:50:00,1,775.85,261,0,775.85,1,4,3,8,At Risk,5
13343,2011-06-15 12:24:00,2011-06-15 12:24:00,1,353.43,178,0,353.43,2,4,4,10,Can't Lose Them,7
13344,2011-10-03 09:45:00,2011-03-07 10:28:00,3,2511.69,68,209,837.23,3,2,1,6,Needs Attention,2
13345,2011-02-25 09:01:00,2011-02-25 09:01:00,1,389.5,288,0,389.5,1,4,4,9,Can't Lose Them,7
13347,2011-09-30 13:28:00,2011-09-30 13:28:00,1,341.36,70,0,341.36,3,4,4,11,Needs Attention,8
13348,2011-10-06 17:28:00,2011-10-06 17:28:00,1,233.76,64,0,233.76,3,4,5,12,Needs Attention,9
13349,2011-11-29 08:07:00,2011-11-29 08:07:00,1,247.32,11,0,247.32,5,4,5,14,Champions,9
13350,2011-11-23 16:33:00,2011-09-21 13:33:00,2,979.12,16,63,489.56,4,3,2,9,Needs Attention,4
13351,2011-10-04 12:55:00,2011-10-04 12:55:00,1,373.94,66,0,373.94,3,4,4,11,Needs Attention,7
13352,2011-10-10 13:55:00,2011-10-10 13:55:00,1,397.97999999999996,60,0,397.97999999999996,3,4,4,11,Needs Attention,7
13354,2011-09-29 13:17:00,2011-09-29 13:17:00,1,743.53,71,0,743.53,3,4,3,10,Needs Attention,5
13355,2011-08-09 14:48:00,2011-08-09 14:48:00,1,674.7,122,0,674.7,2,4,3,9,At Risk,5
13356,2011-09-20 14:33:00,2011-09-20 14:33:00,1,768.24,80,0,768.24,2,4,3,9,At Risk,5
13357,2011-03-27 13:56:00,2011-03-27 13:56:00,1,609.4,257,0,609.4,1,4,3,8,At Risk,6
13358,2011-03-16 11:52:00,2011-03-16 11:52:00,1,439.03,269,0,439.03,1,4,4,9,Can't Lose Them,7
13359,2011-10-07 09:30:00,2011-10-07 09:30:00,1,439.56,64,0,439.56,3,4,4,11,Needs Attention,7
13362,2011-11-30 14:41:00,2011-02-25 11:33:00,4,3090.7400000000002,9,278,772.6850000000001,5,2,1,8,New / Promising,2
13363,2011-11-22 12:40:00,2011-10-27 10:46:00,2,992.5,18,26,496.25,4,3,2,9,Needs Attention,4
13364,2011-09-29 18:13:00,2011-09-29 18:13:00,1,134.95999999999998,71,0,134.95999999999998,3,4,5,12,Needs Attention,10
13365,2011-11-06 12:36:00,2011-05-06 12:00:00,2,2225.37,34,184,1112.685,3,3,1,7,Needs Attention,2
13366,2011-10-20 13:37:00,2011-10-20 13:37:00,1,56.160000000000004,50,0,56.160000000000004,3,4,5,12,Needs Attention,10
13368,2011-03-28 09:59:00,2011-01-06 12:32:00,2,623.4,257,80,311.7,1,3,3,7,At Risk,6
13369,2010-12-09 11:30:00,2010-12-09 11:30:00,1,308.28000000000003,366,0,308.28000000000003,1,4,4,9,Can't Lose Them,8
13370,2010-12-03 10:26:00,2010-12-03 10:26:00,1,754.87,372,0,754.87,1,4,3,8,At Risk,5
13372,2011-09-11 12:46:00,2011-09-11 12:46:00,1,378.64,90,0,378.64,2,4,4,10,Can't Lose Them,7
13373,2011-10-10 10:51:00,2011-03-08 14:35:00,3,3312.25,61,215,1104.0833333333333,3,2,1,6,Needs Attention,2
13375,2011-09-12 10:19:00,2011-09-12 10:19:00,1,778.65,89,0,778.65,2,4,3,9,At Risk,5
13376,2011-09-01 16:16:00,2011-04-19 13:03:00,3,1019.76,99,135,339.92,2,2,2,6,Lost / Low Value,4
13379,2011-11-13 13:45:00,2011-07-26 12:26:00,3,572.56,26,110,190.85333333333332,4,2,3,9,New / Promising,6
13381,2011-11-08 11:58:00,2011-02-14 10:10:00,6,3639.31,32,267,606.5516666666666,4,1,1,6,New / Promising,2
13382,2011-03-04 10:03:00,2011-03-04 10:03:00,1,222.99,281,0,222.99,1,4,5,10,Can't Lose Them,9
13384,2011-11-09 11:04:00,2011-06-14 12:47:00,7,4151.93,31,147,593.1328571428572,4,1,1,6,New / Promising,1
13385,2011-01-14 09:52:00,2011-01-14 09:52:00,1,534.57,330,0,534.57,1,4,3,8,At Risk,6
13388,2011-07-31 12:52:00,2011-07-31 12:52:00,2,677.1,131,0,338.55,2,3,3,8,At Risk,5
13389,2011-11-28 14:01:00,2011-04-21 12:12:00,3,797.96,11,221,265.9866666666667,5,2,3,10,New / Promising,5
13390,2011-09-26 08:38:00,2011-09-26 08:38:00,1,544.08,75,0,544.08,2,4,3,9,At Risk,6
13391,2011-05-20 10:50:00,2011-05-20 10:50:00,1,59.8,204,0,59.8,1,4,5,10,Can't Lose Them,10
13394,2011-12-08 11:36:00,2011-02-03 10:39:00,8,2520.02,2,308,315.0025,5,1,1,7,New / Promising,2
13395,2011-06-07 15:04:00,2011-06-07 15:04:00,1,307.72,185,0,307.72,1,4,4,9,Can't Lose Them,8
13396,2011-11-10 16:59:00,2011-01-24 13:37:00,2,1360.99,29,290,680.495,4,3,2,9,Needs Attention,3
13397,2011-09-28 10:56:00,2011-01-04 13:50:00,5,1544.13,73,266,308.826,2,2,2,6,Lost / Low Value,3
13398,2011-05-31 13:17:00,2011-05-31 13:17:00,1,457.34,192,0,457.34,1,4,4,9,Can't Lose Them,7
13402,2011-08-04 15:51:00,2010-12-02 17:12:00,2,621.23,127,244,310.615,2,3,3,8,At Risk,6
13403,2011-11-22 08:28:00,2011-11-22 08:28:00,1,75.0,18,0,75.0,4,4,5,13,Champions,10
13404,2011-12-08 15:37:00,2011-05-11 11:57:00,2,252.49,1,211,126.245,5,3,4,12,Needs Attention,8
13405,2011-09-26 17:01:00,2011-01-26 09:27:00,3,572.451,74,243,190.817,2,2,3,7,Lost / Low Value,6
13408,2011-12-08 09:05:00,2010-12-01 10:39:00,62,28117.04,2,371,453.5006451612903,5,1,1,7,New / Promising,1
13410,2011-11-15 15:33:00,2011-02-21 14:38:00,5,1003.06,24,267,200.612,4,2,2,8,New / Promising,4
13411,2011-08-24 13:57:00,2011-08-24 13:57:00,1,213.55,107,0,213.55,2,4,5,11,Can't Lose Them,9
13414,2011-07-29 11:45:00,2011-02-16 12:13:00,3,1390.5,134,162,463.5,2,2,2,6,Lost / Low Value,3
13416,2011-10-27 08:56:00,2011-09-19 14:43:00,2,712.5,44,37,356.25,3,3,3,9,Needs Attention,5
13417,2011-12-05 08:49:00,2011-05-18 16:26:00,2,640.83,5,200,320.415,5,3,3,11,Needs Attention,6
13418,2011-11-28 10:23:00,2010-12-02 10:45:00,18,6127.43,12,360,340.4127777777778,5,1,1,7,New / Promising,1
13419,2011-10-07 12:49:00,2011-10-07 12:49:00,1,221.06,64,0,221.06,3,4,5,12,Needs Attention,9
13420,2011-07-13 08:48:00,2011-06-22 11:35:00,2,159.85,150,20,79.925,2,3,5,10,At Risk,9
13421,2011-10-30 14:21:00,2011-02-22 15:46:00,2,1833.71,40,249,916.855,3,3,2,8,Needs Attention,3
13422,2011-10-06 13:42:00,2011-10-06 13:42:00,1,2626.3,64,0,2626.3,3,4,1,8,Needs Attention,2
13425,2011-08-23 17:13:00,2011-02-18 08:34:00,3,1624.21,108,186,541.4033333333333,2,2,2,6,Lost / Low Value,3
13426,2011-12-09 08:59:00,2010-12-15 12:43:00,10,3641.32,1,358,364.132,5,1,1,7,New / Promising,1
13427,2011-11-20 13:02:00,2011-05-08 15:58:00,3,582.6,19,195,194.20000000000002,4,2,3,9,New / Promising,6
13428,2011-11-29 14:20:00,2011-11-29 14:20:00,1,201.78,10,0,201.78,5,4,5,14,Champions,9
13429,2011-11-29 09:10:00,2011-09-25 15:59:00,4,1006.8,11,64,251.7,5,2,2,9,New / Promising,4
13430,2011-11-21 08:19:00,2011-09-14 14:26:00,2,679.45,19,67,339.725,4,3,3,10,Needs Attention,5
13431,2011-10-03 13:49:00,2011-09-12 11:25:00,2,1269.1,67,21,634.55,3,3,2,8,Needs Attention,4
13434,2011-09-26 14:30:00,2011-09-04 10:35:00,2,534.24,74,22,267.12,2,3,3,8,At Risk,6
13435,2011-12-04 14:45:00,2011-06-03 17:07:00,7,3809.8900000000003,5,183,544.2700000000001,5,1,1,7,New / Promising,1
13436,2011-12-08 10:33:00,2011-12-08 10:33:00,1,196.89,2,0,196.89,5,4,5,14,Champions,9
13437,2011-11-25 14:00:00,2011-06-02 14:30:00,7,3408.06,14,175,486.86571428571426,4,1,1,6,New / Promising,2
13439,2011-03-29 14:20:00,2011-03-29 14:20:00,1,283.71,255,0,283.71,1,4,4,9,Can't Lose Them,8
13441,2011-09-09 09:38:00,2011-09-09 09:38:00,1,296.64,92,0,296.64,2,4,4,10,Can't Lose Them,8
13447,2011-11-16 13:38:00,2011-11-04 10:10:00,3,1129.14,23,12,376.38000000000005,4,2,2,8,New / Promising,4
13448,2011-11-23 12:33:00,2010-12-01 10:52:00,6,3534.69,17,357,589.115,4,1,1,6,New / Promising,2
13449,2011-11-16 08:28:00,2011-11-16 08:28:00,1,291.88,24,0,291.88,4,4,4,12,Champions,8
13450,2011-11-13 11:54:00,2011-05-05 19:48:00,6,2043.7199999999998,27,191,340.61999999999995,4,1,2,7,New / Promising,3
13451,2011-11-13 15:58:00,2011-01-09 15:35:00,5,2898.2599999999998,26,308,579.6519999999999,4,2,1,7,New / Promising,2
13452,2011-03-25 14:19:00,2011-03-14 11:38:00,2,590.0,259,11,295.0,1,3,3,7,At Risk,6
13453,2011-06-27 09:34:00,2011-02-23 09:44:00,2,356.97999999999996,166,123,178.48999999999998,2,3,4,9,At Risk,7
13455,2011-11-15 11:21:00,2010-12-08 13:11:00,2,1058.34,25,341,529.17,4,3,2,9,Needs Attention,4
13456,2011-11-22 09:18:00,2011-05-16 15:34:00,6,1766.72,18,189,294.4533333333333,4,1,2,7,New / Promising,3
13458,2011-12-02 15:29:00,2010-12-15 12:05:00,14,9646.57,7,352,689.0407142857142,5,1,1,7,New / Promising,1
13460,2011-11-10 17:17:00,2011-10-21 09:50:00,2,183.44,29,20,91.72,4,3,5,12,Needs Attention,9
13461,2011-11-01 09:01:00,2011-06-29 10:23:00,3,1445.0,39,124,481.6666666666667,3,2,2,7,Needs Attention,3
13462,2011-04-01 11:20:00,2011-04-01 11:20:00,1,151.5,253,0,151.5,1,4,5,10,Can't Lose Them,10
13464,2011-10-12 15:01:00,2011-10-12 15:01:00,1,674.68,58,0,674.68,3,4,3,10,Needs Attention,5
13466,2011-06-08 16:39:00,2011-06-08 16:39:00,1,307.9,184,0,307.9,1,4,4,9,Can't Lose Them,8
13467,2011-11-29 10:01:00,2011-11-03 16:56:00,2,1071.91,11,25,535.955,5,3,2,10,Needs Attention,4
13468,2011-12-08 10:39:00,2010-12-01 15:08:00,37,5704.97,2,371,154.1883783783784,5,1,1,7,New / Promising,1
13470,2011-09-01 14:57:00,2011-08-16 17:06:00,2,165.0,99,15,82.5,2,3,5,10,At Risk,9
13471,2011-12-08 15:44:00,2011-10-23 13:10:00,4,2501.84,1,46,625.46,5,2,1,8,New / Promising,2
13473,2011-10-10 11:20:00,2011-01-11 08:45:00,2,422.64,61,272,211.32,3,3,4,10,Needs Attention,7
13474,2011-04-17 13:53:00,2011-04-17 13:53:00,1,226.84,236,0,226.84,1,4,5,10,Can't Lose Them,9
13475,2011-06-01 13:52:00,2011-02-14 12:36:00,4,1431.78,191,107,357.945,1,2,2,5,Lost / Low Value,3
13476,2011-06-14 12:00:00,2011-03-03 14:43:00,2,1238.47,179,102,619.235,2,3,2,7,At Risk,4
13477,2011-11-02 12:04:00,2011-02-21 12:29:00,6,1454.58,38,253,242.42999999999998,3,1,2,6,Needs Attention,3
13479,2011-05-23 10:45:00,2011-04-19 11:27:00,2,300.95,201,33,150.475,1,3,4,8,At Risk,8
13481,2011-10-25 09:07:00,2011-03-28 09:07:00,5,1804.56,46,211,360.912,3,2,2,7,Needs Attention,3
13482,2011-04-21 17:03:00,2011-04-21 17:03:00,1,184.64,232,0,184.64,1,4,5,10,Can't Lose Them,9
13483,2011-10-05 11:53:00,2011-10-05 11:53:00,1,140.34,66,0,140.34,3,4,5,12,Needs Attention,10
13484,2011-04-12 16:30:00,2011-04-12 16:30:00,1,313.8,241,0,313.8,1,4,4,9,Can't Lose Them,8
13485,2011-04-20 13:58:00,2011-04-20 13:58:00,1,454.24,233,0,454.24,1,4,4,9,Can't Lose Them,7
13486,2011-09-22 13:13:00,2011-07-07 17:19:00,3,1122.41,78,76,374.1366666666667,2,2,2,6,Lost / Low Value,4
13487,2011-10-13 12:07:00,2010-12-21 14:54:00,3,575.4,58,295,191.79999999999998,3,2,3,8,Needs Attention,6
13488,2011-11-22 14:41:00,2010-12-07 13:01:00,13,8968.31,17,350,689.87,4,1,1,6,New / Promising,1
13489,2011-08-26 13:16:00,2011-02-18 10:42:00,4,449.52,105,189,112.38,2,2,4,8,Lost / Low Value,7
13491,2011-10-19 08:32:00,2010-12-02 14:30:00,10,1215.82,52,320,121.582,3,1,2,6,Needs Attention,4
13492,2011-07-26 14:25:00,2011-05-09 10:06:00,3,1269.84,136,78,423.28,2,2,2,6,Lost / Low Value,4
13493,2011-03-09 15:35:00,2011-02-25 16:42:00,2,618.63,275,11,309.315,1,3,3,7,At Risk,6
13494,2011-02-01 11:58:00,2011-02-01 11:58:00,1,316.26000000000005,312,0,316.26000000000005,1,4,4,9,Can't Lose Them,8
13495,2011-12-02 11:21:00,2010-12-06 15:14:00,5,2044.8700000000001,8,360,408.97400000000005,5,2,2,9,New / Promising,3
13496,2011-11-29 10:58:00,2010-12-15 10:17:00,2,653.33,11,349,326.665,5,3,3,11,Needs Attention,6
13497,2011-03-02 09:04:00,2010-12-06 11:37:00,2,348.05,283,85,174.025,1,3,4,8,At Risk,8
13499,2011-11-22 11:21:00,2011-03-15 08:52:00,5,1159.11,18,252,231.82199999999997,4,2,2,8,New / Promising,4
13500,2011-11-16 15:35:00,2011-08-09 12:20:00,3,1166.77,23,99,388.92333333333335,4,2,2,8,New / Promising,4
13501,2011-02-24 18:59:00,2011-02-24 18:59:00,1,1340.32,288,0,1340.32,1,4,2,7,At Risk,4
13502,2011-11-23 10:39:00,2011-01-20 09:03:00,3,292.0,17,307,97.33333333333333,4,2,4,10,Needs Attention,8
13503,2011-09-29 13:23:00,2011-09-29 13:23:00,1,216.85,71,0,216.85,3,4,5,12,Needs Attention,9
13504,2011-10-06 13:20:00,2011-10-06 13:20:00,1,295.93,64,0,295.93,3,4,4,11,Needs Attention,8
13505,2011-09-28 11:56:00,2011-04-21 12:07:00,4,4393.63,73,159,1098.4075,2,2,1,5,Lost / Low Value,1
13506,2011-01-27 13:53:00,2010-12-05 12:15:00,2,458.52,316,53,229.26,1,3,4,8,At Risk,7
13507,2011-12-06 13:13:00,2011-07-17 11:50:00,4,2479.16,3,142,619.79,5,2,1,8,New / Promising,2
13508,2011-04-10 11:58:00,2011-04-10 11:58:00,1,110.97,244,0,110.97,1,4,5,10,Can't Lose Them,10
13509,2011-12-01 10:10:00,2011-02-28 13:27:00,7,979.72,9,275,139.96,5,1,2,8,New / Promising,4
13510,2011-12-08 13:46:00,2011-06-09 09:32:00,4,1791.56,1,182,447.89,5,2,2,9,New / Promising,3
13512,2011-03-24 10:03:00,2011-03-24 10:03:00,1,251.21,261,0,251.21,1,4,4,9,Can't Lose Them,8
13513,2011-08-05 11:50:00,2011-08-05 11:50:00,1,205.1,127,0,205.1,2,4,5,11,Can't Lose Them,9
13514,2011-09-27 09:39:00,2011-09-27 09:39:00,1,152.20000000000002,74,0,152.20000000000002,2,4,5,11,Can't Lose Them,10
13515,2011-09-28 11:26:00,2011-04-06 10:33:00,4,891.12,73,175,222.78,2,2,3,7,Lost / Low Value,5
13516,2011-11-18 13:15:00,2011-04-15 11:06:00,3,1389.41,21,217,463.1366666666667,4,2,2,8,New / Promising,3
13517,2011-10-11 11:43:00,2011-06-13 08:44:00,3,2128.42,60,120,709.4733333333334,3,2,1,6,Needs Attention,2
13518,2011-09-15 10:29:00,2011-09-15 10:29:00,1,627.16,86,0,627.16,2,4,3,9,At Risk,6
13519,2011-09-22 18:24:00,2011-09-22 18:24:00,1,122.75,78,0,122.75,2,4,5,11,Can't Lose Them,10
13520,2011-10-12 10:20:00,2010-12-03 10:36:00,6,3624.35,59,312,604.0583333333333,3,1,1,5,Needs Attention,2
13521,2011-12-08 13:50:00,2011-11-29 15:09:00,3,1071.73,1,8,357.24333333333334,5,2,2,9,New / Promising,4
13522,2011-11-09 15:11:00,2011-11-09 15:11:00,1,125.80000000000001,30,0,125.80000000000001,4,4,5,13,Champions,10
13523,2011-11-06 15:11:00,2010-12-08 14:22:00,5,3964.88,33,333,792.976,3,2,1,6,Needs Attention,1
13524,2011-10-30 12:34:00,2011-05-04 12:26:00,5,680.1800000000001,41,179,136.036,3,2,3,8,Needs Attention,5
13525,2011-11-25 12:01:00,2011-04-05 15:36:00,2,628.78,15,233,314.39,4,3,3,10,Needs Attention,6
13527,2011-11-06 12:04:00,2011-01-17 11:17:00,7,2242.36,34,293,320.33714285714285,3,1,1,5,Needs Attention,2
13529,2011-09-22 09:15:00,2011-05-19 11:50:00,2,307.76,79,125,153.88,2,3,4,9,At Risk,8
13531,2011-05-18 16:56:00,2010-12-08 15:03:00,2,483.8,205,161,241.9,1,3,4,8,At Risk,7
13532,2011-11-06 12:25:00,2011-11-06 12:25:00,1,210.31,34,0,210.31,3,4,5,12,Needs Attention,9
13533,2011-06-10 11:54:00,2011-03-17 12:47:00,3,269.09,183,84,89.69666666666666,1,2,4,7,Lost / Low Value,8
13534,2011-12-07 14:52:00,2010-12-16 15:23:00,25,5870.08,2,355,234.8032,5,1,1,7,New / Promising,1
13536,2011-12-08 16:38:00,2011-09-25 13:30:00,7,3444.39,1,74,492.05571428571426,5,1,1,7,New / Promising,2
13538,2011-10-27 16:34:00,2011-01-28 10:40:00,7,1280.85,43,272,182.97857142857143,3,1,2,6,Needs Attention,4
13539,2011-09-15 10:18:00,2011-02-03 15:23:00,3,631.34,86,223,210.4466666666667,2,2,3,7,Lost / Low Value,6
13544,2011-10-31 11:57:00,2011-04-13 12:09:00,2,276.06,40,200,138.03,3,3,4,10,Needs Attention,8
13546,2011-11-27 14:50:00,2011-05-23 12:14:00,3,621.09,12,188,207.03,5,2,3,10,New / Promising,6
13548,2011-09-04 14:50:00,2011-04-10 11:35:00,2,678.16,96,147,339.08,2,3,3,8,At Risk,5
13549,2011-11-14 09:20:00,2011-04-11 13:42:00,7,918.2,26,216,131.17142857142858,4,1,3,8,New / Promising,5
13551,2011-01-24 14:46:00,2011-01-24 14:46:00,1,91.80000000000001,319,0,91.80000000000001,1,4,5,10,Can't Lose Them,10
13552,2011-10-04 15:19:00,2011-01-28 10:10:00,12,3740.07,66,249,311.6725,3,1,1,5,Needs Attention,1
13555,2011-09-27 12:36:00,2011-05-22 11:06:00,4,4098.88,74,128,1024.72,2,2,1,5,Lost / Low Value,1
13557,2011-11-11 15:24:00,2011-03-04 12:14:00,2,584.06,28,252,292.03,4,3,3,10,Needs Attention,6
13558,2011-12-04 11:24:00,2011-10-02 13:01:00,4,594.52,6,62,148.63,5,2,3,10,New / Promising,6
13560,2011-12-02 13:11:00,2011-12-02 13:11:00,1,171.42000000000002,7,0,171.42000000000002,5,4,5,14,Champions,9
13561,2011-05-08 12:39:00,2011-05-08 12:39:00,1,141.85999999999999,216,0,141.85999999999999,1,4,5,10,Can't Lose Them,10
13562,2011-09-19 10:51:00,2011-04-08 12:42:00,3,1799.33,82,163,599.7766666666666,2,2,2,6,Lost / Low Value,3
13563,2011-09-16 14:45:00,2011-07-22 17:21:00,2,777.53,84,55,388.765,2,3,3,8,At Risk,5
13564,2011-07-18 14:33:00,2010-12-06 17:26:00,3,1724.67,144,223,574.89,2,2,2,6,Lost / Low Value,3
13565,2011-11-20 14:33:00,2011-01-09 14:28:00,2,240.22,19,315,120.11,4,3,5,12,Needs Attention,9
13566,2011-10-30 11:59:00,2011-09-18 12:40:00,2,856.84,41,41,428.42,3,3,3,9,Needs Attention,5
13568,2011-06-19 14:42:00,2011-06-19 14:42:00,1,187.05,173,0,187.05,2,4,5,11,Can't Lose Them,9
13569,2011-11-22 13:07:00,2010-12-07 12:29:00,2,338.62,17,350,169.31,4,3,4,11,Needs Attention,8
13570,2011-04-10 13:36:00,2011-04-10 13:36:00,1,239.49,243,0,239.49,1,4,5,10,Can't Lose Them,9
13571,2011-11-27 10:47:00,2011-03-31 12:43:00,12,2088.94,13,240,174.07833333333335,5,1,1,7,New / Promising,2
13572,2011-05-18 11:59:00,2011-05-18 11:59:00,1,1384.25,206,0,1384.25,1,4,2,7,At Risk,3
13573,2011-10-20 14:33:00,2011-03-31 14:47:00,2,290.25,50,202,145.125,3,3,4,10,Needs Attention,8
13575,2011-11-16 13:14:00,2011-06-16 14:24:00,5,732.0699999999999,23,152,146.414,4,2,3,9,New / Promising,5
13576,2011-11-29 15:34:00,2010-12-01 17:24:00,18,6717.34,10,362,373.18555555555554,5,1,1,7,New / Promising,1
13577,2011-11-14 15:19:00,2011-04-12 10:33:00,4,1687.6000000000001,25,216,421.90000000000003,4,2,2,8,New / Promising,3
13579,2011-11-25 08:41:00,2010-12-05 16:10:00,2,467.04,15,354,233.52,4,3,4,11,Needs Attention,7
13581,2011-02-03 14:41:00,2011-02-03 14:41:00,1,118.0,309,0,118.0,1,4,5,10,Can't Lose Them,10
13583,2011-07-07 10:40:00,2011-07-07 10:40:00,1,781.03,156,0,781.03,2,4,3,9,At Risk,5
13584,2011-02-06 12:49:00,2011-02-06 12:49:00,1,142.4,307,0,142.4,1,4,5,10,Can't Lose Them,10
13587,2011-10-07 12:31:00,2011-10-07 12:31:00,1,712.4,64,0,712.4,3,4,3,10,Needs Attention,5
13588,2011-11-24 10:42:00,2011-03-29 15:53:00,9,2478.95,16,239,275.43888888888887,4,1,1,6,New / Promising,2
13589,2011-11-25 12:10:00,2011-06-13 12:44:00,2,379.65,15,164,189.825,4,3,4,11,Needs Attention,7
13590,2011-11-28 12:54:00,2011-02-09 13:25:00,6,1981.92,11,291,330.32,5,1,2,8,New / Promising,3
13591,2011-10-06 12:26:00,2011-03-18 12:18:00,3,1117.13,65,202,372.3766666666667,3,2,2,7,Needs Attention,4
13592,2011-11-04 09:49:00,2011-03-20 14:01:00,4,247.95999999999998,36,228,61.989999999999995,3,2,5,10,Needs Attention,9
13593,2011-08-23 13:35:00,2011-01-07 16:32:00,5,2011.88,108,227,402.37600000000003,2,2,2,6,Lost / Low Value,3
13594,2011-10-18 10:19:00,2011-10-18 10:19:00,1,396.97,53,0,396.97,3,4,4,11,Needs Attention,7
13596,2011-12-04 12:01:00,2011-11-27 11:57:00,2,664.11,6,7,332.055,5,3,3,11,Needs Attention,6
13598,2011-10-23 14:28:00,2011-10-23 14:28:00,1,160.04,47,0,160.04,3,4,5,12,Needs Attention,9
13599,2011-12-08 16:10:00,2010-12-08 10:11:00,21,5149.92,1,365,245.2342857142857,5,1,1,7,New / Promising,1
13600,2011-01-31 15:27:00,2011-01-31 15:27:00,1,219.52,312,0,219.52,1,4,5,10,Can't Lose Them,9
13601,2011-10-25 17:31:00,2011-05-12 16:52:00,2,693.32,45,166,346.66,3,3,3,9,Needs Attention,5
13602,2011-10-06 11:47:00,2011-10-06 11:47:00,1,428.89,65,0,428.89,3,4,4,11,Needs Attention,7
13603,2011-11-13 15:57:00,2011-11-13 15:57:00,1,164.34,26,0,164.34,4,4,5,13,Champions,9
13606,2011-11-10 17:46:00,2011-02-01 11:42:00,3,276.75,29,282,92.25,4,2,4,10,Needs Attention,8
13607,2011-10-30 16:17:00,2011-10-30 16:17:00,1,675.51,40,0,675.51,3,4,3,10,Needs Attention,5
13610,2011-11-27 15:38:00,2011-02-27 14:44:00,7,1082.33,12,273,154.6185714285714,5,1,2,8,New / Promising,4
13611,2011-09-11 14:51:00,2010-12-15 10:31:00,3,1154.4,89,270,384.8,2,2,2,6,Lost / Low Value,4
13614,2011-11-15 14:47:00,2011-01-13 12:37:00,4,1585.46,24,306,396.365,4,2,2,8,New / Promising,3
13615,2011-01-25 08:21:00,2011-01-25 08:21:00,1,417.69,319,0,417.69,1,4,4,9,Can't Lose Them,7
13617,2011-10-30 13:50:00,2011-06-12 12:55:00,3,544.18,40,140,181.39333333333332,3,2,3,8,Needs Attention,6
13618,2011-06-19 11:09:00,2011-06-19 11:09:00,1,177.34,174,0,177.34,2,4,5,11,Can't Lose Them,9
13621,2011-08-15 08:26:00,2011-08-15 08:26:00,1,213.85,117,0,213.85,2,4,5,11,Can't Lose Them,9
13623,2011-11-09 12:00:00,2011-02-15 13:08:00,5,727.74,31,266,145.548,4,2,3,9,New / Promising,5
13626,2011-04-01 10:05:00,2011-04-01 10:05:00,1,257.23,253,0,257.23,1,4,4,9,Can't Lose Them,8
13627,2011-10-11 14:20:00,2010-12-17 09:52:00,5,1638.47,59,298,327.694,3,2,2,7,Needs Attention,3
13629,2011-11-16 13:21:00,2011-01-05 12:09:00,11,7792.36,23,315,708.3963636363636,4,1,1,6,New / Promising,1
13630,2011-12-04 15:16:00,2011-02-27 12:49:00,7,2031.78,5,280,290.2542857142857,5,1,2,8,New / Promising,3
13631,2011-09-01 09:57:00,2011-03-17 17:13:00,11,3070.42,100,167,279.1290909090909,2,1,1,4,Lost / Low Value,2
13632,2011-11-15 10:51:00,2011-04-10 15:07:00,5,2118.93,25,218,423.78599999999994,4,2,1,7,New / Promising,2
13634,2011-11-06 13:40:00,2011-01-16 15:30:00,5,1547.3600000000001,33,293,309.47200000000004,3,2,2,7,Needs Attention,3
13635,2011-10-03 10:55:00,2011-10-03 10:55:00,1,1071.03,68,0,1071.03,3,4,2,9,Needs Attention,4
13636,2011-11-03 10:30:00,2011-02-27 14:29:00,5,949.12,37,248,189.824,3,2,2,7,Needs Attention,4
13637,2011-10-18 13:32:00,2011-04-27 13:06:00,3,804.3,52,174,268.09999999999997,3,2,3,8,Needs Attention,5
13638,2011-11-24 10:38:00,2011-11-24 10:38:00,1,122.64,16,0,122.64,4,4,5,13,Champions,10
13639,2011-09-26 13:36:00,2011-09-26 13:36:00,1,1033.34,74,0,1033.34,2,4,2,8,At Risk,4
13642,2011-05-08 12:34:00,2011-05-08 12:34:00,1,312.28,216,0,312.28,1,4,4,9,Can't Lose Them,8
13643,2011-11-08 15:37:00,2011-06-07 11:40:00,3,519.44,31,154,173.14666666666668,4,2,3,9,New / Promising,6
13644,2011-11-23 14:07:00,2011-08-26 11:53:00,4,2624.26,16,89,656.065,4,2,1,7,New / Promising,2
13645,2011-08-11 16:11:00,2011-08-11 16:11:00,1,252.1,120,0,252.1,2,4,4,10,Can't Lose Them,8
13647,2011-11-30 12:00:00,2011-04-19 09:49:00,4,1648.1200000000001,10,225,412.03000000000003,5,2,2,9,New / Promising,3
13649,2011-03-28 11:51:00,2010-12-08 14:46:00,2,346.6,257,109,173.3,1,3,4,8,At Risk,8
13650,2011-11-23 12:22:00,2011-03-17 12:37:00,6,1836.34,17,250,306.0566666666667,4,1,2,7,New / Promising,3
13651,2011-11-04 14:59:00,2011-10-31 12:11:00,2,94.2,35,4,47.1,3,3,5,11,Needs Attention,10
13652,2011-10-25 08:51:00,2010-12-06 09:21:00,3,1095.08,46,322,365.02666666666664,3,2,2,7,Needs Attention,4
13654,2011-10-27 16:24:00,2011-03-11 12:54:00,6,2707.33,43,230,451.22166666666664,3,1,1,5,Needs Attention,2
13655,2011-08-17 14:25:00,2011-04-12 09:53:00,2,932.97,114,127,466.485,2,3,3,8,At Risk,5
13656,2011-06-28 10:31:00,2011-01-06 15:42:00,2,379.65,165,172,189.825,2,3,4,9,At Risk,7
13657,2011-11-29 12:32:00,2011-05-22 12:35:00,2,382.14,11,190,191.07,5,3,4,12,Needs Attention,7
13658,2011-11-30 10:13:00,2011-05-19 17:15:00,5,2639.17,10,194,527.8340000000001,5,2,1,8,New / Promising,2
13659,2011-05-18 12:37:00,2011-01-23 12:08:00,2,1563.0,206,115,781.5,1,3,2,6,At Risk,3
13662,2011-09-15 12:04:00,2011-03-25 13:23:00,3,881.26,86,173,293.75333333333333,2,2,3,7,Lost / Low Value,5
13663,2011-06-13 15:44:00,2011-06-13 15:44:00,1,189.47,179,0,189.47,1,4,5,10,Can't Lose Them,9
13666,2011-10-10 15:39:00,2011-02-25 13:05:00,3,84.65,60,227,28.21666666666667,3,2,5,10,Needs Attention,10
13667,2011-07-13 15:42:00,2011-07-13 15:42:00,1,299.05,149,0,299.05,2,4,4,10,Can't Lose Them,8
13668,2011-12-07 12:11:00,2010-12-12 12:35:00,21,6309.83,3,359,300.46809523809526,5,1,1,7,New / Promising,1
13669,2011-10-20 09:32:00,2011-07-13 11:44:00,2,218.55,51,98,109.275,3,3,5,11,Needs Attention,9
13670,2011-09-25 15:25:00,2011-09-25 15:25:00,1,349.7,75,0,349.7,2,4,4,10,Can't Lose Them,8
13672,2011-02-11 13:53:00,2011-01-11 13:54:00,2,186.39000000000001,301,30,93.19500000000001,1,3,5,9,At Risk,9
13673,2011-11-21 12:11:00,2011-11-07 15:40:00,2,387.44,19,13,193.72,4,3,4,11,Needs Attention,7
13675,2011-07-11 12:57:00,2011-02-28 12:14:00,2,486.82000000000005,151,133,243.41000000000003,2,3,4,9,At Risk,7
13678,2011-07-11 10:14:00,2011-07-11 10:14:00,1,232.6,152,0,232.6,2,4,5,11,Can't Lose Them,9
13680,2011-12-08 13:47:00,2011-01-04 14:12:00,4,3719.12,1,337,929.78,5,2,1,8,New / Promising,1
13681,2011-11-22 11:13:00,2011-07-07 15:21:00,4,827.83,18,137,206.9575,4,2,3,9,New / Promising,5
13682,2011-06-05 14:06:00,2011-06-05 14:06:00,1,59.5,187,0,59.5,1,4,5,10,Can't Lose Them,10
13684,2011-02-27 10:13:00,2011-02-27 10:13:00,1,65.13,286,0,65.13,1,4,5,10,Can't Lose Them,10
13685,2011-12-07 11:41:00,2011-10-10 12:59:00,7,3119.44,3,57,445.63428571428574,5,1,1,7,New / Promising,2
13686,2011-06-10 09:10:00,2011-06-10 09:10:00,1,72.0,183,0,72.0,1,4,5,10,Can't Lose Them,10
13689,2011-10-07 13:21:00,2011-10-07 13:21:00,1,910.0,63,0,910.0,3,4,3,10,Needs Attention,5
13690,2011-10-11 15:03:00,2011-10-11 15:03:00,1,172.25,59,0,172.25,3,4,5,12,Needs Attention,9
13692,2011-11-15 11:17:00,2011-04-17 12:57:00,3,1488.32,25,211,496.1066666666666,4,2,2,8,New / Promising,3
13694,2011-12-06 09:32:00,2010-12-01 12:12:00,50,65039.62,4,369,1300.7924,5,1,1,7,New / Promising,1
13695,2011-11-08 14:26:00,2011-03-25 11:31:00,15,2504.13,31,228,166.942,4,1,1,6,New / Promising,2
13697,2011-11-01 09:14:00,2011-11-01 09:14:00,1,151.29999999999998,39,0,151.29999999999998,3,4,5,12,Needs Attention,10
13699,2011-07-07 16:51:00,2011-07-07 16:51:00,1,308.58000000000004,155,0,308.58000000000004,2,4,4,10,Can't Lose Them,8
13700,2011-11-13 13:00:00,2011-01-16 13:18:00,10,2248.63,26,300,224.863,4,1,1,6,New / Promising,2
13703,2011-01-25 13:10:00,2011-01-25 13:10:00,1,99.5,318,0,99.5,1,4,5,10,Can't Lose Them,10
13704,2011-12-04 15:13:00,2011-09-12 14:40:00,9,2308.06,5,83,256.4511111111111,5,1,1,7,New / Promising,2
13705,2011-12-02 12:32:00,2010-12-01 10:29:00,3,711.86,8,366,237.28666666666666,5,2,3,10,New / Promising,5
13706,2011-02-10 09:21:00,2011-02-10 09:21:00,1,330.79,303,0,330.79,1,4,4,9,Can't Lose Them,8
13707,2011-03-17 18:03:00,2011-01-28 13:27:00,2,806.41,267,48,403.205,1,3,3,7,At Risk,5
13708,2011-03-13 13:46:00,2011-03-13 13:46:00,1,285.33,271,0,285.33,1,4,4,9,Can't Lose Them,8
13709,2011-12-06 10:28:00,2011-01-28 14:57:00,13,6307.650000000001,4,311,485.2038461538462,5,1,1,7,New / Promising,1
13710,2011-11-08 08:16:00,2011-11-08 08:16:00,1,180.48,32,0,180.48,4,4,5,13,Champions,9
13711,2011-05-05 10:31:00,2011-05-05 10:29:00,2,252.06,219,0,126.03,1,3,4,8,At Risk,8
13712,2011-04-07 12:33:00,2011-04-07 12:33:00,1,228.84,247,0,228.84,1,4,5,10,Can't Lose Them,9
13715,2011-03-03 19:21:00,2010-12-02 08:52:00,5,1077.39,281,91,215.478,1,2,2,5,Lost / Low Value,4
13716,2011-03-15 13:49:00,2011-03-15 13:49:00,1,138.28,269,0,138.28,1,4,5,10,Can't Lose Them,10
13717,2011-11-07 14:13:00,2011-02-14 13:21:00,6,1445.01,32,266,240.835,4,1,2,7,New / Promising,3
13718,2011-04-07 13:24:00,2011-02-17 11:58:00,2,306.55,246,49,153.275,1,3,4,8,At Risk,8
13719,2011-11-24 15:26:00,2011-04-19 13:56:00,5,1041.68,15,219,208.336,4,2,2,8,New / Promising,4
13720,2011-08-15 12:46:00,2011-03-30 09:17:00,4,799.9,117,138,199.975,2,2,3,7,Lost / Low Value,5
13721,2011-11-03 14:05:00,2011-11-03 14:05:00,1,524.14,36,0,524.14,3,4,3,10,Needs Attention,6
13722,2011-07-31 12:44:00,2011-03-02 11:43:00,3,2375.41,132,151,791.8033333333333,2,2,1,5,Lost / Low Value,2
13723,2011-05-06 17:04:00,2011-05-06 17:04:00,1,199.85000000000002,217,0,199.85000000000002,1,4,5,10,Can't Lose Them,9
13725,2011-10-21 10:03:00,2011-02-04 12:18:00,8,1980.56,50,258,247.57,3,1,2,6,Needs Attention,3
13726,2011-11-01 10:49:00,2011-08-31 11:06:00,2,1079.6599999999999,39,61,539.8299999999999,3,3,2,8,Needs Attention,4
13727,2011-11-11 09:46:00,2011-11-06 12:16:00,2,333.48,29,4,166.74,4,3,4,11,Needs Attention,8
13728,2011-11-03 10:49:00,2011-02-02 12:09:00,6,1016.14,37,273,169.35666666666665,3,1,2,6,Needs Attention,4
13730,2011-07-27 08:35:00,2011-07-01 12:47:00,2,752.6,136,25,376.3,2,3,3,8,At Risk,5
13731,2011-05-04 14:33:00,2011-04-07 10:10:00,2,610.59,219,27,305.295,1,3,3,7,At Risk,6
13732,2011-11-11 15:49:00,2011-11-11 15:49:00,1,491.86,28,0,491.86,4,4,3,11,Loyal,6
13735,2011-11-15 11:14:00,2011-04-19 13:49:00,4,2883.54,25,209,720.885,4,2,1,7,New / Promising,2
13736,2011-12-04 15:19:00,2011-03-24 13:04:00,2,729.8,5,255,364.9,5,3,3,11,Needs Attention,5
13737,2011-05-23 16:32:00,2011-05-23 16:32:00,1,339.59999999999997,200,0,339.59999999999997,1,4,4,9,Can't Lose Them,8
13739,2011-11-21 13:35:00,2011-11-21 13:35:00,1,216.9,18,0,216.9,4,4,5,13,Champions,9
13740,2011-04-13 10:32:00,2011-04-13 10:32:00,1,350.75,241,0,350.75,1,4,4,9,Can't Lose Them,7
13741,2011-09-29 09:19:00,2011-05-06 13:43:00,3,668.4300000000001,72,145,222.81000000000003,2,2,3,7,Lost / Low Value,6
13742,2011-11-23 11:07:00,2011-01-23 14:59:00,12,3107.87,17,303,258.9891666666667,4,1,1,6,New / Promising,2
13743,2011-12-07 10:09:00,2011-03-25 14:46:00,7,1341.6,3,256,191.65714285714284,5,1,2,8,New / Promising,4
13744,2011-09-05 15:19:00,2011-02-20 14:08:00,2,1080.52,95,197,540.26,2,3,2,7,At Risk,4
13745,2011-06-30 16:43:00,2011-06-30 16:43:00,1,300.04,162,0,300.04,2,4,4,10,Can't Lose Them,8
13747,2010-12-01 10:37:00,2010-12-01 10:37:00,1,79.6,374,0,79.6,1,4,5,10,Can't Lose Them,10
13748,2011-09-05 09:45:00,2010-12-01 09:00:00,5,948.25,96,278,189.65,2,2,2,6,Lost / Low Value,4
13750,2011-10-17 12:16:00,2011-01-07 11:49:00,5,1647.26,54,283,329.452,3,2,2,7,Needs Attention,3
13751,2011-02-24 15:56:00,2011-02-24 15:56:00,1,296.25,288,0,296.25,1,4,4,9,Can't Lose Them,8
13752,2011-08-07 14:16:00,2011-04-07 12:04:00,6,1175.38,124,122,195.89666666666668,2,1,2,5,Lost / Low Value,4
13753,2011-02-25 12:48:00,2011-02-25 12:48:00,1,741.26,288,0,741.26,1,4,3,8,At Risk,5
13754,2011-07-11 11:51:00,2011-01-26 14:58:00,2,282.59999999999997,152,165,141.29999999999998,2,3,4,9,At Risk,8
13755,2011-12-06 12:26:00,2011-10-07 15:45:00,9,2108.06,4,59,234.2288888888889,5,1,1,7,New / Promising,2
13756,2011-12-07 16:44:00,2010-12-07 11:41:00,14,5189.52,2,365,370.68,5,1,1,7,New / Promising,1
13758,2011-11-28 11:11:00,2010-12-01 12:08:00,7,3190.55,12,361,455.79285714285714,5,1,1,7,New / Promising,2
13759,2011-11-06 14:47:00,2011-09-29 15:40:00,2,659.4100000000001,33,37,329.70500000000004,3,3,3,9,Needs Attention,6
13760,2011-10-16 16:13:00,2011-03-28 12:52:00,2,286.79,54,202,143.395,3,3,4,10,Needs Attention,8
13761,2011-10-20 14:01:00,2011-06-13 08:43:00,2,1070.65,50,129,535.325,3,3,2,8,Needs Attention,4
13762,2011-05-05 09:15:00,2011-05-05 09:15:00,1,306.72,219,0,306.72,1,4,4,9,Can't Lose Them,8
13763,2011-10-07 15:13:00,2011-10-07 15:13:00,1,1714.96,63,0,1714.96,3,4,2,9,Needs Attention,3
13764,2011-09-30 12:03:00,2011-01-06 14:53:00,3,1519.42,71,266,506.47333333333336,3,2,2,7,Needs Attention,3
13767,2011-12-07 15:00:00,2010-12-01 10:47:00,37,17220.36,2,371,465.41513513513513,5,1,1,7,New / Promising,1
13769,2011-12-07 15:08:00,2010-12-07 13:28:00,10,2796.51,2,365,279.651,5,1,1,7,New / Promising,2
13771,2011-10-06 14:18:00,2011-04-06 15:47:00,4,2634.45,64,182,658.6125,3,2,1,6,Needs Attention,2
13772,2011-11-06 11:43:00,2011-04-14 12:31:00,3,1122.63,34,205,374.21000000000004,3,2,2,7,Needs Attention,4
13774,2011-09-19 12:06:00,2011-09-19 12:06:00,1,345.0,82,0,345.0,2,4,4,10,Can't Lose Them,8
13777,2011-12-09 12:25:00,2010-12-01 16:01:00,33,25977.16,1,372,787.1866666666666,5,1,1,7,New / Promising,1
13778,2011-08-28 15:25:00,2011-08-28 15:25:00,1,178.7,103,0,178.7,2,4,5,11,Can't Lose Them,9
13780,2011-12-02 13:49:00,2011-06-22 11:43:00,2,360.01,7,163,180.005,5,3,4,12,Needs Attention,7
13781,2011-04-03 12:08:00,2011-04-03 12:08:00,1,127.84,251,0,127.84,1,4,5,10,Can't Lose Them,10
13782,2011-11-27 11:54:00,2011-01-16 11:08:00,6,908.86,13,315,151.47666666666666,5,1,3,9,New / Promising,5
13784,2011-11-30 09:33:00,2011-01-11 14:38:00,11,2462.79,10,322,223.89,5,1,1,7,New / Promising,2
13786,2010-12-07 13:53:00,2010-12-07 13:53:00,1,230.39999999999998,367,0,230.39999999999998,1,4,5,10,Can't Lose Them,9
13787,2011-09-25 12:06:00,2010-12-10 14:45:00,2,309.04,76,288,154.52,2,3,4,9,At Risk,8
13790,2011-12-05 15:48:00,2011-12-05 15:48:00,1,348.8,4,0,348.8,5,4,4,13,Champions,8
13791,2011-08-04 11:44:00,2011-06-24 16:38:00,2,1516.0,128,40,758.0,2,3,2,7,At Risk,3
13792,2011-10-04 14:31:00,2011-02-25 14:03:00,2,195.55,66,221,97.775,3,3,5,11,Needs Attention,9
13798,2011-12-08 15:51:00,2010-12-02 17:24:00,57,37153.85,1,370,651.8219298245614,5,1,1,7,New / Promising,1
13799,2011-08-15 12:07:00,2011-02-18 14:18:00,2,688.86,117,177,344.43,2,3,3,8,At Risk,5
13800,2011-02-03 12:27:00,2011-02-03 12:27:00,1,558.32,310,0,558.32,1,4,3,8,At Risk,6
13801,2011-10-04 10:15:00,2011-10-04 10:15:00,1,324.8,67,0,324.8,3,4,4,11,Needs Attention,8
13802,2011-07-24 10:54:00,2011-02-01 12:03:00,3,4599.42,139,172,1533.14,2,2,1,5,Lost / Low Value,1
13803,2011-03-29 12:57:00,2011-03-29 12:57:00,1,277.07,255,0,277.07,1,4,4,9,Can't Lose Them,8
13804,2011-11-09 12:32:00,2011-02-23 09:09:00,7,2588.39,31,259,369.77,4,1,1,6,New / Promising,2
13805,2011-10-18 14:50:00,2011-08-02 15:29:00,2,924.6,52,76,462.3,3,3,3,9,Needs Attention,5
13806,2011-10-07 11:43:00,2011-10-07 11:43:00,1,256.38,64,0,256.38,3,4,4,11,Needs Attention,8
13807,2010-12-07 15:48:00,2010-12-07 15:48:00,1,112.6,367,0,112.6,1,4,5,10,Can't Lose Them,10
13808,2011-12-04 12:18:00,2011-09-04 12:07:00,5,1747.66,6,91,349.53200000000004,5,2,2,9,New / Promising,3
13809,2011-02-07 13:15:00,2011-02-07 13:15:00,1,155.05,305,0,155.05,1,4,5,10,Can't Lose Them,10
13810,2011-11-11 08:33:00,2011-10-14 12:57:00,3,1499.01,29,27,499.67,4,2,2,8,New / Promising,3
13811,2011-06-09 09:54:00,2011-04-14 18:40:00,3,814.5,184,55,271.5,1,2,3,6,Lost / Low Value,5
13812,2011-10-28 14:27:00,2011-08-26 12:54:00,3,539.0,42,63,179.66666666666666,3,2,3,8,Needs Attention,6
13813,2011-10-31 10:38:00,2011-07-28 10:33:00,4,1366.8600000000001,40,95,341.71500000000003,3,2,2,7,Needs Attention,3
13814,2011-09-08 13:48:00,2011-07-25 13:54:00,2,1579.12,92,44,789.56,2,3,2,7,At Risk,3
13815,2011-11-17 14:19:00,2011-01-25 12:16:00,4,4027.36,22,296,1006.84,4,2,1,7,New / Promising,1
13816,2011-11-16 08:38:00,2011-10-06 14:37:00,2,571.6700000000001,24,40,285.83500000000004,4,3,3,10,Needs Attention,6
13817,2011-11-10 17:49:00,2010-12-23 11:46:00,2,382.98,29,322,191.49,4,3,4,11,Needs Attention,7
13819,2011-02-11 10:38:00,2011-01-24 10:38:00,3,1140.35,302,18,380.1166666666666,1,2,2,5,Lost / Low Value,4
13821,2011-07-18 09:49:00,2011-03-23 11:30:00,2,385.64,145,116,192.82,2,3,4,9,At Risk,7
13822,2011-12-04 12:13:00,2011-10-30 15:55:00,2,632.0,6,34,316.0,5,3,3,11,Needs Attention,6
13823,2011-11-21 10:22:00,2011-09-09 10:42:00,2,957.66,19,72,478.83,4,3,2,9,Needs Attention,4
13824,2011-11-07 12:41:00,2011-02-02 13:07:00,5,1698.94,33,277,339.788,3,2,2,7,Needs Attention,3
13826,2011-06-16 13:48:00,2011-06-16 13:48:00,1,189.5,176,0,189.5,2,4,5,11,Can't Lose Them,9
13827,2011-10-13 12:38:00,2011-07-19 15:38:00,3,409.8,58,85,136.6,3,2,4,9,Needs Attention,7
13828,2011-11-17 16:02:00,2011-11-17 16:02:00,1,209.49,22,0,209.49,4,4,5,13,Champions,9
13831,2011-11-23 15:41:00,2010-12-05 12:13:00,6,2198.45,16,353,366.4083333333333,4,1,1,6,New / Promising,2
13832,2011-11-20 15:36:00,2011-11-20 15:36:00,1,52.199999999999996,19,0,52.199999999999996,4,4,5,13,Champions,10
13833,2011-07-03 13:27:00,2011-07-03 13:27:00,1,383.85,159,0,383.85,2,4,4,10,Can't Lose Them,7
13835,2011-11-14 15:37:00,2011-05-08 15:22:00,4,834.57,25,190,208.6425,4,2,3,9,New / Promising,5
13837,2011-05-12 12:10:00,2011-01-26 12:15:00,2,266.59000000000003,212,105,133.29500000000002,1,3,4,8,At Risk,8
13838,2011-12-04 11:00:00,2010-12-05 10:45:00,4,674.82,6,364,168.705,5,2,3,10,New / Promising,5
13841,2011-04-01 12:10:00,2011-04-01 12:10:00,1,85.0,253,0,85.0,1,4,5,10,Can't Lose Them,10
13842,2011-10-12 10:51:00,2010-12-08 10:39:00,9,3385.62,59,308,376.18,3,1,1,5,Needs Attention,2
13844,2011-11-28 13:21:00,2011-11-28 13:21:00,1,361.62,11,0,361.62,5,4,4,13,Champions,7
13845,2011-10-06 08:25:00,2011-10-06 08:25:00,1,312.98,65,0,312.98,3,4,4,11,Needs Attention,8
13846,2011-11-15 12:07:00,2010-12-14 16:07:00,3,865.0600000000001,25,335,288.35333333333335,4,2,3,9,New / Promising,5
13848,2011-09-08 12:58:00,2010-12-08 15:10:00,3,1255.0,92,273,418.3333333333333,2,2,2,6,Lost / Low Value,4
13849,2011-10-19 10:59:00,2011-06-22 10:11:00,2,1537.95,52,119,768.975,3,3,2,8,Needs Attention,3
13850,2011-08-02 14:04:00,2011-08-02 14:04:00,1,1595.48,129,0,1595.48,2,4,2,8,At Risk,3
13851,2011-09-05 12:36:00,2011-02-24 17:18:00,3,2651.46,96,192,883.82,2,2,1,5,Lost / Low Value,2
13853,2011-10-13 14:18:00,2011-10-13 14:18:00,1,1090.14,57,0,1090.14,3,4,2,9,Needs Attention,4
13854,2011-12-01 09:06:00,2010-12-09 10:48:00,25,8109.5199999999995,9,356,324.38079999999997,5,1,1,7,New / Promising,1
13856,2011-06-24 10:03:00,2011-05-20 13:13:00,3,388.5,169,34,129.5,2,2,4,8,Lost / Low Value,7
13858,2011-10-13 16:17:00,2011-10-13 16:17:00,1,216.17,57,0,216.17,3,4,5,12,Needs Attention,9
13859,2011-01-17 16:14:00,2011-01-17 16:14:00,1,201.16,326,0,201.16,1,4,5,10,Can't Lose Them,9
13860,2011-12-08 12:57:00,2011-09-14 09:27:00,5,1245.9,1,85,249.18,5,2,2,9,New / Promising,4
13862,2011-11-21 16:24:00,2011-01-11 15:13:00,8,2209.36,18,314,276.17,4,1,1,6,New / Promising,2
13863,2011-04-06 10:20:00,2011-04-06 10:20:00,1,305.78,248,0,305.78,1,4,4,9,Can't Lose Them,8
13865,2011-10-12 13:31:00,2011-02-23 12:04:00,4,501.56,58,231,125.39,3,2,3,8,Needs Attention,6
13866,2011-09-26 14:54:00,2011-09-26 14:54:00,1,145.67000000000002,74,0,145.67000000000002,2,4,5,11,Can't Lose Them,10
13867,2011-11-08 15:48:00,2011-05-05 17:28:00,3,1005.09,31,186,335.03000000000003,4,2,2,8,New / Promising,4
13868,2011-12-02 16:32:00,2011-11-01 12:45:00,2,3192.54,7,31,1596.27,5,3,1,9,Needs Attention,2
13869,2011-08-08 13:53:00,2010-12-17 15:14:00,4,3083.65,123,233,770.9125,2,2,1,5,Lost / Low Value,2
13870,2011-12-07 13:23:00,2011-02-25 09:09:00,8,2770.94,2,285,346.3675,5,1,1,7,New / Promising,2
13871,2011-11-17 10:49:00,2011-02-04 09:30:00,13,6403.25,23,286,492.5576923076923,4,1,1,6,New / Promising,1
13873,2011-08-12 10:08:00,2011-02-03 09:37:00,3,389.6,120,190,129.86666666666667,2,2,4,8,Lost / Low Value,7
13874,2010-12-16 18:20:00,2010-12-16 18:20:00,1,540.45,358,0,540.45,1,4,3,8,At Risk,6
13875,2011-10-17 09:36:00,2011-02-11 15:39:00,5,1786.79,54,247,357.358,3,2,2,7,Needs Attention,3
13876,2011-10-07 10:22:00,2011-10-07 10:22:00,1,122.7,64,0,122.7,3,4,5,12,Needs Attention,10
13877,2011-09-14 15:49:00,2011-09-14 15:49:00,1,117.24,86,0,117.24,2,4,5,11,Can't Lose Them,10
13878,2011-10-16 12:19:00,2011-10-16 12:19:00,1,1271.57,55,0,1271.57,3,4,2,9,Needs Attention,4
13880,2011-11-18 13:44:00,2010-12-07 14:00:00,13,3219.77,21,345,247.67461538461538,4,1,1,6,New / Promising,2
13881,2011-12-06 12:50:00,2011-02-01 10:14:00,20,17159.52,4,308,857.976,5,1,1,7,New / Promising,1
13882,2011-12-07 11:16:00,2011-10-06 15:28:00,5,1191.13,3,61,238.22600000000003,5,2,2,9,New / Promising,4
13883,2011-11-29 10:45:00,2011-03-31 17:17:00,5,2674.48,11,242,534.896,5,2,1,8,New / Promising,2
13884,2011-12-02 16:30:00,2011-03-01 13:40:00,5,787.6,7,276,157.52,5,2,3,10,New / Promising,5
13885,2011-06-03 15:07:00,2011-05-23 08:52:00,2,506.8,189,11,253.4,1,3,3,7,At Risk,6
13886,2011-09-29 13:17:00,2011-09-29 13:17:00,1,243.56,71,0,243.56,3,4,5,12,Needs Attention,9
13887,2011-05-19 17:22:00,2011-05-19 17:22:00,1,349.55,204,0,349.55,1,4,4,9,Can't Lose Them,8
13888,2011-08-12 10:13:00,2011-05-05 14:41:00,2,595.67,120,98,297.835,2,3,3,8,At Risk,6
13889,2011-09-08 09:13:00,2011-09-08 09:13:00,1,416.90000000000003,93,0,416.90000000000003,2,4,4,10,Can't Lose Them,7
13890,2011-12-08 15:36:00,2010-12-16 09:31:00,10,1883.8100000000002,1,357,188.38100000000003,5,1,2,8,New / Promising,3
13892,2011-11-13 11:50:00,2011-04-07 12:04:00,4,632.97,27,219,158.2425,4,2,3,9,New / Promising,6
13893,2011-02-15 11:30:00,2011-02-15 11:30:00,1,821.1,298,0,821.1,1,4,3,8,At Risk,5
13894,2011-11-16 09:44:00,2011-02-02 12:54:00,3,564.62,24,286,188.20666666666668,4,2,3,9,New / Promising,6
13895,2011-11-11 16:57:00,2011-06-28 10:17:00,4,2593.07,28,136,648.2675,4,2,1,7,New / Promising,2
13897,2011-10-20 14:30:00,2011-10-20 14:30:00,1,311.16,50,0,311.16,3,4,4,11,Needs Attention,8
13898,2011-01-18 10:28:00,2011-01-18 10:28:00,1,155.93,326,0,155.93,1,4,5,10,Can't Lose Them,9
13899,2011-11-23 13:40:00,2011-03-10 09:30:00,2,388.52,16,258,194.26,4,3,4,11,Needs Attention,7
13900,2011-06-09 19:26:00,2011-03-22 10:13:00,3,740.95,183,79,246.98333333333335,1,2,3,6,Lost / Low Value,5
13901,2011-09-28 14:48:00,2011-01-25 09:01:00,5,2867.2,72,246,573.4399999999999,2,2,1,5,Lost / Low Value,2
13904,2011-11-02 13:41:00,2011-02-18 11:18:00,2,332.64,37,257,166.32,3,3,4,10,Needs Attention,8
13908,2011-09-21 11:49:00,2011-03-08 12:04:00,4,2369.55,80,196,592.3875,2,2,1,5,Lost / Low Value,2
13911,2011-10-13 15:43:00,2011-02-04 14:46:00,9,2580.91,57,251,286.7677777777778,3,1,1,5,Needs Attention,2
13914,2011-11-28 10:35:00,2011-11-03 16:28:00,2,626.45,12,24,313.225,5,3,3,11,Needs Attention,6
13917,2011-10-21 09:56:00,2011-06-01 12:46:00,2,272.04,50,141,136.02,3,3,4,10,Needs Attention,8
13918,2011-10-21 12:25:00,2011-03-31 18:05:00,2,1212.8400000000001,50,203,606.4200000000001,3,3,2,8,Needs Attention,4
13919,2011-10-11 14:24:00,2011-08-10 10:15:00,2,384.81,59,62,192.405,3,3,4,10,Needs Attention,7
13922,2010-12-23 10:38:00,2010-12-23 10:38:00,1,172.25,352,0,172.25,1,4,5,10,Can't Lose Them,9
13923,2011-10-17 12:33:00,2011-10-17 12:33:00,1,351.13,54,0,351.13,3,4,4,11,Needs Attention,7
13924,2011-12-08 09:39:00,2011-09-28 15:07:00,6,1838.8500000000001,2,70,306.475,5,1,2,8,New / Promising,3
13925,2011-09-08 12:47:00,2011-07-28 12:09:00,4,678.25,93,42,169.5625,2,2,3,7,Lost / Low Value,5
13926,2011-11-16 13:16:00,2011-11-16 13:16:00,1,223.85000000000002,23,0,223.85000000000002,4,4,5,13,Champions,9
13927,2011-09-26 12:00:00,2011-09-26 12:00:00,1,348.99,75,0,348.99,2,4,4,10,Can't Lose Them,8
13928,2011-11-29 10:33:00,2011-07-29 15:59:00,4,464.57,11,122,116.1425,5,2,4,11,Needs Attention,7
13929,2011-06-23 15:26:00,2011-01-17 15:11:00,2,842.65,169,157,421.325,2,3,3,8,At Risk,5
13930,2011-10-13 09:45:00,2011-07-26 11:00:00,2,337.34,58,78,168.67,3,3,4,10,Needs Attention,8
13931,2011-09-05 10:12:00,2011-03-04 08:43:00,2,1237.53,96,185,618.765,2,3,2,7,At Risk,4
13932,2011-02-18 12:02:00,2011-02-18 12:02:00,1,307.4,295,0,307.4,1,4,4,9,Can't Lose Them,8
13933,2011-08-22 14:03:00,2011-07-14 13:35:00,2,608.7900000000001,109,39,304.39500000000004,2,3,3,8,At Risk,6
13934,2011-03-21 08:39:00,2011-03-21 08:39:00,1,922.1,264,0,922.1,1,4,3,8,At Risk,5
13936,2011-06-13 08:47:00,2011-06-13 08:47:00,1,376.58,180,0,376.58,1,4,4,9,Can't Lose Them,7
13937,2011-06-23 16:35:00,2011-06-23 16:35:00,1,158.85,169,0,158.85,2,4,5,11,Can't Lose Them,9
13938,2011-11-04 14:37:00,2011-11-04 14:37:00,1,71.66,35,0,71.66,3,4,5,12,Needs Attention,10
13939,2011-11-16 13:33:00,2011-02-01 11:30:00,3,568.55,23,288,189.51666666666665,4,2,3,9,New / Promising,6
13940,2011-11-22 15:15:00,2011-07-18 16:05:00,4,839.14,17,126,209.785,4,2,3,9,New / Promising,5
13941,2011-11-18 09:43:00,2010-12-02 10:17:00,5,5112.96,22,350,1022.592,4,2,1,7,New / Promising,1
13946,2011-09-21 13:33:00,2011-03-17 10:02:00,3,561.5699999999999,79,188,187.18999999999997,2,2,3,7,Lost / Low Value,6
13947,2011-10-05 14:42:00,2011-10-05 14:42:00,1,90.6,65,0,90.6,3,4,5,12,Needs Attention,10
13948,2010-12-14 10:18:00,2010-12-14 10:18:00,1,102.0,361,0,102.0,1,4,5,10,Can't Lose Them,10
13949,2011-12-07 09:35:00,2011-09-06 11:55:00,6,2427.32,3,91,404.55333333333334,5,1,1,7,New / Promising,2
13950,2011-11-28 14:44:00,2011-04-07 11:29:00,4,745.06,11,235,186.265,5,2,3,10,New / Promising,5
13951,2011-06-16 16:43:00,2011-02-18 15:21:00,3,674.45,176,118,224.8166666666667,2,2,3,7,Lost / Low Value,5
13952,2011-05-06 09:00:00,2011-04-15 09:27:00,2,3251.071,218,20,1625.5355,1,3,1,5,At Risk,2
13953,2011-12-02 16:04:00,2010-12-22 10:29:00,7,3515.68,7,345,502.23999999999995,5,1,1,7,New / Promising,2
13954,2011-12-08 12:50:00,2011-09-30 10:52:00,2,439.92,2,69,219.96,5,3,4,12,Needs Attention,7
13955,2011-07-08 17:19:00,2011-02-07 12:24:00,2,322.96,154,151,161.48,2,3,4,9,At Risk,8
13956,2011-12-04 13:20:00,2011-03-13 12:51:00,5,1019.27,5,266,203.85399999999998,5,2,2,9,New / Promising,4
13959,2011-09-21 15:06:00,2010-12-12 13:56:00,3,594.04,79,283,198.01333333333332,2,2,3,7,Lost / Low Value,6
13960,2011-11-18 15:27:00,2011-09-29 12:39:00,2,230.22,21,50,115.11,4,3,5,12,Needs Attention,9
13962,2011-11-18 08:47:00,2011-04-08 11:21:00,2,169.55,22,223,84.775,4,3,5,12,Needs Attention,9
13963,2011-02-04 14:43:00,2010-12-07 09:21:00,4,664.54,308,59,166.135,1,2,3,6,Lost / Low Value,6
13967,2011-07-17 12:02:00,2011-07-17 12:02:00,1,80.7,146,0,80.7,2,4,5,11,Can't Lose Them,10
13969,2011-12-02 15:11:00,2010-12-09 19:32:00,18,9024.17,7,357,501.34277777777777,5,1,1,7,New / Promising,1
13971,2011-11-21 12:06:00,2011-02-27 12:27:00,8,2758.26,19,266,344.7825,4,1,1,6,New / Promising,2
13972,2011-09-30 11:54:00,2011-05-22 11:34:00,2,190.25,71,131,95.125,3,3,5,11,Needs Attention,9
13973,2011-02-25 15:21:00,2011-02-25 15:21:00,1,264.7,287,0,264.7,1,4,4,9,Can't Lose Them,8
13974,2011-10-21 14:41:00,2011-10-21 14:41:00,1,413.59000000000003,49,0,413.59000000000003,3,4,4,11,Needs Attention,7
13975,2011-11-08 13:19:00,2011-03-08 12:19:00,6,2461.2400000000002,31,245,410.2066666666667,4,1,1,6,New / Promising,2
13976,2011-05-17 09:13:00,2011-05-17 09:13:00,1,357.98,207,0,357.98,1,4,4,9,Can't Lose Them,7
13978,2011-11-25 11:36:00,2011-10-25 15:04:00,2,196.79000000000002,15,30,98.39500000000001,4,3,5,12,Needs Attention,9
13979,2011-09-27 13:32:00,2011-09-27 13:32:00,1,869.87,73,0,869.87,2,4,3,9,At Risk,5
13980,2011-10-10 13:34:00,2011-10-10 13:34:00,1,200.14,60,0,200.14,3,4,5,12,Needs Attention,9
13982,2011-10-31 16:24:00,2010-12-09 13:57:00,4,1871.81,39,326,467.9525,3,2,2,7,Needs Attention,3
13983,2011-11-10 11:06:00,2010-12-08 10:38:00,12,2603.43,30,337,216.9525,4,1,1,6,New / Promising,2
13984,2011-11-13 12:38:00,2010-12-08 15:58:00,5,920.51,27,339,184.102,4,2,3,9,New / Promising,5
13985,2011-12-05 17:06:00,2011-03-20 13:48:00,15,7060.13,4,260,470.67533333333336,5,1,1,7,New / Promising,1
13986,2011-11-22 15:00:00,2011-11-22 15:00:00,1,320.46,17,0,320.46,4,4,4,12,Champions,8
13988,2011-11-20 10:15:00,2011-03-30 11:48:00,6,4147.96,20,234,691.3266666666667,4,1,1,6,New / Promising,1
13989,2011-10-05 09:47:00,2011-04-14 15:39:00,2,1266.08,66,173,633.04,3,3,2,8,Needs Attention,4
13990,2011-05-10 15:19:00,2011-05-10 15:19:00,1,311.3,213,0,311.3,1,4,4,9,Can't Lose Them,8
13991,2011-11-27 16:18:00,2011-07-19 12:58:00,6,852.88,12,131,142.14666666666668,5,1,3,9,New / Promising,5
13992,2011-11-09 15:23:00,2011-11-09 15:23:00,1,76.8,30,0,76.8,4,4,5,13,Champions,10
13993,2011-10-28 09:06:00,2011-01-13 10:43:00,9,3466.36,43,287,385.1511111111111,3,1,1,5,Needs Attention,2
13994,2011-12-06 11:05:00,2011-07-14 18:28:00,6,2274.14,4,144,379.0233333333333,5,1,1,7,New / Promising,2
13995,2011-11-24 14:22:00,2011-04-08 08:20:00,5,1393.69,15,230,278.738,4,2,2,8,New / Promising,3
13999,2011-11-29 13:40:00,2010-12-13 11:23:00,12,3901.81,10,351,325.1508333333333,5,1,1,7,New / Promising,1
14000,2011-05-12 16:50:00,2011-05-12 16:50:00,1,635.66,211,0,635.66,1,4,3,8,At Risk,6
14001,2011-10-25 10:31:00,2010-12-01 12:58:00,3,2043.0800000000002,46,327,681.0266666666668,3,2,2,7,Needs Attention,3
14002,2011-07-28 15:55:00,2011-07-06 14:59:00,2,529.73,134,22,264.865,2,3,3,8,At Risk,6
14004,2011-10-27 14:40:00,2011-02-24 09:28:00,7,4582.64,43,245,654.6628571428572,3,1,1,5,Needs Attention,1
14005,2011-11-30 12:41:00,2011-05-08 10:33:00,5,2874.72,10,206,574.944,5,2,1,8,New / Promising,2
14006,2011-08-16 09:39:00,2011-01-31 15:11:00,3,962.19,116,196,320.73,2,2,2,6,Lost / Low Value,4
14009,2011-05-25 15:47:00,2011-05-18 13:00:00,2,695.61,198,7,347.805,1,3,3,7,At Risk,5
14012,2011-03-07 12:26:00,2011-03-07 12:26:00,1,328.8,278,0,328.8,1,4,4,9,Can't Lose Them,8
14013,2011-08-21 15:01:00,2011-03-09 08:59:00,3,473.02,110,165,157.67333333333332,2,2,4,8,Lost / Low Value,7
14014,2011-09-23 13:18:00,2011-09-23 13:18:00,1,505.18,77,0,505.18,2,4,3,9,At Risk,6
14015,2011-10-18 10:02:00,2011-10-18 10:02:00,1,917.34,53,0,917.34,3,4,3,10,Needs Attention,5
14016,2011-07-01 11:29:00,2010-12-17 14:21:00,4,4341.21,162,195,1085.3025,2,2,1,5,Lost / Low Value,1
14019,2011-10-24 10:13:00,2011-07-24 15:39:00,3,1421.61,47,91,473.86999999999995,3,2,2,7,Needs Attention,3
14020,2011-11-23 09:22:00,2011-09-12 15:32:00,2,642.8,17,71,321.4,4,3,3,10,Needs Attention,6
14021,2011-07-07 15:46:00,2011-03-28 15:10:00,3,631.9,155,101,210.63333333333333,2,2,3,7,Lost / Low Value,6
14022,2011-04-28 14:39:00,2011-04-28 14:39:00,1,440.0,225,0,440.0,1,4,4,9,Can't Lose Them,7
14023,2011-12-02 13:58:00,2011-04-03 15:50:00,2,584.07,7,242,292.035,5,3,3,11,Needs Attention,6
14024,2011-08-10 11:30:00,2011-08-07 13:31:00,2,327.7,122,2,163.85,2,3,4,9,At Risk,8
14027,2011-10-10 09:01:00,2011-10-10 09:01:00,1,104.82,61,0,104.82,3,4,5,12,Needs Attention,10
14029,2011-10-07 14:46:00,2011-07-18 16:57:00,2,467.66,63,80,233.83,3,3,4,10,Needs Attention,7
14030,2011-11-21 16:48:00,2010-12-08 16:11:00,8,2358.84,18,348,294.855,4,1,1,6,New / Promising,2
14031,2011-12-02 17:13:00,2010-12-02 16:34:00,19,17286.86,7,365,909.8347368421053,5,1,1,7,New / Promising,1
14032,2011-12-07 15:23:00,2010-12-08 10:53:00,11,2975.59,2,364,270.5081818181818,5,1,1,7,New / Promising,2
14034,2011-11-17 14:02:00,2011-07-05 13:06:00,3,648.89,22,135,216.29666666666665,4,2,3,9,New / Promising,6
14035,2011-11-11 10:03:00,2011-02-15 12:48:00,5,1428.02,29,268,285.604,4,2,2,8,New / Promising,3
14036,2011-02-28 09:26:00,2011-02-28 09:26:00,1,626.65,285,0,626.65,1,4,3,8,At Risk,6
14037,2011-06-16 13:57:00,2010-12-10 11:39:00,2,147.20000000000002,176,188,73.60000000000001,2,3,5,10,At Risk,10
14038,2011-09-22 13:37:00,2011-05-16 14:05:00,3,1560.38,78,128,520.1266666666667,2,2,2,6,Lost / Low Value,3
14039,2011-11-06 13:48:00,2011-11-06 13:48:00,1,152.2,33,0,152.2,3,4,5,12,Needs Attention,10
14040,2011-10-30 12:42:00,2011-01-12 14:57:00,12,3560.32,41,290,296.6933333333333,3,1,1,5,Needs Attention,2
14041,2011-03-18 13:25:00,2011-03-18 13:25:00,1,141.41,266,0,141.41,1,4,5,10,Can't Lose Them,10
14044,2011-11-13 12:05:00,2011-02-03 11:39:00,4,646.42,27,283,161.605,4,2,3,9,New / Promising,6
14045,2011-08-22 15:27:00,2010-12-01 11:32:00,4,1659.75,109,264,414.9375,2,2,2,6,Lost / Low Value,3
14046,2011-02-28 14:48:00,2011-02-28 14:48:00,1,154.99,284,0,154.99,1,4,5,10,Can't Lose Them,10
14047,2011-12-01 11:43:00,2010-12-02 10:09:00,5,1308.6100000000001,9,364,261.72200000000004,5,2,2,9,New / Promising,4
14048,2011-02-07 14:53:00,2011-02-07 14:53:00,1,409.93,305,0,409.93,1,4,4,9,Can't Lose Them,7
14049,2011-11-23 12:20:00,2011-01-26 11:27:00,4,5578.72,17,301,1394.68,4,2,1,7,New / Promising,1
14050,2011-11-08 10:00:00,2011-08-25 13:46:00,2,746.36,32,74,373.18,4,3,3,10,Needs Attention,5
14051,2011-12-09 10:20:00,2010-12-08 12:49:00,23,15610.390000000001,1,365,678.7126086956522,5,1,1,7,New / Promising,1
14052,2011-11-20 12:30:00,2011-11-20 12:30:00,1,225.36,20,0,225.36,4,4,5,13,Champions,9
14053,2011-08-07 14:27:00,2011-07-03 12:21:00,2,260.25,124,35,130.125,2,3,4,9,At Risk,8
14054,2011-10-05 15:49:00,2011-10-05 15:49:00,1,92.46,65,0,92.46,3,4,5,12,Needs Attention,10
14055,2011-08-25 15:04:00,2011-08-25 15:04:00,1,725.6400000000001,106,0,725.6400000000001,2,4,3,9,At Risk,5
14056,2011-12-08 13:36:00,2011-02-28 15:19:00,23,8152.71,1,282,354.46565217391304,5,1,1,7,New / Promising,1
14057,2011-11-16 10:32:00,2010-12-14 12:11:00,17,6211.66,24,336,365.39176470588234,4,1,1,6,New / Promising,1
14059,2011-03-18 10:06:00,2011-03-18 10:06:00,1,183.6,267,0,183.6,1,4,5,10,Can't Lose Them,9
14060,2011-12-05 12:29:00,2010-12-02 12:11:00,19,6140.42,5,368,323.18,5,1,1,7,New / Promising,1
14062,2011-11-30 10:04:00,2010-12-10 15:56:00,12,10464.85,10,354,872.0708333333333,5,1,1,7,New / Promising,1
14064,2011-11-10 13:14:00,2011-03-10 12:59:00,5,1334.34,29,245,266.868,4,2,2,8,New / Promising,4
14066,2011-03-18 12:21:00,2011-03-18 12:21:00,1,152.55,267,0,152.55,1,4,5,10,Can't Lose Them,10
14067,2011-10-07 10:21:00,2011-09-04 12:00:00,2,374.7,64,32,187.35,3,3,4,10,Needs Attention,7
14068,2011-01-23 16:02:00,2011-01-23 16:02:00,1,265.85,320,0,265.85,1,4,4,9,Can't Lose Them,8
14071,2011-12-06 12:27:00,2011-03-20 11:33:00,8,1437.57,4,261,179.69625,5,1,2,8,New / Promising,3
14073,2011-11-07 15:49:00,2011-11-07 15:49:00,1,151.04,32,0,151.04,4,4,5,13,Champions,10
14075,2011-12-05 08:38:00,2011-03-23 16:35:00,3,942.26,5,256,314.08666666666664,5,2,2,9,New / Promising,4
14076,2011-08-02 15:19:00,2011-08-02 15:19:00,1,118.67,129,0,118.67,2,4,5,11,Can't Lose Them,10
14077,2011-10-30 12:35:00,2011-03-10 15:52:00,5,499.41999999999996,41,233,99.88399999999999,3,2,3,8,Needs Attention,6
14078,2011-08-30 12:16:00,2010-12-01 12:54:00,6,1049.37,102,271,174.89499999999998,2,1,2,5,Lost / Low Value,4
14079,2011-08-07 12:10:00,2011-08-07 12:10:00,1,375.1,125,0,375.1,2,4,4,10,Can't Lose Them,7
14080,2011-11-07 11:09:00,2011-11-07 11:09:00,1,45.599999999999994,33,0,45.599999999999994,3,4,5,12,Needs Attention,10
14081,2011-02-10 16:17:00,2010-12-05 15:47:00,2,921.62,302,67,460.81,1,3,3,7,At Risk,5
14082,2010-12-10 11:02:00,2010-12-10 11:02:00,1,182.25,365,0,182.25,1,4,5,10,Can't Lose Them,9
14083,2011-12-05 13:14:00,2010-12-03 12:24:00,9,1002.9,4,367,111.43333333333334,5,1,2,8,New / Promising,4
14085,2011-12-07 13:46:00,2010-12-06 12:39:00,18,4421.29,2,366,245.62722222222223,5,1,1,7,New / Promising,1
14087,2011-12-07 12:41:00,2011-12-07 12:41:00,1,191.47,3,0,191.47,5,4,5,14,Champions,9
14088,2011-11-29 16:16:00,2011-01-21 13:07:00,13,50491.81,10,312,3883.9853846153846,5,1,1,7,New / Promising,1
14089,2011-10-14 10:38:00,2011-10-14 10:38:00,1,158.75,57,0,158.75,3,4,5,12,Needs Attention,9
14090,2011-01-19 10:51:00,2011-01-19 10:51:00,1,76.32000000000001,325,0,76.32000000000001,1,4,5,10,Can't Lose Them,10
14092,2011-12-02 12:13:00,2010-12-16 15:47:00,14,4076.91,8,350,291.2078571428571,5,1,1,7,New / Promising,1
14093,2011-11-27 16:27:00,2011-11-27 16:27:00,1,433.86,12,0,433.86,5,4,4,13,Champions,7
14096,2011-12-05 17:17:00,2011-08-30 10:49:00,17,65164.79,4,97,3833.2229411764706,5,1,1,7,New / Promising,1
14098,2011-11-03 10:13:00,2011-11-03 10:13:00,1,147.35,37,0,147.35,3,4,5,12,Needs Attention,10
14099,2011-11-23 13:53:00,2010-12-20 11:14:00,11,3104.17,16,338,282.1972727272727,4,1,1,6,New / Promising,2
14100,2011-07-25 11:01:00,2011-07-25 11:01:00,1,191.95000000000002,138,0,191.95000000000002,2,4,5,11,Can't Lose Them,9
14101,2011-09-27 12:28:00,2011-01-17 13:09:00,6,5976.79,74,252,996.1316666666667,2,1,1,4,Lost / Low Value,1
14102,2011-12-04 15:38:00,2011-10-26 12:46:00,5,1105.8799999999999,5,39,221.176,5,2,2,9,New / Promising,4
14104,2011-07-08 12:50:00,2011-06-27 12:49:00,2,216.20999999999998,155,11,108.10499999999999,2,3,5,10,At Risk,9
14105,2011-04-14 17:58:00,2011-04-14 17:58:00,1,1266.23,239,0,1266.23,1,4,2,7,At Risk,4
14107,2011-10-19 12:12:00,2010-12-10 13:29:00,7,2703.23,52,312,386.17571428571426,3,1,1,5,Needs Attention,2
14108,2011-11-09 10:41:00,2011-08-30 11:32:00,2,597.91,31,70,298.955,4,3,3,10,Needs Attention,6
14109,2011-09-28 10:18:00,2011-09-28 10:18:00,1,144.2,73,0,144.2,2,4,5,11,Can't Lose Them,10
14110,2011-12-06 12:26:00,2011-03-18 09:59:00,12,5683.15,4,263,473.5958333333333,5,1,1,7,New / Promising,1
14111,2011-11-25 13:44:00,2011-04-12 11:36:00,4,692.85,14,227,173.2125,4,2,3,9,New / Promising,5
14112,2011-11-17 12:30:00,2011-03-09 11:28:00,7,2915.15,23,253,416.45,4,1,1,6,New / Promising,2
14113,2011-12-06 12:18:00,2010-12-20 12:14:00,4,1840.42,4,351,460.105,5,2,2,9,New / Promising,3
14114,2011-03-11 09:42:00,2011-01-13 11:05:00,2,386.53,274,56,193.265,1,3,4,8,At Risk,7
14116,2011-11-20 10:29:00,2011-08-10 12:44:00,5,1382.74,20,101,276.548,4,2,2,8,New / Promising,3
14117,2011-07-19 09:49:00,2011-07-19 09:49:00,1,90.0,144,0,90.0,2,4,5,11,Can't Lose Them,10
14121,2011-12-06 12:19:00,2011-10-11 10:39:00,4,2780.15,4,56,695.0375,5,2,1,8,New / Promising,2
14124,2011-09-16 13:32:00,2011-09-16 13:32:00,1,419.58000000000004,84,0,419.58000000000004,2,4,4,10,Can't Lose Them,7
14125,2011-11-29 12:47:00,2011-09-22 15:40:00,3,2720.63,11,67,906.8766666666667,5,2,1,8,New / Promising,2
14126,2011-12-02 11:45:00,2011-11-29 12:21:00,3,706.1300000000001,8,2,235.3766666666667,5,2,3,10,New / Promising,5
14127,2011-08-09 10:49:00,2011-02-02 12:26:00,3,709.71,123,187,236.57000000000002,2,2,3,7,Lost / Low Value,5
14128,2011-10-10 12:00:00,2011-03-29 10:49:00,2,637.5,61,195,318.75,3,3,3,9,Needs Attention,6
14129,2011-12-08 11:02:00,2011-03-24 08:44:00,5,1123.8600000000001,2,259,224.77200000000002,5,2,2,9,New / Promising,4
14130,2011-01-24 16:05:00,2011-01-24 16:05:00,1,480.91,319,0,480.91,1,4,4,9,Can't Lose Them,7
14132,2011-12-07 13:35:00,2011-06-09 12:04:00,11,3586.0299999999997,2,181,326.00272727272727,5,1,1,7,New / Promising,2
14133,2011-08-02 11:34:00,2011-01-28 11:27:00,3,605.64,130,186,201.88,2,2,3,7,Lost / Low Value,6
14135,2011-12-08 11:38:00,2010-12-02 10:27:00,15,4690.31,2,371,312.68733333333336,5,1,1,7,New / Promising,1
14138,2011-12-08 12:44:00,2011-10-07 09:38:00,2,965.8800000000001,2,62,482.94000000000005,5,3,2,10,Needs Attention,4
14139,2011-10-24 13:34:00,2011-10-24 13:34:00,1,415.82,46,0,415.82,3,4,4,11,Needs Attention,7
14140,2011-12-06 09:05:00,2011-11-08 11:20:00,2,935.05,4,27,467.525,5,3,2,10,Needs Attention,4
14141,2011-12-07 09:53:00,2011-08-26 14:40:00,4,915.13,3,102,228.7825,5,2,3,10,New / Promising,5
14142,2010-12-01 16:33:00,2010-12-01 16:33:00,1,311.81,373,0,311.81,1,4,4,9,Can't Lose Them,8
14143,2011-07-29 09:48:00,2011-07-29 09:48:00,1,115.8,134,0,115.8,2,4,5,11,Can't Lose Them,10
14145,2011-10-24 12:10:00,2011-05-06 13:01:00,4,3742.2,47,170,935.55,3,2,1,6,Needs Attention,1
14146,2011-12-01 10:18:00,2010-12-17 15:52:00,5,4191.0,9,348,838.2,5,2,1,8,New / Promising,1
14147,2011-09-22 18:10:00,2011-02-27 11:42:00,2,483.4,78,207,241.7,2,3,4,9,At Risk,7
14148,2011-04-20 12:02:00,2011-04-20 12:02:00,1,157.2,234,0,157.2,1,4,5,10,Can't Lose Them,9
14149,2011-05-03 09:44:00,2011-05-03 09:44:00,1,446.62,221,0,446.62,1,4,4,9,Can't Lose Them,7
14150,2011-11-04 10:05:00,2010-12-15 10:04:00,2,658.64,36,324,329.32,3,3,3,9,Needs Attention,6
14152,2011-09-25 12:54:00,2011-04-19 15:46:00,2,621.29,75,158,310.645,2,3,3,8,At Risk,6
14154,2011-04-14 16:26:00,2011-04-14 15:58:00,2,1345.62,239,0,672.81,1,3,2,6,At Risk,4
14155,2011-03-18 14:13:00,2011-03-18 14:13:00,1,118.75,266,0,118.75,1,4,5,10,Can't Lose Them,10
14156,2011-11-30 10:54:00,2010-12-03 11:48:00,55,117210.08,10,361,2131.0923636363636,5,1,1,7,New / Promising,1
14157,2011-11-20 11:32:00,2011-02-27 13:04:00,2,424.89000000000004,20,265,212.44500000000002,4,3,4,11,Needs Attention,7
14158,2011-10-30 15:08:00,2011-10-30 15:08:00,1,507.66,40,0,507.66,3,4,3,10,Needs Attention,6
14159,2011-11-20 12:36:00,2010-12-12 11:17:00,11,4630.35,20,343,420.94090909090914,4,1,1,6,New / Promising,1
14161,2011-05-08 11:41:00,2010-12-05 13:18:00,3,1097.6200000000001,216,153,365.8733333333334,1,2,2,5,Lost / Low Value,4
14162,2011-06-19 11:36:00,2011-02-20 12:32:00,2,289.36,174,118,144.68,2,3,4,9,At Risk,8
14163,2011-09-13 15:18:00,2011-04-14 17:33:00,4,2445.91,87,151,611.4775,2,2,1,5,Lost / Low Value,2
14164,2011-09-30 12:24:00,2011-09-20 12:18:00,2,1631.77,71,10,815.885,3,3,2,8,Needs Attention,3
14165,2011-03-09 12:39:00,2011-03-09 12:39:00,1,120.44,276,0,120.44,1,4,5,10,Can't Lose Them,10
14167,2011-10-31 14:29:00,2011-01-12 15:44:00,4,562.59,39,291,140.6475,3,2,3,8,Needs Attention,6
14171,2011-09-02 16:43:00,2011-09-02 16:43:00,1,363.79,98,0,363.79,2,4,4,10,Can't Lose Them,7
14173,2011-11-29 11:54:00,2011-05-04 14:03:00,4,450.84,11,208,112.71,5,2,4,11,Needs Attention,7
14174,2011-11-06 13:17:00,2011-11-06 13:17:00,1,134.46,33,0,134.46,3,4,5,12,Needs Attention,10
14175,2011-10-11 11:55:00,2011-01-14 12:22:00,3,3222.3,60,269,1074.1000000000001,3,2,1,6,Needs Attention,2
14176,2011-02-15 13:12:00,2010-12-07 11:45:00,4,576.9000000000001,297,70,144.22500000000002,1,2,3,6,Lost / Low Value,6
14177,2011-09-14 15:11:00,2011-06-13 11:10:00,4,549.46,86,93,137.365,2,2,3,7,Lost / Low Value,6
14178,2011-12-01 12:01:00,2011-06-10 12:51:00,7,1600.26,9,173,228.60857142857142,5,1,2,8,New / Promising,3
14179,2011-10-30 12:07:00,2011-10-18 14:00:00,2,701.57,41,11,350.785,3,3,3,9,Needs Attention,5
14180,2011-11-29 10:56:00,2010-12-02 13:08:00,25,4748.52,11,361,189.94080000000002,5,1,1,7,New / Promising,1
14184,2011-10-04 12:43:00,2011-10-04 12:43:00,1,452.89,67,0,452.89,3,4,4,11,Needs Attention,7
14185,2011-01-12 13:52:00,2011-01-12 13:52:00,1,197.65,331,0,197.65,1,4,5,10,Can't Lose Them,9
14188,2011-11-09 12:45:00,2011-02-02 13:46:00,6,2054.36,31,279,342.3933333333334,4,1,2,7,New / Promising,3
14189,2011-12-07 15:55:00,2010-12-06 11:42:00,15,4654.08,2,366,310.272,5,1,1,7,New / Promising,1
14191,2011-12-08 09:23:00,2011-05-03 10:30:00,13,4684.76,2,218,360.36615384615385,5,1,1,7,New / Promising,1
14193,2011-10-03 09:34:00,2011-03-15 11:38:00,2,853.39,68,201,426.695,3,3,3,9,Needs Attention,5
14194,2011-12-05 10:38:00,2011-02-04 14:51:00,21,11349.52,5,303,540.4533333333334,5,1,1,7,New / Promising,1
14195,2011-05-22 10:29:00,2011-04-01 16:50:00,2,1012.0,202,50,506.0,1,3,2,6,At Risk,4
14196,2011-08-25 10:25:00,2011-08-25 10:25:00,1,335.52,107,0,335.52,2,4,4,10,Can't Lose Them,8
14198,2011-11-21 16:35:00,2011-04-14 14:54:00,4,701.4,18,221,175.35,4,2,3,9,New / Promising,5
14199,2011-05-05 13:44:00,2011-05-05 13:44:00,1,185.39999999999998,218,0,185.39999999999998,1,4,5,10,Can't Lose Them,9
14201,2011-10-10 13:27:00,2010-12-15 13:25:00,7,747.44,60,299,106.77714285714286,3,1,3,7,Needs Attention,5
14204,2011-12-07 13:38:00,2011-12-07 13:38:00,1,150.61,2,0,150.61,5,4,5,14,Champions,10
14205,2011-11-23 10:55:00,2011-03-20 15:07:00,2,466.7,17,247,233.35,4,3,4,11,Needs Attention,7
14206,2011-04-14 16:38:00,2011-04-14 16:38:00,1,328.15999999999997,239,0,328.15999999999997,1,4,4,9,Can't Lose Them,8
14208,2011-09-06 12:48:00,2011-09-06 12:48:00,1,151.74,95,0,151.74,2,4,5,11,Can't Lose Them,10
14209,2011-11-29 10:18:00,2011-01-11 12:56:00,6,2073.43,11,321,345.57166666666666,5,1,1,7,New / Promising,2
14210,2011-08-26 12:36:00,2010-12-03 12:43:00,6,1905.8400000000001,106,265,317.64000000000004,2,1,2,5,Lost / Low Value,3
14211,2011-10-17 13:23:00,2011-02-17 15:50:00,9,2241.1,53,241,249.0111111111111,3,1,1,5,Needs Attention,2
14212,2011-09-11 12:45:00,2011-09-11 12:45:00,1,1070.48,90,0,1070.48,2,4,2,8,At Risk,4
14214,2011-11-09 10:31:00,2011-03-07 12:26:00,5,1004.38,31,246,200.876,4,2,2,8,New / Promising,4
14215,2011-11-28 12:19:00,2010-12-06 15:34:00,6,1789.72,12,356,298.2866666666667,5,1,2,8,New / Promising,3
14216,2011-12-06 14:56:00,2011-11-02 10:51:00,4,1839.3,3,34,459.825,5,2,2,9,New / Promising,3
14217,2011-12-08 11:53:00,2010-12-08 13:28:00,17,2004.98,2,364,117.94,5,1,2,8,New / Promising,3
14218,2011-10-28 10:00:00,2011-10-28 10:00:00,1,169.48000000000002,43,0,169.48000000000002,3,4,5,12,Needs Attention,9
14219,2011-12-05 16:23:00,2011-12-05 16:23:00,1,89.94,4,0,89.94,5,4,5,14,Champions,10
14220,2011-04-06 13:23:00,2010-12-16 18:18:00,2,632.4,247,110,316.2,1,3,3,7,At Risk,6
14221,2011-10-28 13:42:00,2011-01-04 15:33:00,9,3432.8,42,296,381.4222222222222,3,1,1,5,Needs Attention,2
14222,2011-06-15 16:42:00,2011-06-15 16:42:00,1,683.17,177,0,683.17,2,4,3,9,At Risk,5
14223,2011-09-08 13:38:00,2011-03-20 16:02:00,3,991.13,92,171,330.37666666666667,2,2,2,6,Lost / Low Value,4
14224,2011-08-21 13:24:00,2011-01-23 13:58:00,4,1009.73,110,209,252.4325,2,2,2,6,Lost / Low Value,4
14226,2011-11-11 11:34:00,2011-03-15 15:36:00,5,2214.79,29,240,442.95799999999997,4,2,1,7,New / Promising,2
14227,2011-11-13 15:48:00,2011-02-28 12:27:00,10,3350.96,26,258,335.096,4,1,1,6,New / Promising,2
14229,2011-10-19 10:04:00,2011-01-10 12:03:00,3,1547.2,52,281,515.7333333333333,3,2,2,7,Needs Attention,3
14231,2011-06-09 11:05:00,2011-02-24 11:55:00,3,925.71,184,104,308.57,1,2,3,6,Lost / Low Value,5
14232,2011-10-28 11:09:00,2011-03-20 12:44:00,5,2048.07,43,221,409.61400000000003,3,2,2,7,Needs Attention,3
14233,2011-10-21 15:54:00,2011-01-26 12:43:00,4,1462.72,49,268,365.68,3,2,2,7,Needs Attention,3
14234,2011-11-17 17:53:00,2011-10-13 13:58:00,4,754.12,22,35,188.53,4,2,3,9,New / Promising,5
14235,2011-09-25 14:37:00,2011-03-24 13:23:00,5,3144.86,75,185,628.972,2,2,1,5,Lost / Low Value,2
14236,2011-09-20 09:13:00,2010-12-02 18:49:00,2,490.86,81,291,245.43,2,3,3,8,At Risk,6
14237,2010-12-01 13:20:00,2010-12-01 13:20:00,1,161.0,373,0,161.0,1,4,5,10,Can't Lose Them,9
14238,2011-01-17 14:40:00,2011-01-17 14:40:00,1,146.85,326,0,146.85,1,4,5,10,Can't Lose Them,10
14239,2011-10-27 14:40:00,2011-01-27 14:45:00,11,2380.85,43,272,216.4409090909091,3,1,1,5,Needs Attention,2
14240,2011-11-09 13:45:00,2011-04-28 11:40:00,2,890.34,30,195,445.17,4,3,3,10,Needs Attention,5
14241,2011-06-09 11:46:00,2011-06-09 11:46:00,1,213.70000000000002,184,0,213.70000000000002,1,4,5,10,Can't Lose Them,9
14242,2011-04-19 11:46:00,2011-01-18 08:53:00,2,280.55,235,91,140.275,1,3,4,8,At Risk,8
14243,2011-12-01 11:12:00,2010-12-09 08:34:00,10,2588.77,9,357,258.877,5,1,1,7,New / Promising,2
14245,2011-05-04 08:40:00,2011-03-21 10:41:00,2,1693.45,220,43,846.725,1,3,2,6,At Risk,3
14246,2011-08-21 11:50:00,2011-04-08 08:25:00,3,1474.06,111,135,491.3533333333333,2,2,2,6,Lost / Low Value,3
14247,2011-03-06 15:21:00,2011-03-06 15:21:00,1,136.76999999999998,278,0,136.76999999999998,1,4,5,10,Can't Lose Them,10
14248,2011-01-25 14:45:00,2011-01-25 14:45:00,1,302.58,318,0,302.58,1,4,4,9,Can't Lose Them,8
14250,2011-12-02 14:30:00,2011-09-11 13:44:00,3,1904.05,7,82,634.6833333333333,5,2,2,9,New / Promising,3
14251,2011-12-08 08:32:00,2011-10-13 12:46:00,5,2879.7000000000003,2,55,575.94,5,2,1,8,New / Promising,2
14256,2011-03-24 13:17:00,2010-12-10 11:44:00,2,969.0600000000001,260,104,484.53000000000003,1,3,2,6,At Risk,4
14257,2011-10-06 16:54:00,2011-01-25 10:49:00,5,3099.7200000000003,64,254,619.9440000000001,3,2,1,6,Needs Attention,2
14258,2011-11-30 15:27:00,2011-01-06 12:18:00,9,12669.98,9,328,1407.7755555555555,5,1,1,7,New / Promising,1
14259,2011-07-21 10:44:00,2011-07-21 10:44:00,1,120.0,142,0,120.0,2,4,5,11,Can't Lose Them,10
14261,2011-10-20 10:04:00,2011-09-22 10:47:00,2,1163.45,51,27,581.725,3,3,2,8,Needs Attention,4
14262,2011-12-01 14:17:00,2011-04-13 12:23:00,8,2618.23,8,232,327.27875,5,1,1,7,New / Promising,2
14264,2011-07-08 10:20:00,2011-04-08 12:20:00,2,333.97,155,90,166.985,2,3,4,9,At Risk,8
14265,2011-08-22 13:32:00,2011-07-14 09:10:00,2,530.18,109,39,265.09,2,3,3,8,At Risk,6
14267,2011-06-30 10:09:00,2011-03-24 11:38:00,3,1516.24,163,97,505.41333333333336,2,2,2,6,Lost / Low Value,3
14270,2011-01-12 09:33:00,2011-01-12 09:33:00,1,492.65000000000003,332,0,492.65000000000003,1,4,3,8,At Risk,6
14271,2011-04-28 12:47:00,2011-04-28 12:47:00,1,112.32,226,0,112.32,1,4,5,10,Can't Lose Them,10
14272,2011-09-27 10:08:00,2011-03-30 13:57:00,2,437.96,74,180,218.98,2,3,4,9,At Risk,7
14273,2011-10-19 13:20:00,2011-04-11 13:24:00,4,559.97,51,190,139.9925,3,2,3,8,Needs Attention,6
14276,2011-09-02 09:45:00,2011-02-23 09:38:00,3,1119.74,99,191,373.24666666666667,2,2,2,6,Lost / Low Value,4
14277,2011-11-24 15:01:00,2011-05-11 13:20:00,3,4188.0,15,197,1396.0,4,2,1,7,New / Promising,1
14280,2011-05-27 10:37:00,2011-05-27 10:37:00,1,134.04,197,0,134.04,1,4,5,10,Can't Lose Them,10
14282,2011-12-06 17:04:00,2010-12-07 12:21:00,15,3701.44,3,364,246.76266666666666,5,1,1,7,New / Promising,1
14284,2011-11-09 08:11:00,2011-09-14 13:04:00,2,595.25,31,55,297.625,4,3,3,10,Needs Attention,6
14285,2011-11-18 14:50:00,2011-06-16 12:36:00,4,1910.01,21,155,477.5025,4,2,2,8,New / Promising,3
14286,2011-11-16 10:34:00,2011-04-11 08:16:00,3,4628.75,24,219,1542.9166666666667,4,2,1,7,New / Promising,1
14287,2011-12-01 13:25:00,2011-05-25 11:41:00,3,176.63,8,190,58.876666666666665,5,2,5,12,Needs Attention,9
14288,2011-05-10 13:22:00,2011-05-10 13:22:00,1,426.6,213,0,426.6,1,4,4,9,Can't Lose Them,7
14289,2011-12-01 11:44:00,2011-02-23 12:33:00,6,911.26,9,280,151.87666666666667,5,1,3,9,New / Promising,5
14290,2011-11-28 14:02:00,2010-12-13 10:24:00,5,2314.65,11,350,462.93,5,2,1,8,New / Promising,2
14291,2011-12-08 10:26:00,2011-03-09 15:20:00,11,3883.25,2,273,353.02272727272725,5,1,1,7,New / Promising,1
14292,2011-12-02 11:50:00,2011-03-02 08:26:00,9,4871.93,8,275,541.3255555555556,5,1,1,7,New / Promising,1
14293,2011-12-06 15:17:00,2010-12-06 10:18:00,4,1046.56,3,365,261.64,5,2,2,9,New / Promising,4
14295,2011-10-30 15:50:00,2011-10-30 15:50:00,1,166.20000000000002,40,0,166.20000000000002,3,4,5,12,Needs Attention,9
14297,2011-11-22 09:06:00,2011-03-10 08:31:00,4,1305.33,18,257,326.3325,4,2,2,8,New / Promising,4
14298,2011-12-01 13:12:00,2010-12-14 12:59:00,44,51527.3,8,352,1171.075,5,1,1,7,New / Promising,1
14299,2011-12-01 16:05:00,2010-12-09 10:30:00,9,3965.62,8,357,440.6244444444444,5,1,1,7,New / Promising,1
14300,2011-11-21 08:57:00,2011-11-21 08:57:00,1,43.2,19,0,43.2,4,4,5,13,Champions,10
14301,2011-08-14 15:33:00,2011-08-14 15:33:00,1,640.14,117,0,640.14,2,4,3,9,At Risk,6
14304,2011-05-01 11:50:00,2011-05-01 11:50:00,1,383.45,223,0,383.45,1,4,4,9,Can't Lose Them,7
14305,2011-09-29 15:29:00,2011-07-27 14:14:00,3,1858.96,71,64,619.6533333333333,3,2,2,7,Needs Attention,3
14306,2011-10-19 13:23:00,2011-09-15 10:31:00,2,2093.32,51,34,1046.66,3,3,1,7,Needs Attention,2
14307,2011-09-12 09:38:00,2010-12-01 11:41:00,6,2995.72,89,284,499.28666666666663,2,1,1,4,Lost / Low Value,2
14309,2011-12-01 13:33:00,2010-12-16 13:05:00,9,2352.53,8,350,261.39222222222224,5,1,1,7,New / Promising,2
14311,2011-04-11 10:14:00,2011-04-11 10:14:00,1,310.26,243,0,310.26,1,4,4,9,Can't Lose Them,8
14312,2011-10-24 09:46:00,2011-01-06 16:35:00,6,1611.59,47,290,268.5983333333333,3,1,2,6,Needs Attention,3
14314,2011-08-25 10:39:00,2011-08-25 10:39:00,1,120.0,107,0,120.0,2,4,5,11,Can't Lose Them,10
14315,2011-10-26 12:06:00,2011-03-18 12:59:00,6,2481.13,45,221,413.5216666666667,3,1,1,5,Needs Attention,2
14317,2011-10-06 10:44:00,2011-10-06 10:44:00,1,508.58000000000004,65,0,508.58000000000004,3,4,3,10,Needs Attention,6
14320,2011-05-17 09:24:00,2011-01-11 09:12:00,2,477.79,207,126,238.895,1,3,4,8,At Risk,7
14321,2011-11-29 09:47:00,2011-01-10 11:35:00,5,1530.75,11,322,306.15,5,2,2,9,New / Promising,3
14323,2011-08-17 11:37:00,2011-04-15 11:44:00,2,605.0600000000001,115,123,302.53000000000003,2,3,3,8,At Risk,6
14326,2011-04-11 15:04:00,2011-04-11 15:04:00,1,183.85,242,0,183.85,1,4,5,10,Can't Lose Them,9
14327,2011-06-29 13:58:00,2011-06-29 13:58:00,1,311.65,163,0,311.65,2,4,4,10,Can't Lose Them,8
14329,2011-11-22 15:50:00,2011-01-14 13:42:00,7,4975.24,17,312,710.7485714285714,4,1,1,6,New / Promising,1
14331,2011-08-07 13:17:00,2011-07-27 15:14:00,2,462.65999999999997,124,10,231.32999999999998,2,3,4,9,At Risk,7
14332,2011-11-17 11:54:00,2011-07-15 10:33:00,3,840.21,23,125,280.07,4,2,3,9,New / Promising,5
14333,2011-10-03 10:38:00,2011-10-03 10:38:00,1,415.2,68,0,415.2,3,4,4,11,Needs Attention,7
14334,2011-11-23 10:01:00,2010-12-16 17:37:00,8,2552.21,17,341,319.02625,4,1,1,6,New / Promising,2
14335,2011-11-23 13:41:00,2011-09-04 13:07:00,2,454.86,16,80,227.43,4,3,4,11,Needs Attention,7
14336,2011-11-23 11:40:00,2011-03-08 16:48:00,4,1614.91,17,259,403.7275,4,2,2,8,New / Promising,3
14338,2011-07-01 14:08:00,2011-05-27 13:30:00,2,588.22,161,35,294.11,2,3,3,8,At Risk,6
14339,2011-04-11 11:06:00,2011-04-11 11:06:00,1,309.52,243,0,309.52,1,4,4,9,Can't Lose Them,8
14340,2011-05-05 09:44:00,2011-05-05 09:44:00,1,134.7,219,0,134.7,1,4,5,10,Can't Lose Them,10
14341,2011-10-25 15:48:00,2011-01-25 13:55:00,8,2166.98,45,273,270.8725,3,1,1,5,Needs Attention,2
14342,2011-11-18 13:21:00,2011-05-13 13:50:00,4,668.5600000000001,21,188,167.14000000000001,4,2,3,9,New / Promising,6
14344,2011-08-04 13:51:00,2010-12-06 11:58:00,8,889.9300000000001,127,241,111.24125000000001,2,1,3,6,Lost / Low Value,5
14345,2011-11-01 09:51:00,2011-11-01 09:51:00,1,108.97999999999999,39,0,108.97999999999999,3,4,5,12,Needs Attention,10
14346,2011-08-11 09:47:00,2011-02-15 13:52:00,2,1021.58,121,176,510.79,2,3,2,7,At Risk,4
14348,2011-03-24 16:23:00,2011-03-24 16:23:00,1,409.57,260,0,409.57,1,4,4,9,Can't Lose Them,7
14349,2011-11-29 15:39:00,2011-11-29 15:39:00,1,133.5,10,0,133.5,5,4,5,14,Champions,10
14350,2011-03-10 14:14:00,2011-03-10 14:14:00,1,282.93,274,0,282.93,1,4,4,9,Can't Lose Them,8
14351,2011-06-28 11:56:00,2011-06-28 11:56:00,1,51.0,165,0,51.0,2,4,5,11,Can't Lose Them,10
14352,2011-07-05 15:41:00,2011-03-11 14:58:00,4,1078.96,157,116,269.74,2,2,2,6,Lost / Low Value,4
14353,2011-05-08 16:06:00,2011-05-08 16:06:00,1,90.6,215,0,90.6,1,4,5,10,Can't Lose Them,10
14354,2011-12-04 11:32:00,2011-11-09 15:36:00,2,163.62,6,24,81.81,5,3,5,13,Needs Attention,9
14355,2010-12-09 12:16:00,2010-12-09 12:16:00,1,174.4,366,0,174.4,1,4,5,10,Can't Lose Them,9
14356,2011-09-21 09:18:00,2011-09-19 14:43:00,2,701.23,80,1,350.615,2,3,3,8,At Risk,5
14357,2011-10-27 16:23:00,2011-10-27 16:23:00,1,225.12,43,0,225.12,3,4,5,12,Needs Attention,9
14359,2011-11-20 13:17:00,2011-09-13 09:03:00,3,912.18,19,68,304.06,4,2,3,9,New / Promising,5
14360,2011-11-08 09:12:00,2011-09-06 11:58:00,4,2118.03,32,62,529.5075,4,2,1,7,New / Promising,2
14362,2011-11-17 15:08:00,2011-11-17 15:08:00,1,151.5,22,0,151.5,4,4,5,13,Champions,10
14364,2011-08-23 11:01:00,2011-05-12 12:56:00,8,3717.35,109,102,464.66875,2,1,1,4,Lost / Low Value,1
14367,2011-12-01 13:19:00,2011-03-08 14:12:00,16,9227.82,8,267,576.73875,5,1,1,7,New / Promising,1
14368,2011-01-24 09:52:00,2011-01-24 09:52:00,1,155.0,320,0,155.0,1,4,5,10,Can't Lose Them,10
14371,2011-02-17 16:35:00,2011-02-17 16:35:00,1,100.5,295,0,100.5,1,4,5,10,Can't Lose Them,10
14373,2010-12-16 15:40:00,2010-12-16 15:40:00,1,76.55,358,0,76.55,1,4,5,10,Can't Lose Them,10
14375,2011-06-07 13:44:00,2011-06-07 13:44:00,1,235.56,185,0,235.56,1,4,5,10,Can't Lose Them,9
14377,2011-06-01 13:32:00,2011-03-22 13:38:00,2,617.05,191,70,308.525,1,3,3,7,At Risk,6
14379,2011-10-26 16:43:00,2011-02-17 15:03:00,2,348.1,44,251,174.05,3,3,4,10,Needs Attention,8
14381,2011-10-18 17:10:00,2011-10-18 17:10:00,1,202.68,52,0,202.68,3,4,5,12,Needs Attention,9
14382,2011-11-13 16:18:00,2011-11-13 16:18:00,1,615.49,26,0,615.49,4,4,3,11,Loyal,6
14383,2011-11-01 15:53:00,2011-06-29 10:18:00,3,1247.69,38,125,415.8966666666667,3,2,2,7,Needs Attention,4
14385,2011-11-30 15:36:00,2011-11-16 11:55:00,3,202.11,9,14,67.37,5,2,5,12,Needs Attention,9
14386,2011-02-16 09:45:00,2011-02-16 09:45:00,1,142.4,297,0,142.4,1,4,5,10,Can't Lose Them,10
14387,2011-11-07 12:29:00,2011-08-22 14:13:00,3,1727.6,33,76,575.8666666666667,3,2,2,7,Needs Attention,3
14388,2011-11-29 13:32:00,2010-12-02 11:02:00,8,3212.84,10,362,401.605,5,1,1,7,New / Promising,2
14389,2011-10-05 15:17:00,2011-06-02 12:04:00,2,1043.46,65,125,521.73,3,3,2,8,Needs Attention,4
14390,2011-11-29 13:49:00,2010-12-02 11:57:00,9,4642.57,10,362,515.8411111111111,5,1,1,7,New / Promising,1
14393,2011-05-05 18:16:00,2011-05-05 18:16:00,1,67.95,218,0,67.95,1,4,5,10,Can't Lose Them,10
14395,2011-12-07 14:34:00,2010-12-02 18:15:00,9,3479.91,2,369,386.65666666666664,5,1,1,7,New / Promising,2
14396,2011-10-05 16:09:00,2010-12-03 15:19:00,2,487.99,65,306,243.995,3,3,3,9,Needs Attention,6
14397,2011-12-07 09:22:00,2011-05-10 12:25:00,19,2612.96,3,210,137.52421052631578,5,1,1,7,New / Promising,2
14400,2011-07-13 15:50:00,2011-07-13 15:50:00,1,574.7,149,0,574.7,2,4,3,9,At Risk,6
14401,2011-12-05 13:30:00,2010-12-15 09:07:00,13,4051.48,4,355,311.6523076923077,5,1,1,7,New / Promising,1
14403,2011-08-01 12:57:00,2011-04-06 14:23:00,4,1475.81,130,116,368.9525,2,2,2,6,Lost / Low Value,3
14404,2011-11-06 12:30:00,2010-12-05 16:00:00,6,1449.32,34,335,241.5533333333333,3,1,2,6,Needs Attention,3
14406,2011-08-12 16:54:00,2011-08-12 16:54:00,1,156.75,119,0,156.75,2,4,5,11,Can't Lose Them,9
14407,2011-08-24 14:02:00,2011-03-08 11:59:00,6,2157.73,107,169,359.62166666666667,2,1,1,4,Lost / Low Value,2
14408,2011-11-29 11:41:00,2011-03-20 14:41:00,7,2599.03,11,253,371.29,5,1,1,7,New / Promising,2
14409,2011-09-29 18:18:00,2010-12-06 15:03:00,6,2059.4500000000003,71,297,343.24166666666673,3,1,1,5,Needs Attention,2
14410,2011-09-08 15:08:00,2011-02-07 09:36:00,9,1100.27,92,213,122.25222222222222,2,1,2,5,Lost / Low Value,4
14411,2011-02-02 10:56:00,2011-02-02 10:56:00,1,1063.0,311,0,1063.0,1,4,2,7,At Risk,4
14412,2011-10-28 10:45:00,2011-09-28 08:48:00,2,770.03,43,30,385.015,3,3,3,9,Needs Attention,5
14413,2010-12-12 13:37:00,2010-12-12 13:37:00,1,121.05,362,0,121.05,1,4,5,10,Can't Lose Them,10
14414,2011-09-09 12:09:00,2010-12-16 11:11:00,7,1496.98,92,267,213.8542857142857,2,1,2,5,Lost / Low Value,3
14415,2011-12-08 14:38:00,2010-12-14 13:31:00,13,5855.57,1,359,450.42846153846153,5,1,1,7,New / Promising,1
14416,2011-11-17 15:22:00,2011-10-28 15:10:00,2,490.22,22,20,245.11,4,3,3,10,Needs Attention,6
14418,2011-12-06 11:39:00,2011-08-23 17:18:00,3,1937.25,4,104,645.75,5,2,2,9,New / Promising,3
14419,2011-11-29 11:22:00,2010-12-10 10:56:00,6,1051.79,11,354,175.29833333333332,5,1,2,8,New / Promising,4
14420,2011-09-01 18:07:00,2011-09-01 18:07:00,1,387.52,99,0,387.52,2,4,4,10,Can't Lose Them,7
14421,2011-10-13 13:24:00,2011-05-12 10:49:00,2,813.11,57,154,406.555,3,3,3,9,Needs Attention,5
14422,2011-12-09 11:26:00,2011-03-17 17:26:00,6,4263.64,1,266,710.6066666666667,5,1,1,7,New / Promising,1
14423,2011-05-05 15:12:00,2011-05-05 15:12:00,1,265.2,218,0,265.2,1,4,4,9,Can't Lose Them,8
14424,2011-11-22 11:48:00,2011-11-22 11:48:00,1,322.08,18,0,322.08,4,4,4,12,Champions,8
14426,2011-11-16 12:25:00,2011-01-31 09:51:00,10,4481.67,24,289,448.16700000000003,4,1,1,6,New / Promising,1
14427,2011-10-20 14:23:00,2011-10-07 09:10:00,2,363.34000000000003,50,13,181.67000000000002,3,3,4,10,Needs Attention,7
14428,2011-12-02 13:17:00,2011-01-18 16:39:00,5,1224.06,7,317,244.81199999999998,5,2,2,9,New / Promising,4
14431,2011-02-10 10:40:00,2011-02-10 10:40:00,1,470.36,303,0,470.36,1,4,4,9,Can't Lose Them,7
14432,2011-11-30 08:04:00,2011-09-11 14:09:00,6,2248.5,10,79,374.75,5,1,1,7,New / Promising,2
14434,2011-11-18 08:56:00,2011-09-28 15:31:00,6,1372.8,22,50,228.79999999999998,4,1,2,7,New / Promising,3
14436,2011-09-02 10:13:00,2011-09-02 10:13:00,1,89.06,99,0,89.06,2,4,5,11,Can't Lose Them,10
14437,2010-12-09 09:27:00,2010-12-09 09:27:00,1,63.0,366,0,63.0,1,4,5,10,Can't Lose Them,10
14438,2011-02-06 14:56:00,2011-02-06 14:56:00,1,131.9,306,0,131.9,1,4,5,10,Can't Lose Them,10
14439,2011-01-24 11:39:00,2011-01-24 11:39:00,1,2661.24,320,0,2661.24,1,4,1,6,At Risk,2
14440,2011-12-01 15:42:00,2010-12-09 12:49:00,5,2357.6800000000003,8,357,471.53600000000006,5,2,1,8,New / Promising,2
14441,2011-12-09 09:07:00,2011-03-29 12:01:00,4,1712.89,1,254,428.2225,5,2,2,9,New / Promising,3
14442,2011-05-19 11:36:00,2011-01-27 09:33:00,2,1589.82,205,112,794.91,1,3,2,6,At Risk,3
14443,2011-10-17 10:10:00,2010-12-06 11:03:00,4,1420.2,54,314,355.05,3,2,2,7,Needs Attention,3
14446,2011-12-09 11:34:00,2011-04-07 12:10:00,4,1010.35,1,245,252.5875,5,2,2,9,New / Promising,4
14447,2011-11-21 08:28:00,2011-03-04 10:49:00,5,1163.23,19,261,232.64600000000002,4,2,2,8,New / Promising,4
14448,2011-11-30 13:50:00,2010-12-10 17:26:00,2,375.35,9,354,187.675,5,3,4,12,Needs Attention,7
14449,2011-11-21 12:06:00,2010-12-02 14:09:00,4,885.8,19,353,221.45,4,2,3,9,New / Promising,5
14450,2011-06-12 10:46:00,2011-01-23 11:53:00,3,483.25,181,139,161.08333333333334,1,2,4,7,Lost / Low Value,7
14451,2011-10-10 13:38:00,2011-05-29 12:35:00,2,643.9,60,134,321.95,3,3,3,9,Needs Attention,6
14452,2011-11-29 12:06:00,2011-09-07 11:32:00,2,259.05,11,83,129.525,5,3,4,12,Needs Attention,8
14453,2011-06-02 14:15:00,2011-06-02 14:15:00,1,119.93,190,0,119.93,1,4,5,10,Can't Lose Them,10
14456,2011-12-04 13:59:00,2011-07-20 13:06:00,9,3017.28,5,137,335.25333333333333,5,1,1,7,New / Promising,2
14457,2011-02-02 09:39:00,2011-02-02 09:39:00,1,113.64,311,0,113.64,1,4,5,10,Can't Lose Them,10
14459,2011-07-07 13:35:00,2011-07-07 13:35:00,1,1837.92,155,0,1837.92,2,4,2,8,At Risk,3
14460,2011-08-21 14:19:00,2011-02-02 11:55:00,3,434.34,110,200,144.78,2,2,4,8,Lost / Low Value,7
14461,2011-07-14 17:11:00,2011-03-23 12:15:00,3,2103.06,148,113,701.02,2,2,1,5,Lost / Low Value,2
14462,2011-10-04 15:55:00,2011-01-04 12:45:00,11,1980.57,66,273,180.05181818181816,3,1,2,6,Needs Attention,3
14463,2011-09-02 15:20:00,2011-05-18 14:42:00,3,529.62,98,107,176.54,2,2,3,7,Lost / Low Value,6
14465,2011-04-07 12:38:00,2011-02-10 12:13:00,3,1038.44,247,56,346.1466666666667,1,2,2,5,Lost / Low Value,4
14466,2011-11-10 14:07:00,2010-12-02 13:36:00,7,2272.4,29,343,324.62857142857143,4,1,1,6,New / Promising,2
14467,2011-11-22 12:48:00,2011-01-31 12:35:00,4,596.26,18,295,149.065,4,2,3,9,New / Promising,6
14470,2011-11-28 10:31:00,2011-02-25 11:56:00,2,461.19,12,275,230.595,5,3,4,12,Needs Attention,7
14472,2011-08-28 11:01:00,2010-12-19 14:03:00,8,1852.67,104,251,231.58375,2,1,2,5,Lost / Low Value,3
14473,2011-09-26 15:10:00,2011-03-02 13:56:00,2,234.34000000000003,74,208,117.17000000000002,2,3,5,10,At Risk,9
14474,2011-10-24 13:26:00,2011-10-24 13:26:00,1,547.66,46,0,547.66,3,4,3,10,Needs Attention,6
14475,2011-09-29 10:46:00,2011-02-08 10:12:00,3,925.85,72,233,308.6166666666667,2,2,3,7,Lost / Low Value,5
14476,2011-03-27 15:39:00,2011-03-27 15:39:00,1,193.0,257,0,193.0,1,4,5,10,Can't Lose Them,9
14477,2011-11-20 11:11:00,2011-02-15 15:44:00,4,1309.6,20,277,327.4,4,2,2,8,New / Promising,4
14479,2011-03-31 09:07:00,2010-12-09 12:59:00,2,316.25,254,111,158.125,1,3,4,8,At Risk,8
14480,2011-11-28 16:35:00,2011-11-28 16:35:00,1,279.05,11,0,279.05,5,4,4,13,Champions,8
14481,2011-06-28 10:38:00,2011-02-25 13:53:00,2,636.51,165,122,318.255,2,3,3,8,At Risk,6
14482,2011-11-21 13:14:00,2011-04-14 16:41:00,6,2022.81,18,220,337.135,4,1,2,7,New / Promising,3
14483,2011-03-03 10:26:00,2011-03-03 10:26:00,1,137.1,282,0,137.1,1,4,5,10,Can't Lose Them,10
14484,2011-10-20 14:11:00,2011-10-20 14:11:00,1,321.92,50,0,321.92,3,4,4,11,Needs Attention,8
14485,2011-11-01 12:25:00,2011-11-01 12:25:00,1,162.8,39,0,162.8,3,4,5,12,Needs Attention,9
14487,2011-11-13 12:17:00,2010-12-06 13:22:00,6,1165.48,27,341,194.24666666666667,4,1,2,7,New / Promising,4
14488,2011-10-03 09:30:00,2011-10-03 09:30:00,1,1064.28,68,0,1064.28,3,4,2,9,Needs Attention,4
14489,2011-05-16 14:51:00,2011-05-16 14:51:00,1,463.38,207,0,463.38,1,4,4,9,Can't Lose Them,7
14491,2011-06-17 15:22:00,2010-12-02 12:10:00,2,340.93,175,197,170.465,2,3,4,9,At Risk,8
14493,2011-12-02 16:14:00,2011-07-07 16:59:00,5,2383.2400000000002,7,147,476.648,5,2,1,8,New / Promising,2
14494,2011-11-14 09:21:00,2011-11-14 09:21:00,1,139.56,26,0,139.56,4,4,5,13,Champions,10
14495,2011-10-20 12:28:00,2011-08-10 14:13:00,2,123.8,51,70,61.9,3,3,5,11,Needs Attention,10
14496,2011-02-01 09:01:00,2010-12-01 15:35:00,2,538.8100000000001,312,61,269.40500000000003,1,3,3,7,At Risk,6
14497,2011-02-03 17:01:00,2011-02-03 17:01:00,1,475.37,309,0,475.37,1,4,4,9,Can't Lose Them,7
14498,2011-10-28 12:09:00,2010-12-13 11:29:00,5,1957.32,43,319,391.464,3,2,2,7,Needs Attention,3
14499,2011-11-13 13:01:00,2011-03-06 11:55:00,3,808.44,26,252,269.48,4,2,3,9,New / Promising,5
14500,2011-09-12 16:45:00,2011-06-03 10:08:00,3,356.85,88,101,118.95,2,2,4,8,Lost / Low Value,7
14501,2011-06-09 12:02:00,2011-01-24 10:43:00,2,251.21,184,136,125.605,1,3,4,8,At Risk,8
14502,2011-11-20 11:50:00,2011-01-30 15:52:00,11,2429.83,20,293,220.89363636363635,4,1,1,6,New / Promising,2
14503,2011-12-06 13:30:00,2011-06-14 10:00:00,6,3543.26,3,175,590.5433333333334,5,1,1,7,New / Promising,2
14504,2011-10-23 16:00:00,2011-03-06 14:38:00,4,673.26,47,231,168.315,3,2,3,8,Needs Attention,5
14505,2011-11-22 15:45:00,2010-12-12 16:14:00,8,5859.43,17,344,732.42875,4,1,1,6,New / Promising,1
14506,2011-11-22 13:02:00,2010-12-05 14:25:00,5,1960.65,17,351,392.13,4,2,2,8,New / Promising,3
14507,2011-11-16 12:21:00,2011-03-08 17:23:00,6,1367.88,24,252,227.98000000000002,4,1,2,7,New / Promising,3
14508,2011-11-17 19:48:00,2011-09-11 11:29:00,2,268.05,22,67,134.025,4,3,4,11,Needs Attention,8
14511,2011-11-28 17:05:00,2011-07-29 12:13:00,5,1314.81,11,122,262.962,5,2,2,9,New / Promising,4
14512,2011-06-05 12:39:00,2011-04-21 19:05:00,2,275.28,188,44,137.64,1,3,4,8,At Risk,8
14513,2011-08-31 11:25:00,2011-02-24 09:36:00,3,455.59000000000003,101,188,151.86333333333334,2,2,4,8,Lost / Low Value,7
14514,2011-10-09 16:05:00,2011-01-12 15:22:00,3,990.2,61,270,330.06666666666666,3,2,2,7,Needs Attention,4
14515,2011-11-22 11:37:00,2011-05-05 12:13:00,6,2076.89,18,200,346.1483333333333,4,1,1,6,New / Promising,2
14517,2011-11-06 14:20:00,2011-07-21 11:42:00,2,330.45,33,108,165.225,3,3,4,10,Needs Attention,8
14518,2011-10-06 14:43:00,2011-10-06 14:43:00,1,174.37,64,0,174.37,3,4,5,12,Needs Attention,9
14520,2011-12-08 09:46:00,2011-02-22 09:15:00,2,270.6,2,289,135.3,5,3,4,12,Needs Attention,8
14522,2011-11-15 13:24:00,2011-05-25 16:01:00,4,974.54,24,173,243.635,4,2,2,8,New / Promising,4
14523,2011-08-23 13:13:00,2011-08-23 13:13:00,1,241.09,108,0,241.09,2,4,5,11,Can't Lose Them,9
14524,2011-11-08 12:29:00,2010-12-14 11:01:00,9,1843.83,32,329,204.87,4,1,2,7,New / Promising,3
14525,2011-11-20 11:37:00,2010-12-13 17:40:00,9,4215.9,20,341,468.4333333333333,4,1,1,6,New / Promising,1
14527,2011-12-07 12:19:00,2010-12-05 13:17:00,55,8507.13,3,366,154.6750909090909,5,1,1,7,New / Promising,1
14528,2011-11-02 17:09:00,2011-11-02 17:09:00,1,364.21999999999997,37,0,364.21999999999997,3,4,4,11,Needs Attention,7
14529,2011-10-10 15:27:00,2011-08-21 14:10:00,3,578.61,60,50,192.87,3,2,3,8,Needs Attention,6
14530,2011-11-14 10:38:00,2011-02-16 10:47:00,6,2862.11,26,270,477.0183333333334,4,1,1,6,New / Promising,2
14532,2011-04-17 13:05:00,2010-12-22 13:48:00,4,932.85,236,115,233.2125,1,2,3,6,Lost / Low Value,5
14533,2011-11-15 12:05:00,2010-12-22 11:07:00,7,1949.72,25,328,278.5314285714286,4,1,2,7,New / Promising,3
14534,2011-12-07 12:19:00,2011-01-25 12:33:00,18,4397.3,3,315,244.29444444444445,5,1,1,7,New / Promising,1
14535,2011-10-10 15:39:00,2011-04-05 12:50:00,3,2854.84,60,188,951.6133333333333,3,2,1,6,Needs Attention,2
14536,2011-03-25 12:21:00,2011-03-25 12:21:00,1,170.95,260,0,170.95,1,4,5,10,Can't Lose Them,9
14537,2011-10-13 10:54:00,2011-10-13 10:54:00,1,355.56,58,0,355.56,3,4,4,11,Needs Attention,7
14538,2011-10-06 10:31:00,2011-03-28 14:57:00,2,388.25,65,191,194.125,3,3,4,10,Needs Attention,7
14539,2011-11-24 09:50:00,2011-10-26 12:03:00,2,537.48,16,28,268.74,4,3,3,10,Needs Attention,6
14540,2011-11-30 10:15:00,2011-02-03 15:02:00,3,952.66,10,299,317.55333333333334,5,2,2,9,New / Promising,4
14541,2011-10-12 10:08:00,2011-01-24 14:16:00,8,1453.35,59,260,181.66875,3,1,2,6,Needs Attention,3
14542,2011-06-07 08:19:00,2011-06-07 08:19:00,1,103.25,186,0,103.25,1,4,5,10,Can't Lose Them,10
14543,2011-11-11 12:45:00,2010-12-10 11:51:00,16,3599.73,29,336,224.983125,4,1,1,6,New / Promising,2
14544,2011-11-15 15:06:00,2010-12-13 12:50:00,2,2004.3,24,337,1002.15,4,3,2,9,Needs Attention,3
14546,2011-12-04 13:00:00,2011-04-05 12:37:00,5,2573.93,5,243,514.786,5,2,1,8,New / Promising,2
14547,2011-12-06 11:06:00,2011-10-16 14:35:00,8,3974.75,4,50,496.84375,5,1,1,7,New / Promising,1
14548,2011-07-12 12:19:00,2011-01-26 08:38:00,2,652.8,151,167,326.4,2,3,3,8,At Risk,6
14549,2011-02-01 13:47:00,2011-02-01 13:47:00,1,289.24,311,0,289.24,1,4,4,9,Can't Lose Them,8
14550,2011-11-29 12:12:00,2011-10-26 12:14:00,2,757.37,11,33,378.685,5,3,3,11,Needs Attention,5
14551,2011-11-21 13:36:00,2011-05-19 18:21:00,2,186.23,18,185,93.115,4,3,5,12,Needs Attention,9
14552,2011-07-11 12:49:00,2011-07-11 12:49:00,1,164.22,152,0,164.22,2,4,5,11,Can't Lose Them,9
14553,2011-11-20 13:20:00,2011-01-04 15:40:00,5,859.27,19,319,171.85399999999998,4,2,3,9,New / Promising,5
14554,2011-11-29 16:44:00,2011-10-18 13:04:00,4,2279.4900000000002,10,42,569.8725000000001,5,2,1,8,New / Promising,2
14555,2011-10-13 16:24:00,2011-02-10 17:19:00,2,312.54,57,244,156.27,3,3,4,10,Needs Attention,8
14557,2011-09-15 15:48:00,2011-09-15 15:48:00,1,788.38,85,0,788.38,2,4,3,9,At Risk,5
14560,2011-12-02 15:22:00,2010-12-17 09:22:00,22,2237.77,7,350,101.71681818181818,5,1,1,7,New / Promising,2
14561,2011-09-25 12:39:00,2011-06-08 13:26:00,3,1080.76,76,108,360.25333333333333,2,2,2,6,Lost / Low Value,4
14562,2011-12-06 11:05:00,2011-02-08 14:45:00,18,5006.77,4,300,278.1538888888889,5,1,1,7,New / Promising,1
14565,2011-09-05 09:07:00,2010-12-13 13:25:00,4,3099.12,96,265,774.78,2,2,1,5,Lost / Low Value,2
14566,2011-08-21 11:05:00,2011-08-21 11:05:00,1,1432.0,111,0,1432.0,2,4,2,8,At Risk,3
14567,2011-10-14 10:21:00,2011-08-01 13:48:00,2,1530.3600000000001,57,73,765.1800000000001,3,3,2,8,Needs Attention,3
14569,2011-12-08 14:58:00,2011-12-08 14:58:00,1,227.39,1,0,227.39,5,4,5,14,Champions,9
14570,2011-03-04 10:58:00,2011-03-04 10:39:00,2,218.06,281,0,109.03,1,3,5,9,At Risk,9
14572,2011-12-06 14:40:00,2011-01-19 17:23:00,7,2804.54,3,320,400.6485714285714,5,1,1,7,New / Promising,2
14573,2011-06-13 11:15:00,2010-12-02 19:59:00,9,1639.82,180,192,182.20222222222222,1,1,2,4,Lost / Low Value,3
14576,2010-12-02 17:51:00,2010-12-02 17:51:00,1,35.400000000000006,372,0,35.400000000000006,1,4,5,10,Can't Lose Them,10
14577,2011-11-27 12:47:00,2010-12-12 11:26:00,4,859.71,13,350,214.9275,5,2,3,10,New / Promising,5
14578,2011-12-06 17:18:00,2011-12-06 17:18:00,1,168.63,3,0,168.63,5,4,5,14,Champions,9
14581,2011-11-23 12:39:00,2011-11-23 12:39:00,1,138.6,17,0,138.6,4,4,5,13,Champions,10
14582,2011-10-30 11:56:00,2011-10-30 11:56:00,1,114.11,41,0,114.11,3,4,5,12,Needs Attention,10
14583,2011-12-04 12:32:00,2011-05-18 11:28:00,5,986.96,6,200,197.392,5,2,2,9,New / Promising,4
14584,2011-06-23 18:33:00,2011-05-25 17:31:00,4,1033.06,169,29,258.265,2,2,2,6,Lost / Low Value,4
14585,2011-10-20 14:33:00,2011-10-20 14:33:00,1,157.05,50,0,157.05,3,4,5,12,Needs Attention,9
14586,2011-03-08 10:04:00,2011-03-08 10:04:00,1,237.36,277,0,237.36,1,4,5,10,Can't Lose Them,9
14587,2011-11-21 11:34:00,2011-01-12 13:16:00,9,1580.29,19,312,175.58777777777777,4,1,2,7,New / Promising,3
14589,2010-12-03 11:42:00,2010-12-03 11:42:00,1,39.75,372,0,39.75,1,4,5,10,Can't Lose Them,10
14591,2011-11-24 13:57:00,2011-05-10 14:09:00,4,1320.21,15,197,330.0525,4,2,2,8,New / Promising,4
14592,2011-11-04 16:35:00,2011-10-06 18:08:00,3,557.94,35,28,185.98000000000002,3,2,3,8,Needs Attention,6
14593,2011-11-18 12:48:00,2011-05-25 11:14:00,3,617.15,22,177,205.71666666666667,4,2,3,9,New / Promising,6
14594,2011-12-02 13:28:00,2010-12-01 13:54:00,2,363.33,7,365,181.665,5,3,4,12,Needs Attention,7
14595,2011-11-20 12:12:00,2011-01-30 13:36:00,6,1740.6,20,293,290.09999999999997,4,1,2,7,New / Promising,3
14597,2011-11-28 13:13:00,2011-06-01 12:33:00,2,866.24,11,180,433.12,5,3,3,11,Needs Attention,5
14598,2011-10-26 13:19:00,2011-10-26 13:19:00,1,221.97,44,0,221.97,3,4,5,12,Needs Attention,9
14600,2011-02-07 09:48:00,2011-02-07 09:48:00,1,393.33000000000004,306,0,393.33000000000004,1,4,4,9,Can't Lose Them,7
14601,2011-11-29 09:48:00,2011-11-29 09:48:00,1,213.96,11,0,213.96,5,4,5,14,Champions,9
14603,2011-03-10 10:27:00,2011-03-10 10:27:00,1,660.0,275,0,660.0,1,4,3,8,At Risk,6
14606,2011-12-08 19:28:00,2010-12-01 16:57:00,93,12076.15,1,372,129.8510752688172,5,1,1,7,New / Promising,1
14607,2011-11-24 10:35:00,2011-03-23 15:22:00,14,16209.5,16,245,1157.8214285714287,4,1,1,6,New / Promising,1
14608,2011-12-05 16:52:00,2010-12-12 14:49:00,4,1785.15,4,358,446.2875,5,2,2,9,New / Promising,3
14609,2011-09-28 12:54:00,2011-02-16 12:10:00,4,601.56,72,224,150.39,2,2,3,7,Lost / Low Value,6
14616,2011-04-11 09:54:00,2011-01-26 12:42:00,3,406.08000000000004,243,74,135.36,1,2,4,7,Lost / Low Value,7
14618,2011-11-30 13:45:00,2011-01-06 11:59:00,3,553.44,9,328,184.48000000000002,5,2,3,10,New / Promising,6
14619,2011-04-08 07:37:00,2011-04-08 07:37:00,1,394.44,246,0,394.44,1,4,4,9,Can't Lose Them,7
14620,2011-05-18 11:58:00,2011-03-01 08:30:00,2,412.78000000000003,206,78,206.39000000000001,1,3,4,8,At Risk,7
14621,2011-12-08 16:22:00,2010-12-16 13:00:00,5,1788.3600000000001,1,357,357.672,5,2,2,9,New / Promising,3
14622,2011-06-08 12:42:00,2011-06-08 12:42:00,1,320.58000000000004,185,0,320.58000000000004,1,4,4,9,Can't Lose Them,8
14623,2011-11-07 13:56:00,2011-04-18 13:54:00,5,886.7,32,203,177.34,4,2,3,9,New / Promising,5
14624,2011-10-13 13:44:00,2011-10-11 14:39:00,2,225.85,57,1,112.925,3,3,5,11,Needs Attention,9
14625,2011-05-27 15:32:00,2010-12-13 15:36:00,2,899.63,196,164,449.815,1,3,3,7,At Risk,5
14626,2011-11-16 10:37:00,2011-04-20 13:18:00,4,2791.27,24,209,697.8175,4,2,1,7,New / Promising,2
14628,2011-09-09 14:58:00,2011-04-11 14:43:00,2,671.96,91,151,335.98,2,3,3,8,At Risk,5
14629,2011-12-05 16:55:00,2011-10-23 16:13:00,2,955.26,4,43,477.63,5,3,2,10,Needs Attention,4
14631,2011-10-20 11:17:00,2011-02-14 09:31:00,3,1006.98,51,248,335.66,3,2,2,7,Needs Attention,4
14632,2011-03-22 08:49:00,2011-03-22 08:49:00,1,114.56,263,0,114.56,1,4,5,10,Can't Lose Them,10
14633,2011-03-18 17:07:00,2011-03-18 17:07:00,1,344.90000000000003,266,0,344.90000000000003,1,4,4,9,Can't Lose Them,8
14636,2011-11-03 16:12:00,2011-03-16 09:52:00,2,609.85,36,232,304.925,3,3,3,9,Needs Attention,6
14638,2011-10-20 10:10:00,2011-10-20 10:10:00,1,443.6,51,0,443.6,3,4,4,11,Needs Attention,7
14639,2011-10-18 15:06:00,2010-12-13 13:50:00,6,2984.49,52,309,497.41499999999996,3,1,1,5,Needs Attention,2
14640,2011-11-15 13:07:00,2011-04-26 12:31:00,6,2107.38,24,203,351.23,4,1,1,6,New / Promising,2
14641,2011-11-18 10:42:00,2011-11-18 10:42:00,1,110.46,22,0,110.46,4,4,5,13,Champions,10
14642,2011-10-12 11:08:00,2011-10-12 11:08:00,1,96.12,59,0,96.12,3,4,5,12,Needs Attention,10
14643,2011-06-22 14:41:00,2010-12-16 17:53:00,2,693.8100000000001,170,187,346.90500000000003,2,3,3,8,At Risk,5
14644,2011-10-03 08:30:00,2011-02-14 14:14:00,2,830.76,68,230,415.38,3,3,3,9,Needs Attention,5
14645,2011-07-06 09:15:00,2011-03-09 09:52:00,2,597.09,157,118,298.545,2,3,3,8,At Risk,6
14646,2011-12-08 12:12:00,2010-12-20 10:09:00,73,280206.02,2,353,3838.4386301369864,5,1,1,7,New / Promising,1
14647,2011-05-22 13:40:00,2011-05-22 13:40:00,1,236.04000000000002,201,0,236.04000000000002,1,4,5,10,Can't Lose Them,9
14649,2011-12-05 12:30:00,2011-05-11 14:37:00,4,1402.59,5,207,350.6475,5,2,2,9,New / Promising,3
14651,2011-10-03 15:52:00,2011-05-12 16:29:00,2,653.75,67,143,326.875,3,3,3,9,Needs Attention,6
14652,2011-09-23 14:21:00,2011-09-23 14:21:00,1,114.18,77,0,114.18,2,4,5,11,Can't Lose Them,10
14653,2011-12-08 13:45:00,2011-01-05 13:40:00,7,1926.65,1,337,275.2357142857143,5,1,2,8,New / Promising,3
14655,2011-12-01 16:28:00,2011-05-01 14:59:00,4,1932.23,8,214,483.0575,5,2,2,9,New / Promising,3
14656,2011-06-23 13:51:00,2011-03-01 13:19:00,2,291.05,169,114,145.525,2,3,4,9,At Risk,8
14657,2011-11-22 12:47:00,2011-01-17 15:19:00,4,848.22,18,308,212.055,4,2,3,9,New / Promising,5
14658,2011-12-04 15:35:00,2011-08-14 15:42:00,2,247.15,5,111,123.575,5,3,5,13,Needs Attention,9
14659,2011-12-01 12:17:00,2011-01-28 12:43:00,9,2529.93,9,306,281.1033333333333,5,1,1,7,New / Promising,2
14660,2011-09-14 11:34:00,2011-08-31 10:40:00,2,285.74,87,14,142.87,2,3,4,9,At Risk,8
14661,2011-11-13 11:51:00,2011-11-13 11:51:00,1,107.95,27,0,107.95,4,4,5,13,Champions,10
14662,2011-11-11 12:13:00,2011-01-27 17:41:00,4,741.37,29,287,185.3425,4,2,3,9,New / Promising,5
14664,2011-11-20 10:59:00,2011-11-06 14:56:00,2,636.24,20,13,318.12,4,3,3,10,Needs Attention,6
14665,2011-10-10 09:14:00,2011-02-02 09:08:00,5,1835.7,61,250,367.14,3,2,2,7,Needs Attention,3
14666,2011-11-15 12:57:00,2011-11-15 12:57:00,1,195.25,24,0,195.25,4,4,5,13,Champions,9
14667,2011-11-29 11:30:00,2010-12-06 13:13:00,25,9175.04,11,357,367.00160000000005,5,1,1,7,New / Promising,1
14669,2011-04-12 11:43:00,2011-01-11 12:30:00,3,1259.24,242,90,419.74666666666667,1,2,2,5,Lost / Low Value,4
14670,2011-03-04 14:13:00,2011-03-04 13:58:00,2,392.86,280,0,196.43,1,3,4,8,At Risk,7
14672,2011-04-19 10:19:00,2011-01-07 15:48:00,2,765.55,235,101,382.775,1,3,3,7,At Risk,5
14673,2011-12-06 14:31:00,2010-12-07 12:49:00,5,1736.4,3,364,347.28000000000003,5,2,2,9,New / Promising,3
14675,2011-11-23 12:58:00,2011-11-23 12:58:00,1,596.36,16,0,596.36,4,4,3,11,Loyal,6
14676,2011-11-08 13:29:00,2011-03-01 14:26:00,6,2548.2400000000002,31,251,424.7066666666667,4,1,1,6,New / Promising,2
14680,2011-11-14 16:59:00,2010-12-03 12:05:00,16,28754.11,25,346,1797.131875,4,1,1,6,New / Promising,1
14681,2011-09-29 15:52:00,2011-05-12 10:45:00,3,498.95,71,140,166.31666666666666,3,2,3,8,Needs Attention,6
14682,2011-06-05 12:12:00,2011-05-22 12:51:00,2,52.0,188,13,26.0,1,3,5,9,At Risk,10
14684,2011-11-14 11:33:00,2010-12-12 12:44:00,5,1201.51,26,336,240.302,4,2,2,8,New / Promising,4
14687,2011-08-25 11:59:00,2011-08-25 11:59:00,1,628.38,107,0,628.38,2,4,3,9,At Risk,6
14688,2011-12-02 12:26:00,2010-12-01 09:37:00,21,5579.1,8,366,265.6714285714286,5,1,1,7,New / Promising,1
14689,2011-05-15 11:22:00,2011-05-15 11:22:00,1,112.8,209,0,112.8,1,4,5,10,Can't Lose Them,10
14690,2011-10-26 15:39:00,2011-07-11 11:58:00,2,355.05,44,107,177.525,3,3,4,10,Needs Attention,7
14691,2011-11-09 12:30:00,2011-05-11 09:55:00,5,2114.33,31,182,422.866,4,2,1,7,New / Promising,2
14692,2011-07-25 15:08:00,2011-01-21 13:47:00,4,591.55,137,185,147.8875,2,2,3,7,Lost / Low Value,6
14693,2011-03-20 12:50:00,2011-03-20 12:50:00,1,172.9,265,0,172.9,1,4,5,10,Can't Lose Them,9
14696,2011-12-05 13:43:00,2010-12-01 15:37:00,7,2078.95,4,368,296.99285714285713,5,1,1,7,New / Promising,2
14697,2011-05-05 15:39:00,2011-05-05 15:29:00,2,188.60999999999999,218,0,94.30499999999999,1,3,5,9,At Risk,9
14698,2011-12-08 12:26:00,2011-10-19 12:54:00,5,1217.27,2,49,243.454,5,2,2,9,New / Promising,4
14699,2011-05-09 14:54:00,2011-05-09 14:54:00,1,109.13000000000001,214,0,109.13000000000001,1,4,5,10,Can't Lose Them,10
14700,2011-11-07 14:40:00,2011-04-15 13:16:00,3,2195.1,32,206,731.6999999999999,4,2,1,7,New / Promising,2
14701,2011-11-29 12:38:00,2011-01-27 12:40:00,9,2526.09,11,305,280.6766666666667,5,1,1,7,New / Promising,2
14702,2011-12-08 19:29:00,2010-12-09 19:23:00,17,3251.79,1,364,191.28176470588235,5,1,1,7,New / Promising,2
14703,2011-11-25 09:23:00,2011-11-25 09:23:00,1,318.17,15,0,318.17,4,4,4,12,Champions,8
14704,2011-11-28 12:51:00,2011-06-12 13:59:00,9,1493.96,11,168,165.99555555555557,5,1,2,8,New / Promising,3
14705,2011-05-25 12:39:00,2011-05-25 12:39:00,1,179.0,199,0,179.0,1,4,5,10,Can't Lose Them,9
14708,2011-12-07 08:21:00,2010-12-06 12:23:00,3,1126.37,3,365,375.45666666666665,5,2,2,9,New / Promising,4
14709,2011-11-24 15:41:00,2010-12-16 13:43:00,13,4921.04,15,343,378.54153846153844,4,1,1,6,New / Promising,1
14710,2011-11-25 14:53:00,2011-10-11 13:49:00,4,599.48,14,45,149.87,4,2,3,9,New / Promising,6
14711,2011-11-29 14:58:00,2011-03-22 13:32:00,11,2839.62,10,252,258.1472727272727,5,1,1,7,New / Promising,2
14712,2011-11-10 12:59:00,2011-08-19 13:33:00,3,917.07,29,82,305.69,4,2,3,9,New / Promising,5
14713,2011-11-30 16:26:00,2010-12-09 18:58:00,11,2662.2,9,355,242.0181818181818,5,1,1,7,New / Promising,2
14714,2011-11-15 13:07:00,2011-11-15 13:07:00,1,160.19,24,0,160.19,4,4,5,13,Champions,9
14715,2011-11-15 12:10:00,2011-01-12 13:27:00,4,867.38,25,306,216.845,4,2,3,9,New / Promising,5
14716,2011-10-27 17:29:00,2011-07-14 12:42:00,2,307.51,43,105,153.755,3,3,4,10,Needs Attention,8
14719,2011-12-08 12:43:00,2011-04-04 14:17:00,5,1581.84,2,247,316.368,5,2,2,9,New / Promising,3
14720,2011-12-04 12:02:00,2011-08-05 12:06:00,3,663.81,6,120,221.26999999999998,5,2,3,10,New / Promising,6
14722,2011-07-15 14:58:00,2011-07-15 14:58:00,1,180.42000000000002,147,0,180.42000000000002,2,4,5,11,Can't Lose Them,9
14723,2011-11-29 15:23:00,2010-12-03 14:18:00,6,1122.3600000000001,10,361,187.06000000000003,5,1,2,8,New / Promising,4
14725,2011-11-15 12:42:00,2011-11-15 12:42:00,1,655.58,25,0,655.58,4,4,3,11,Loyal,6
14727,2011-03-10 14:45:00,2011-03-10 14:45:00,1,268.58,274,0,268.58,1,4,4,9,Can't Lose Them,8
14729,2010-12-01 12:43:00,2010-12-01 12:43:00,1,313.49,374,0,313.49,1,4,4,9,Can't Lose Them,8
14730,2011-12-08 14:39:00,2011-03-08 12:49:00,8,1897.57,1,275,237.19625,5,1,2,8,New / Promising,3
14731,2011-10-23 15:54:00,2011-05-11 13:06:00,3,380.02,47,165,126.67333333333333,3,2,4,9,Needs Attention,7
14732,2011-12-01 14:34:00,2011-01-04 14:40:00,8,2702.4900000000002,8,330,337.81125000000003,5,1,1,7,New / Promising,2
14733,2011-11-23 15:39:00,2010-12-07 11:30:00,12,9585.91,16,351,798.8258333333333,4,1,1,6,New / Promising,1
14735,2011-12-06 12:09:00,2010-12-16 16:05:00,32,6065.69,4,354,189.5528125,5,1,1,7,New / Promising,1
14737,2011-12-06 10:16:00,2010-12-21 13:49:00,3,1164.55,4,349,388.18333333333334,5,2,2,9,New / Promising,4
14738,2011-10-28 08:56:00,2011-01-27 14:10:00,7,1314.45,43,273,187.77857142857144,3,1,2,6,Needs Attention,4
14739,2011-12-05 16:54:00,2010-12-07 14:58:00,7,3902.28,4,363,557.4685714285714,5,1,1,7,New / Promising,1
14740,2011-05-26 18:17:00,2011-03-01 08:35:00,3,1448.21,197,86,482.7366666666667,1,2,2,5,Lost / Low Value,3
14741,2011-11-28 08:48:00,2010-12-02 08:43:00,6,1400.34,12,361,233.39,5,1,2,8,New / Promising,3
14744,2011-11-23 12:51:00,2010-12-08 10:21:00,7,1099.98,16,350,157.14000000000001,4,1,2,7,New / Promising,4
14745,2011-08-19 10:05:00,2011-02-27 15:25:00,5,1220.26,113,172,244.052,2,2,2,6,Lost / Low Value,4
14747,2011-04-04 14:09:00,2011-04-04 14:09:00,1,328.2,249,0,328.2,1,4,4,9,Can't Lose Them,8
14748,2011-11-10 18:33:00,2010-12-06 10:19:00,5,1415.75,29,339,283.15,4,2,2,8,New / Promising,3
14752,2011-10-27 11:55:00,2011-10-27 11:55:00,1,389.64,44,0,389.64,3,4,4,11,Needs Attention,7
14753,2011-09-13 14:50:00,2011-09-13 14:50:00,1,563.15,87,0,563.15,2,4,3,9,At Risk,6
14754,2011-10-26 12:01:00,2011-02-17 12:21:00,2,638.05,45,250,319.025,3,3,3,9,Needs Attention,6
14755,2011-11-30 11:24:00,2011-01-09 14:02:00,11,5010.28,10,324,455.47999999999996,5,1,1,7,New / Promising,1
14756,2011-11-24 18:13:00,2011-11-24 18:13:00,1,738.96,15,0,738.96,4,4,3,11,Loyal,5
14757,2011-09-25 14:36:00,2011-09-25 14:36:00,1,420.5,75,0,420.5,2,4,4,10,Can't Lose Them,7
14758,2011-07-18 08:21:00,2011-03-25 12:10:00,4,1484.06,145,114,371.015,2,2,2,6,Lost / Low Value,3
14759,2011-12-05 12:03:00,2011-04-21 10:55:00,3,1625.97,5,228,541.99,5,2,2,9,New / Promising,3
14760,2011-02-15 16:27:00,2011-02-15 16:27:00,1,89.2,297,0,89.2,1,4,5,10,Can't Lose Them,10
14761,2011-10-12 12:10:00,2011-01-09 12:03:00,2,255.9,59,276,127.95,3,3,4,10,Needs Attention,8
14762,2011-03-21 08:20:00,2011-03-21 08:20:00,1,300.52,264,0,300.52,1,4,4,9,Can't Lose Them,8
14764,2011-10-24 11:54:00,2011-10-24 11:54:00,1,278.3,47,0,278.3,3,4,4,11,Needs Attention,8
14765,2011-11-10 19:53:00,2011-06-16 19:49:00,3,254.11,29,147,84.70333333333333,4,2,4,10,Needs Attention,8
14766,2011-12-01 16:05:00,2010-12-08 15:33:00,6,2473.37,8,358,412.2283333333333,5,1,1,7,New / Promising,2
14768,2011-11-22 12:54:00,2011-08-04 13:25:00,2,192.60000000000002,17,109,96.30000000000001,4,3,5,12,Needs Attention,9
14769,2011-12-07 10:24:00,2010-12-17 11:40:00,8,10416.98,3,354,1302.1225,5,1,1,7,New / Promising,1
14770,2011-04-21 14:21:00,2011-01-20 15:00:00,2,876.42,232,90,438.21,1,3,3,7,At Risk,5
14772,2011-08-19 15:04:00,2011-08-19 15:04:00,1,139.26,112,0,139.26,2,4,5,11,Can't Lose Them,10
14775,2011-10-12 15:27:00,2010-12-02 16:38:00,3,1011.9,58,313,337.3,3,2,2,7,Needs Attention,4
14776,2011-10-19 15:34:00,2011-01-31 13:17:00,11,2538.3,51,261,230.75454545454548,3,1,1,5,Needs Attention,2
14778,2011-08-04 15:23:00,2011-02-04 11:43:00,2,730.86,127,181,365.43,2,3,3,8,At Risk,5
14779,2011-03-04 12:42:00,2011-01-20 12:04:00,3,386.15,281,43,128.71666666666667,1,2,4,7,Lost / Low Value,7
14780,2011-10-16 12:46:00,2011-09-21 15:15:00,2,447.68,55,24,223.84,3,3,4,10,Needs Attention,7
14782,2011-01-24 11:12:00,2011-01-24 11:12:00,1,200.10000000000002,320,0,200.10000000000002,1,4,5,10,Can't Lose Them,9
14784,2011-11-13 13:30:00,2011-01-20 09:25:00,2,289.99,26,297,144.995,4,3,4,11,Needs Attention,8
14785,2011-11-29 13:21:00,2011-11-24 13:40:00,2,77.4,10,4,38.7,5,3,5,13,Needs Attention,10
14788,2011-12-02 17:06:00,2011-11-13 15:52:00,2,679.4399999999999,7,19,339.71999999999997,5,3,3,11,Needs Attention,5
14789,2011-11-11 08:59:00,2011-11-11 08:59:00,1,197.64,29,0,197.64,4,4,5,13,Champions,9
14790,2011-11-23 09:28:00,2011-03-31 11:49:00,4,745.06,17,236,186.265,4,2,3,9,New / Promising,5
14792,2011-10-07 09:19:00,2011-10-07 09:19:00,1,6.2,64,0,6.2,3,4,5,12,Needs Attention,10
14793,2011-11-18 14:50:00,2011-11-18 14:50:00,1,228.99,21,0,228.99,4,4,5,13,Champions,9
14794,2011-12-07 10:11:00,2011-01-09 16:11:00,7,1319.91,3,331,188.55857142857144,5,1,2,8,New / Promising,4
14795,2011-06-26 13:04:00,2011-06-26 13:04:00,1,131.45000000000002,166,0,131.45000000000002,2,4,5,11,Can't Lose Them,10
14796,2011-12-08 15:31:00,2010-12-08 10:40:00,17,7975.49,1,365,469.1464705882353,5,1,1,7,New / Promising,1
14798,2011-10-18 10:58:00,2011-02-02 15:26:00,3,173.74,53,257,57.913333333333334,3,2,5,10,Needs Attention,9
14799,2011-10-19 16:16:00,2011-10-19 16:16:00,1,157.7,51,0,157.7,3,4,5,12,Needs Attention,9
14800,2011-10-23 12:46:00,2010-12-05 11:10:00,12,4331.79,48,322,360.9825,3,1,1,5,Needs Attention,1
14801,2011-10-09 15:24:00,2011-10-09 15:24:00,1,189.34,61,0,189.34,3,4,5,12,Needs Attention,9
14803,2011-06-30 13:58:00,2011-02-20 13:21:00,3,845.55,162,130,281.84999999999997,2,2,3,7,Lost / Low Value,5
14804,2011-12-01 11:20:00,2011-12-01 11:20:00,1,353.27,9,0,353.27,5,4,4,13,Champions,7
14805,2011-11-24 16:20:00,2011-01-30 10:43:00,4,546.4,15,298,136.6,4,2,3,9,New / Promising,6
14806,2011-09-25 15:32:00,2011-09-25 15:32:00,1,193.39000000000001,75,0,193.39000000000001,2,4,5,11,Can't Lose Them,9
14808,2011-10-31 12:21:00,2011-06-20 12:53:00,8,2718.6,40,132,339.825,3,1,1,5,Needs Attention,2
14810,2011-10-30 11:19:00,2010-12-05 12:08:00,11,2085.33,41,328,189.57545454545453,3,1,1,5,Needs Attention,2
14813,2010-12-05 11:57:00,2010-12-05 11:54:00,2,152.88,370,0,76.44,1,3,5,9,At Risk,10
14815,2011-11-03 11:36:00,2011-10-03 11:36:00,2,778.5,37,31,389.25,3,3,3,9,Needs Attention,5
14816,2011-05-26 13:16:00,2011-05-26 13:16:00,1,271.85,197,0,271.85,1,4,4,9,Can't Lose Them,8
14817,2011-05-23 13:35:00,2011-03-07 13:51:00,2,1110.34,200,76,555.17,1,3,2,6,At Risk,4
14818,2011-09-27 11:01:00,2011-03-31 12:28:00,3,657.8,74,179,219.26666666666665,2,2,3,7,Lost / Low Value,6
14819,2011-10-06 13:41:00,2011-05-31 13:50:00,2,272.07,64,127,136.035,3,3,4,10,Needs Attention,8
14820,2011-11-18 15:41:00,2011-06-19 14:56:00,4,507.29,21,152,126.8225,4,2,3,9,New / Promising,6
14821,2010-12-08 08:43:00,2010-12-08 08:43:00,1,48.800000000000004,367,0,48.800000000000004,1,4,5,10,Can't Lose Them,10
14823,2011-06-12 13:12:00,2011-05-29 12:48:00,3,321.43,180,14,107.14333333333333,1,2,4,7,Lost / Low Value,8
14824,2011-11-29 14:20:00,2011-09-09 14:12:00,4,1127.71,10,81,281.9275,5,2,2,9,New / Promising,4
14825,2011-12-06 11:38:00,2010-12-06 12:30:00,12,2221.01,4,364,185.08416666666668,5,1,1,7,New / Promising,2
14828,2011-05-27 10:16:00,2011-01-07 09:50:00,3,2139.76,197,140,713.2533333333334,1,2,1,4,Lost / Low Value,2
14829,2011-11-10 16:16:00,2010-12-02 16:12:00,4,697.55,29,343,174.3875,4,2,3,9,New / Promising,5
14830,2011-10-17 14:29:00,2011-10-17 14:29:00,1,188.88,53,0,188.88,3,4,5,12,Needs Attention,9
14834,2011-11-22 10:30:00,2011-04-13 15:00:00,6,1720.3,18,222,286.71666666666664,4,1,2,7,New / Promising,3
14836,2011-11-29 16:45:00,2011-11-09 13:26:00,3,102.44999999999999,10,20,34.15,5,2,5,12,Needs Attention,10
14837,2011-09-11 10:58:00,2011-05-22 12:49:00,4,1649.5,90,111,412.375,2,2,2,6,Lost / Low Value,3
14840,2011-03-17 12:00:00,2011-03-17 12:00:00,1,62.85,268,0,62.85,1,4,5,10,Can't Lose Them,10
14841,2011-10-17 15:03:00,2010-12-16 10:28:00,6,3295.76,53,305,549.2933333333334,3,1,1,5,Needs Attention,2
14842,2011-10-27 12:37:00,2011-02-04 15:32:00,4,2824.69,44,264,706.1725,3,2,1,6,Needs Attention,2
14844,2011-10-07 10:41:00,2011-04-12 13:10:00,4,3189.81,64,177,797.4525,3,2,1,6,Needs Attention,2
14847,2011-07-14 10:52:00,2011-07-14 10:52:00,1,309.4,149,0,309.4,2,4,4,10,Can't Lose Them,8
14849,2011-11-18 10:58:00,2010-12-01 12:22:00,25,7930.54,22,351,317.2216,4,1,1,6,New / Promising,1
14850,2011-02-01 11:21:00,2011-02-01 11:21:00,1,325.75,312,0,325.75,1,4,4,9,Can't Lose Them,8
14851,2011-11-16 14:20:00,2011-03-28 14:59:00,2,511.35,23,232,255.675,4,3,3,10,Needs Attention,6
14852,2011-10-12 13:20:00,2011-04-01 13:22:00,6,2836.69,58,193,472.7816666666667,3,1,1,5,Needs Attention,2
14853,2011-11-15 16:56:00,2011-05-12 15:17:00,2,475.8,24,187,237.9,4,3,4,11,Needs Attention,7
14854,2011-09-22 17:00:00,2011-03-10 12:22:00,7,2740.03,78,196,391.4328571428572,2,1,1,4,Lost / Low Value,2
14855,2011-08-12 14:02:00,2011-07-28 12:06:00,2,645.65,119,15,322.825,2,3,3,8,At Risk,6
14856,2011-11-03 14:53:00,2011-10-14 09:35:00,3,1290.53,36,20,430.1766666666667,3,2,2,7,Needs Attention,4
14857,2011-10-11 09:23:00,2011-07-14 15:03:00,2,1173.12,60,88,586.56,3,3,2,8,Needs Attention,4
14859,2011-11-27 11:18:00,2011-05-19 14:42:00,4,1353.74,13,191,338.435,5,2,2,9,New / Promising,3
14860,2011-11-20 14:17:00,2011-11-20 14:17:00,1,170.32,19,0,170.32,4,4,5,13,Champions,9
14861,2011-10-18 12:54:00,2011-10-18 12:54:00,1,125.79,52,0,125.79,3,4,5,12,Needs Attention,10
14862,2011-11-14 10:01:00,2011-07-14 11:20:00,2,841.1999999999999,26,122,420.59999999999997,4,3,3,10,Needs Attention,5
14863,2011-11-10 15:04:00,2011-11-10 15:04:00,1,266.76,29,0,266.76,4,4,4,12,Champions,8
14865,2011-12-02 16:25:00,2010-12-02 18:23:00,2,52.2,7,364,26.1,5,3,5,13,Needs Attention,10
14866,2011-11-29 11:45:00,2010-12-08 14:58:00,12,14389.9,11,355,1199.1583333333333,5,1,1,7,New / Promising,1
14867,2011-06-07 11:39:00,2011-01-07 16:34:00,3,710.28,186,150,236.76,1,2,3,6,Lost / Low Value,5
14868,2011-12-06 14:49:00,2011-04-20 13:36:00,8,2953.59,3,230,369.19875,5,1,1,7,New / Promising,2
14869,2011-12-01 12:36:00,2011-08-28 16:09:00,2,721.45,9,94,360.725,5,3,3,11,Needs Attention,5
14870,2011-03-23 10:51:00,2011-03-23 10:51:00,1,327.25,262,0,327.25,1,4,4,9,Can't Lose Them,8
14871,2011-12-06 13:42:00,2010-12-14 12:18:00,4,501.28000000000003,3,357,125.32000000000001,5,2,3,10,New / Promising,6
14873,2011-05-13 13:52:00,2011-05-13 13:52:00,1,519.68,210,0,519.68,1,4,3,8,At Risk,6
14875,2011-08-24 12:20:00,2011-03-22 11:53:00,2,1465.3200000000002,108,155,732.6600000000001,2,3,2,7,At Risk,3
14878,2011-11-27 11:15:00,2010-12-16 12:11:00,9,1476.09,13,345,164.01,5,1,2,8,New / Promising,3
14880,2011-09-23 13:42:00,2011-02-24 12:27:00,3,690.59,77,211,230.1966666666667,2,2,3,7,Lost / Low Value,5
14881,2011-11-20 11:06:00,2011-11-20 11:06:00,1,255.4,20,0,255.4,4,4,4,12,Champions,8
14882,2011-11-13 12:47:00,2011-11-06 10:15:00,2,589.7,27,7,294.85,4,3,3,10,Needs Attention,6
14883,2011-11-21 10:23:00,2011-05-12 09:49:00,6,761.59,19,193,126.93166666666667,4,1,3,8,New / Promising,5
14885,2011-07-31 12:05:00,2011-07-31 12:05:00,1,765.3199999999999,132,0,765.3199999999999,2,4,3,9,At Risk,5
14886,2011-04-01 08:56:00,2011-04-01 08:56:00,1,364.8,253,0,364.8,1,4,4,9,Can't Lose Them,7
14887,2011-09-21 15:32:00,2011-09-21 15:32:00,1,1862.0,79,0,1862.0,2,4,2,8,At Risk,3
14888,2011-05-16 14:58:00,2011-05-16 14:58:00,1,369.2,207,0,369.2,1,4,4,9,Can't Lose Them,7
14889,2011-01-07 15:19:00,2011-01-07 15:19:00,1,135.9,336,0,135.9,1,4,5,10,Can't Lose Them,10
14890,2011-03-31 11:57:00,2011-03-31 11:57:00,1,125.65,254,0,125.65,1,4,5,10,Can't Lose Them,10
14891,2011-07-14 18:08:00,2011-06-05 10:58:00,2,554.38,148,39,277.19,2,3,3,8,At Risk,6
14893,2011-11-30 12:31:00,2011-11-28 10:49:00,2,1237.8500000000001,10,2,618.9250000000001,5,3,2,10,Needs Attention,4
14894,2011-09-15 13:51:00,2011-09-15 13:51:00,1,655.75,85,0,655.75,2,4,3,9,At Risk,6
14895,2011-12-02 09:23:00,2011-02-22 13:08:00,20,11138.710000000001,8,282,556.9355,5,1,1,7,New / Promising,1
14896,2011-05-19 10:20:00,2010-12-09 12:24:00,2,468.77000000000004,205,160,234.38500000000002,1,3,4,8,At Risk,7
14897,2011-12-02 10:32:00,2011-02-16 08:37:00,4,1366.38,8,289,341.595,5,2,2,9,New / Promising,3
14898,2011-11-16 14:54:00,2010-12-03 15:25:00,6,1269.31,23,347,211.55166666666665,4,1,2,7,New / Promising,4
14901,2011-11-28 17:09:00,2010-12-02 11:20:00,9,1421.29,11,361,157.92111111111112,5,1,2,8,New / Promising,3
14902,2011-11-14 10:34:00,2011-11-14 10:34:00,1,332.66,26,0,332.66,4,4,4,12,Champions,8
14903,2011-11-18 16:07:00,2011-03-06 11:50:00,5,2795.33,21,257,559.066,4,2,1,7,New / Promising,2
14904,2011-12-07 12:55:00,2011-11-14 09:13:00,2,1025.44,2,23,512.72,5,3,2,10,Needs Attention,4
14905,2011-07-05 12:41:00,2011-04-20 10:48:00,2,616.15,158,76,308.075,2,3,3,8,At Risk,6
14907,2011-12-06 14:14:00,2010-12-07 10:14:00,7,3501.1,3,364,500.15714285714284,5,1,1,7,New / Promising,2
14908,2011-09-26 12:56:00,2011-09-26 12:56:00,1,277.8,74,0,277.8,2,4,4,10,Can't Lose Them,8
14910,2011-12-07 10:06:00,2011-10-16 11:06:00,4,434.35,3,51,108.5875,5,2,4,11,Needs Attention,7
14911,2011-12-08 15:54:00,2010-12-01 14:05:00,201,143711.17,1,372,714.980945273632,5,1,1,7,New / Promising,1
14912,2011-11-23 09:20:00,2011-04-07 11:06:00,2,867.85,17,229,433.925,4,3,3,10,Needs Attention,5
14913,2011-11-04 08:29:00,2010-12-15 14:35:00,4,1227.43,36,323,306.8575,3,2,2,7,Needs Attention,4
14915,2011-09-09 13:34:00,2011-03-07 09:39:00,2,307.48,91,186,153.74,2,3,4,9,At Risk,8
14916,2011-09-30 09:20:00,2011-01-19 15:30:00,4,1268.98,71,253,317.245,3,2,2,7,Needs Attention,4
14918,2011-08-16 11:50:00,2011-07-08 12:50:00,2,1610.15,116,38,805.075,2,3,2,7,At Risk,3
14920,2011-05-11 10:32:00,2011-05-11 10:31:00,2,977.77,213,0,488.885,1,3,2,6,At Risk,4
14921,2011-11-09 13:17:00,2011-05-22 12:51:00,2,1316.07,30,171,658.035,4,3,2,9,Needs Attention,4
14923,2011-10-20 11:51:00,2011-10-20 11:51:00,1,749.1,51,0,749.1,3,4,3,10,Needs Attention,5
14924,2011-04-08 09:25:00,2011-04-08 09:25:00,1,310.05,246,0,310.05,1,4,4,9,Can't Lose Them,8
14929,2011-11-07 17:21:00,2011-11-07 17:21:00,1,223.88,32,0,223.88,4,4,5,13,Champions,9
14930,2011-08-23 10:31:00,2011-03-10 14:42:00,3,2362.96,109,165,787.6533333333333,2,2,1,5,Lost / Low Value,2
14931,2011-12-05 10:19:00,2011-04-13 09:32:00,5,1257.68,5,236,251.536,5,2,2,9,New / Promising,4
14932,2010-12-09 11:48:00,2010-12-09 11:48:00,1,363.53,366,0,363.53,1,5,4,10,Can't Lose Them,7
14934,2011-09-19 10:10:00,2011-03-02 11:48:00,2,1890.94,82,200,945.47,2,3,2,7,At Risk,3
14935,2011-02-15 14:44:00,2011-02-15 14:44:00,1,1784.71,297,0,1784.71,1,5,2,8,At Risk,3
14936,2011-11-06 10:30:00,2011-03-09 11:53:00,8,8137.02,34,241,1017.1275,3,1,1,5,Needs Attention,1
14937,2011-10-14 12:29:00,2011-08-01 14:16:00,3,1621.88,57,73,540.6266666666667,3,2,2,7,Needs Attention,3
14944,2011-11-10 09:10:00,2011-02-16 12:47:00,12,5900.25,30,266,491.6875,4,1,1,6,New / Promising,1
14946,2011-11-25 13:33:00,2011-11-25 13:33:00,1,100.9,14,0,100.9,4,5,5,14,Champions,10
14947,2011-09-28 15:48:00,2011-08-01 09:31:00,2,290.82,72,58,145.41,2,3,4,9,At Risk,8
14948,2011-11-16 17:16:00,2011-05-04 14:52:00,6,1101.97,23,196,183.66166666666666,4,1,2,7,New / Promising,4
14950,2011-11-20 13:48:00,2011-11-20 13:48:00,1,371.2,19,0,371.2,4,5,4,13,Champions,7
14951,2011-09-21 15:15:00,2011-09-21 15:15:00,1,311.69,79,0,311.69,2,5,4,11,Can't Lose Them,8
14952,2011-10-11 10:33:00,2010-12-10 12:48:00,11,8099.49,60,304,736.3172727272727,3,1,1,5,Needs Attention,1
14953,2011-11-14 14:59:00,2011-11-14 14:59:00,1,285.67,25,0,285.67,4,5,4,13,Champions,8
14954,2011-11-27 14:30:00,2011-11-27 14:30:00,1,294.85,12,0,294.85,5,5,4,14,Champions,8
14957,2011-03-31 17:59:00,2011-03-31 17:59:00,1,58.49,253,0,58.49,1,5,5,11,Can't Lose Them,10
14958,2011-07-15 14:20:00,2011-04-08 11:28:00,3,483.72999999999996,147,98,161.2433333333333,2,2,4,8,Lost / Low Value,7
14959,2011-10-06 18:23:00,2011-02-16 13:00:00,4,695.42,64,232,173.855,3,2,3,8,Needs Attention,5
14960,2011-12-01 12:54:00,2011-06-21 13:38:00,2,221.27,8,162,110.635,5,3,5,13,Needs Attention,9
14961,2011-11-29 09:42:00,2010-12-14 11:38:00,9,7044.68,11,349,782.7422222222223,5,1,1,7,New / Promising,1
14962,2011-03-14 09:42:00,2011-03-14 09:42:00,1,126.7,271,0,126.7,1,5,5,11,Can't Lose Them,10
14963,2011-11-30 12:16:00,2011-06-09 12:30:00,5,1472.34,10,173,294.46799999999996,5,2,2,9,New / Promising,3
14964,2011-04-06 14:13:00,2011-04-06 14:13:00,1,206.21,247,0,206.21,1,5,5,11,Can't Lose Them,9
14965,2011-09-04 13:20:00,2011-09-04 13:15:00,2,596.09,96,0,298.045,2,3,3,8,At Risk,6
14966,2011-11-25 12:20:00,2011-11-25 12:20:00,1,183.02,15,0,183.02,4,5,5,14,Champions,9
14967,2011-10-21 11:06:00,2011-10-21 11:06:00,1,463.8,50,0,463.8,3,5,4,12,Needs Attention,7
14968,2011-11-09 13:58:00,2011-11-09 13:58:00,1,147.59,30,0,147.59,4,5,5,14,Champions,10
14970,2011-10-02 13:44:00,2011-01-27 12:23:00,4,1592.06,68,248,398.015,3,2,2,7,Needs Attention,3
14971,2011-11-04 17:07:00,2011-10-27 13:33:00,3,1097.98,35,8,365.99333333333334,3,2,2,7,Needs Attention,4
14972,2011-08-03 14:54:00,2011-08-03 14:54:00,1,114.77,128,0,114.77,2,5,5,12,Can't Lose Them,10
14973,2011-08-24 15:51:00,2011-04-28 12:22:00,3,1314.45,107,118,438.15000000000003,2,2,2,6,Lost / Low Value,4
14974,2011-11-02 13:01:00,2011-11-02 13:01:00,1,89.94,37,0,89.94,3,5,5,13,Needs Attention,10
14975,2011-10-13 14:08:00,2011-10-13 14:08:00,1,279.94,57,0,279.94,3,5,4,12,Needs Attention,8
14976,2011-10-13 16:37:00,2011-01-17 11:09:00,7,790.86,57,269,112.98,3,1,3,7,Needs Attention,5
14978,2011-09-28 13:07:00,2011-01-13 12:03:00,5,1921.3700000000001,72,258,384.274,2,2,2,6,Lost / Low Value,3
14981,2011-04-07 13:45:00,2011-04-07 13:45:00,1,102.12,246,0,102.12,1,5,5,11,Can't Lose Them,10
14984,2011-11-20 14:28:00,2011-06-12 11:04:00,2,202.37,19,161,101.185,4,3,5,12,Needs Attention,9
14985,2011-05-25 14:29:00,2010-12-16 19:51:00,2,292.01,198,159,146.005,1,3,4,8,At Risk,8
14987,2011-11-24 09:59:00,2010-12-09 12:13:00,2,326.4,16,349,163.2,4,3,4,11,Needs Attention,8
14988,2011-05-12 12:05:00,2011-05-12 12:05:00,1,334.54,212,0,334.54,1,5,4,10,Can't Lose Them,8
14995,2011-11-01 11:39:00,2011-03-04 13:14:00,2,231.98000000000002,39,241,115.99000000000001,3,3,5,11,Needs Attention,9
14997,2011-10-24 13:28:00,2011-06-14 16:52:00,3,546.1999999999999,46,131,182.06666666666663,3,2,3,8,Needs Attention,6
14998,2011-06-22 17:30:00,2011-04-12 16:28:00,2,414.87,170,71,207.435,2,3,4,9,At Risk,7
15000,2011-10-23 11:42:00,2011-10-23 11:42:00,1,490.52,48,0,490.52,3,5,3,11,Needs Attention,6
15002,2011-08-16 10:44:00,2010-12-07 13:16:00,4,1641.76,116,251,410.44,2,2,2,6,Lost / Low Value,3
15004,2011-07-15 14:05:00,2011-07-15 14:05:00,1,1220.77,147,0,1220.77,2,5,2,9,At Risk,4
15005,2011-11-24 12:25:00,2010-12-08 14:36:00,28,6295.37,16,350,224.83464285714285,4,1,1,6,New / Promising,1
15006,2011-10-19 15:08:00,2011-10-19 15:08:00,1,480.38,51,0,480.38,3,5,4,12,Needs Attention,7
15007,2011-07-03 16:00:00,2011-07-03 16:00:00,1,156.91,159,0,156.91,2,5,5,12,Can't Lose Them,9
15009,2011-11-27 13:35:00,2011-11-14 17:40:00,3,1259.43,12,12,419.81,5,2,2,9,New / Promising,4
15010,2011-11-04 12:42:00,2011-11-04 12:42:00,1,308.94,36,0,308.94,3,5,4,12,Needs Attention,8
15012,2011-10-17 12:22:00,2010-12-01 12:49:00,2,405.04,54,319,202.52,3,3,4,10,Needs Attention,7
15014,2011-10-27 20:07:00,2011-06-16 19:40:00,2,257.67,43,133,128.835,3,3,4,10,Needs Attention,8
15016,2011-06-20 12:06:00,2011-06-20 12:06:00,1,170.04,173,0,170.04,2,5,5,12,Can't Lose Them,9
15017,2011-11-06 10:33:00,2011-11-06 10:33:00,1,125.58,34,0,125.58,3,5,5,13,Needs Attention,10
15018,2011-11-01 12:47:00,2010-12-07 10:47:00,3,496.21000000000004,39,329,165.40333333333334,3,2,3,8,Needs Attention,6
15019,2011-03-18 12:35:00,2011-03-18 12:35:00,1,252.81,267,0,252.81,1,5,4,10,Can't Lose Them,8
15021,2011-12-01 11:53:00,2010-12-08 12:17:00,9,1871.77,9,357,207.97444444444443,5,1,2,8,New / Promising,3
15022,2011-11-28 12:35:00,2011-10-23 15:47:00,4,852.39,12,35,213.0975,5,2,3,10,New / Promising,5
15023,2011-12-06 17:23:00,2010-12-05 13:49:00,11,6720.41,3,366,610.9463636363636,5,1,1,7,New / Promising,1
15024,2011-11-30 12:06:00,2010-12-07 13:20:00,10,1636.43,10,357,163.643,5,1,2,8,New / Promising,3
15025,2011-11-06 15:20:00,2011-11-06 15:20:00,1,361.96,33,0,361.96,3,5,4,12,Needs Attention,7
15026,2011-09-20 13:52:00,2011-03-07 13:45:00,3,469.0,80,197,156.33333333333334,2,2,4,8,Lost / Low Value,7
15027,2011-11-09 10:16:00,2011-04-15 14:14:00,4,1066.1499999999999,31,207,266.53749999999997,4,2,2,8,New / Promising,4
15028,2011-12-01 14:06:00,2010-12-06 12:47:00,4,627.13,8,360,156.7825,5,2,3,10,New / Promising,6
15030,2011-09-29 10:50:00,2011-03-16 15:34:00,2,518.28,72,196,259.14,2,3,3,8,At Risk,6
15031,2011-12-05 14:19:00,2011-03-02 14:46:00,4,653.19,4,277,163.2975,5,2,3,10,New / Promising,6
15032,2011-03-28 15:03:00,2010-12-08 12:57:00,3,4959.1,256,110,1653.0333333333335,1,2,1,4,Lost / Low Value,1
15033,2011-12-05 12:40:00,2011-01-14 13:28:00,10,2557.18,5,324,255.718,5,1,1,7,New / Promising,2
15034,2011-11-24 12:11:00,2010-12-21 09:47:00,8,4274.16,16,338,534.27,4,1,1,6,New / Promising,1
15035,2011-09-11 11:08:00,2011-09-11 11:08:00,1,252.73000000000002,90,0,252.73000000000002,2,5,4,11,Can't Lose Them,8
15036,2011-09-28 15:42:00,2011-06-13 12:19:00,3,429.56,72,107,143.18666666666667,2,2,4,8,Lost / Low Value,7
15038,2011-10-12 11:33:00,2010-12-05 10:54:00,6,685.74,59,311,114.29,3,1,3,7,Needs Attention,5
15039,2011-11-30 11:31:00,2010-12-06 11:26:00,47,19766.59,10,359,420.5657446808511,5,1,1,7,New / Promising,1
15041,2011-06-22 16:16:00,2011-06-22 16:16:00,1,179.93,170,0,179.93,2,5,5,12,Can't Lose Them,9
15042,2011-05-24 16:25:00,2011-05-24 16:25:00,1,135.93,199,0,135.93,1,5,5,11,Can't Lose Them,10
15043,2011-11-08 14:26:00,2011-11-08 14:26:00,1,537.0,31,0,537.0,4,5,3,12,Loyal,6
15044,2011-11-20 13:20:00,2010-12-12 14:27:00,17,7634.7300000000005,19,342,449.1017647058824,4,1,1,6,New / Promising,1
15045,2011-07-11 11:33:00,2011-03-27 11:44:00,2,735.66,152,105,367.83,2,3,3,8,At Risk,5
15046,2011-11-30 15:50:00,2011-01-05 15:30:00,15,5090.42,9,329,339.36133333333333,5,1,1,7,New / Promising,1
15047,2011-03-15 10:49:00,2011-03-15 10:49:00,1,343.62,270,0,343.62,1,5,4,10,Can't Lose Them,8
15048,2011-10-05 14:55:00,2010-12-06 12:15:00,4,381.0,65,303,95.25,3,2,4,9,Needs Attention,7
15049,2011-03-11 12:13:00,2011-03-11 12:13:00,1,121.17000000000002,274,0,121.17000000000002,1,5,5,11,Can't Lose Them,10
15050,2011-11-14 16:17:00,2011-09-29 13:22:00,3,1737.69,25,46,579.23,4,2,2,8,New / Promising,3
15051,2011-11-16 15:38:00,2011-07-12 15:29:00,3,1383.3600000000001,23,127,461.12000000000006,4,2,2,8,New / Promising,3
15052,2011-01-24 15:52:00,2011-01-24 15:52:00,1,207.73000000000002,319,0,207.73000000000002,1,5,5,11,Can't Lose Them,9
15053,2011-12-05 12:08:00,2011-03-03 12:06:00,3,693.95,5,277,231.3166666666667,5,2,3,10,New / Promising,5
15054,2011-11-27 15:02:00,2011-10-30 14:33:00,2,302.1,12,28,151.05,5,3,4,12,Needs Attention,8
15057,2011-03-09 15:17:00,2011-01-28 09:09:00,2,1489.5,275,40,744.75,1,3,2,6,At Risk,3
15058,2011-11-14 14:57:00,2011-01-31 15:35:00,11,2102.54,25,286,191.14,4,1,1,6,New / Promising,2
15059,2011-10-30 11:35:00,2011-01-09 11:54:00,9,1337.72,41,293,148.63555555555556,3,1,2,6,Needs Attention,4
15060,2011-12-01 13:47:00,2011-11-30 14:03:00,4,294.25,8,0,73.5625,5,2,4,11,Needs Attention,8
15061,2011-12-06 12:06:00,2010-12-02 15:19:00,48,54534.14,4,368,1136.1279166666666,5,1,1,7,New / Promising,1
15062,2011-09-29 16:51:00,2010-12-15 15:37:00,4,987.86,71,288,246.965,3,2,2,7,Needs Attention,4
15063,2011-05-10 13:25:00,2011-05-10 13:25:00,1,370.79999999999995,213,0,370.79999999999995,1,5,4,10,Can't Lose Them,7
15065,2011-11-02 09:45:00,2011-02-21 12:54:00,4,3158.13,38,253,789.5325,3,2,1,6,Needs Attention,2
15066,2011-10-17 13:25:00,2011-10-17 13:25:00,1,893.59,53,0,893.59,3,5,3,11,Needs Attention,5
15067,2011-09-22 13:20:00,2011-03-02 12:10:00,3,1744.76,78,204,581.5866666666667,2,2,2,6,Lost / Low Value,3
15068,2011-10-24 14:47:00,2011-03-28 14:27:00,2,553.36,46,210,276.68,3,3,3,9,Needs Attention,6
15069,2011-06-13 14:16:00,2011-06-13 14:16:00,1,1109.53,179,0,1109.53,1,5,2,8,At Risk,4
15070,2010-12-02 11:23:00,2010-12-02 11:23:00,1,106.2,373,0,106.2,1,5,5,11,Can't Lose Them,10
15071,2011-09-07 11:43:00,2011-03-09 10:19:00,2,982.07,94,182,491.035,2,3,2,7,At Risk,4
15073,2011-11-30 10:44:00,2011-06-06 09:59:00,3,1043.41,10,177,347.80333333333334,5,2,2,9,New / Promising,4
15074,2011-08-26 14:45:00,2011-08-26 14:45:00,1,735.67,105,0,735.67,2,5,3,10,At Risk,5
15075,2011-09-23 12:27:00,2011-09-23 12:27:00,1,773.03,78,0,773.03,2,5,3,10,At Risk,5
15076,2011-06-20 08:23:00,2011-06-20 08:23:00,1,880.85,173,0,880.85,2,5,3,10,At Risk,5
15078,2011-12-02 15:41:00,2010-12-06 12:38:00,32,9743.11,7,361,304.4721875,5,1,1,7,New / Promising,1
15079,2011-05-11 12:45:00,2010-12-09 09:25:00,4,895.61,213,153,223.9025,1,2,3,6,Lost / Low Value,5
15081,2011-11-17 17:08:00,2010-12-07 16:20:00,5,504.8,22,345,100.96000000000001,4,2,3,9,New / Promising,6
15083,2011-03-28 12:18:00,2011-03-28 12:18:00,1,88.2,257,0,88.2,1,5,5,11,Can't Lose Them,10
15087,2011-03-03 10:34:00,2011-03-03 10:34:00,1,306.94,282,0,306.94,1,5,4,10,Can't Lose Them,8
15088,2011-11-18 13:14:00,2011-10-03 14:05:00,2,1160.07,21,45,580.035,4,3,2,9,Needs Attention,4
15089,2011-11-29 16:31:00,2011-08-03 14:14:00,6,2420.84,10,118,403.47333333333336,5,1,1,7,New / Promising,2
15090,2011-02-04 14:03:00,2011-02-04 14:03:00,1,381.32,308,0,381.32,1,5,4,10,Can't Lose Them,7
15091,2011-10-03 12:47:00,2011-10-03 12:47:00,1,480.71,68,0,480.71,3,5,4,12,Needs Attention,7
15092,2011-05-08 14:10:00,2011-03-01 12:24:00,2,457.81,215,68,228.905,1,3,4,8,At Risk,7
15093,2011-11-21 13:09:00,2010-12-02 18:25:00,6,4597.02,18,353,766.1700000000001,4,1,1,6,New / Promising,1
15095,2011-08-28 12:01:00,2011-05-20 14:27:00,4,1370.6,104,99,342.65,2,2,2,6,Lost / Low Value,3
15096,2011-10-28 10:27:00,2011-10-28 10:27:00,1,219.39000000000001,43,0,219.39000000000001,3,5,5,13,Needs Attention,9
15097,2011-12-05 14:03:00,2011-12-05 14:03:00,1,248.08,4,0,248.08,5,5,5,15,Champions,9
15098,2011-06-10 15:33:00,2011-06-10 15:22:00,3,39916.5,182,0,13305.5,1,2,1,4,Lost / Low Value,1
15099,2011-09-16 13:13:00,2011-09-16 13:13:00,1,410.48,84,0,410.48,2,5,4,11,Can't Lose Them,7
15100,2011-01-10 10:35:00,2010-12-01 09:09:00,3,876.0,334,40,292.0,1,2,3,6,Lost / Low Value,5
15101,2011-12-01 10:18:00,2010-12-15 12:54:00,2,317.53,9,350,158.765,5,3,4,12,Needs Attention,8
15103,2011-11-08 14:53:00,2011-09-14 13:54:00,2,703.36,31,55,351.68,4,3,3,10,Needs Attention,5
15104,2011-05-27 12:29:00,2011-03-02 14:16:00,2,993.54,197,85,496.77,1,3,2,6,At Risk,4
15105,2011-11-21 16:54:00,2011-07-28 10:09:00,7,2298.93,18,116,328.4185714285714,4,1,1,6,New / Promising,2
15106,2011-11-22 09:16:00,2011-03-15 12:52:00,5,1422.52,18,251,284.504,4,2,2,8,New / Promising,3
15107,2011-02-01 14:46:00,2010-12-02 13:45:00,6,319.5,311,61,53.25,1,1,4,6,Lost / Low Value,8
15108,2011-07-21 10:24:00,2011-04-26 10:54:00,4,1300.25,142,85,325.0625,2,2,2,6,Lost / Low Value,4
15109,2011-04-08 09:58:00,2011-04-08 09:58:00,1,484.95,246,0,484.95,1,5,4,10,Can't Lose Them,7
15110,2011-11-16 11:16:00,2011-01-25 11:41:00,4,996.1,24,294,249.025,4,2,2,8,New / Promising,4
15111,2011-11-10 16:58:00,2010-12-02 11:45:00,3,1567.48,29,343,522.4933333333333,4,2,2,8,New / Promising,3
15113,2011-11-30 08:23:00,2011-10-16 15:27:00,3,3509.43,10,44,1169.81,5,2,1,8,New / Promising,2
15114,2011-11-09 15:05:00,2011-02-11 08:45:00,10,2760.56,30,271,276.056,4,1,1,6,New / Promising,2
15115,2011-11-21 14:59:00,2011-11-21 14:59:00,1,340.11,18,0,340.11,4,5,4,13,Champions,8
15116,2011-11-22 12:25:00,2011-05-19 08:50:00,4,1352.75,18,187,338.1875,4,2,2,8,New / Promising,3
15117,2011-11-25 08:12:00,2011-05-08 12:38:00,5,1551.78,15,200,310.356,4,2,2,8,New / Promising,3
15118,2011-07-28 14:54:00,2011-07-28 14:54:00,1,244.8,134,0,244.8,2,5,5,12,Can't Lose Them,9
15119,2011-04-08 09:08:00,2011-04-08 09:08:00,1,266.4,246,0,266.4,1,5,4,10,Can't Lose Them,8
15120,2011-07-29 09:48:00,2011-07-29 09:48:00,1,358.82,134,0,358.82,2,5,4,11,Can't Lose Them,7
15121,2011-10-20 14:51:00,2011-02-24 12:41:00,2,457.72,50,238,228.86,3,3,4,10,Needs Attention,7
15122,2011-08-17 16:48:00,2011-02-15 09:59:00,3,1633.78,114,183,544.5933333333334,2,2,2,6,Lost / Low Value,3
15123,2011-12-02 13:12:00,2011-05-17 14:57:00,2,2199.31,7,198,1099.655,5,3,1,9,Needs Attention,2
15124,2011-11-17 10:09:00,2011-06-01 09:06:00,2,184.19,23,169,92.095,4,3,5,12,Needs Attention,9
15125,2011-11-14 13:57:00,2011-03-14 09:59:00,15,11528.48,25,245,768.5653333333333,4,1,1,6,New / Promising,1
15127,2011-10-05 10:30:00,2011-10-05 10:30:00,1,406.53,66,0,406.53,3,5,4,12,Needs Attention,7
15128,2011-10-10 13:54:00,2011-05-04 12:32:00,4,1471.0,60,159,367.75,3,2,2,7,Needs Attention,3
15129,2011-10-20 14:40:00,2011-02-21 09:09:00,11,3447.4,50,241,313.40000000000003,3,1,1,5,Needs Attention,2
15130,2011-06-23 10:15:00,2011-06-23 10:15:00,1,330.11,170,0,330.11,2,5,4,11,Can't Lose Them,8
15132,2011-11-21 17:10:00,2011-03-22 12:02:00,5,977.9300000000001,18,244,195.586,4,2,2,8,New / Promising,4
15133,2011-08-04 10:44:00,2011-02-11 10:38:00,3,982.42,128,174,327.4733333333333,2,2,2,6,Lost / Low Value,4
15134,2011-11-25 08:55:00,2011-04-13 11:05:00,8,1387.99,15,225,173.49875,4,1,2,7,New / Promising,3
15135,2011-04-14 19:16:00,2011-04-14 19:16:00,1,139.05,239,0,139.05,1,5,5,11,Can't Lose Them,10
15136,2011-12-07 12:26:00,2011-09-04 16:05:00,4,1286.7,3,93,321.675,5,2,2,9,New / Promising,4
15139,2011-04-14 11:39:00,2011-01-07 12:44:00,2,178.96,240,96,89.48,1,3,5,9,At Risk,9
15140,2011-10-18 14:07:00,2011-03-20 14:37:00,7,2354.25,52,211,336.32142857142856,3,1,1,5,Needs Attention,2
15142,2011-10-24 12:51:00,2011-10-24 12:51:00,1,498.74,46,0,498.74,3,5,3,11,Needs Attention,6
15143,2011-04-28 12:03:00,2011-04-28 12:03:00,1,259.45,226,0,259.45,1,5,4,10,Can't Lose Them,8
15144,2011-12-01 15:12:00,2011-01-31 13:17:00,17,6580.44,8,304,387.0847058823529,5,1,1,7,New / Promising,1
15145,2011-12-05 17:21:00,2011-04-05 15:20:00,4,1194.73,4,244,298.6825,5,2,2,9,New / Promising,4
15146,2011-06-28 12:09:00,2011-02-21 13:07:00,2,1327.16,165,126,663.58,2,3,2,7,At Risk,4
15147,2011-04-13 15:57:00,2011-04-13 15:57:00,1,623.5,240,0,623.5,1,5,3,9,At Risk,6
15148,2011-11-29 08:21:00,2011-11-29 08:21:00,1,301.29,11,0,301.29,5,5,4,14,Champions,8
15149,2011-07-29 10:58:00,2011-07-29 10:58:00,1,520.8000000000001,134,0,520.8000000000001,2,5,3,10,At Risk,6
15150,2011-11-22 12:52:00,2011-03-15 14:21:00,10,5291.33,17,251,529.133,4,1,1,6,New / Promising,1
15152,2011-11-30 12:32:00,2011-06-05 15:36:00,13,4745.69,10,177,365.0530769230769,5,1,1,7,New / Promising,1
15153,2011-11-08 17:09:00,2011-11-08 17:09:00,1,329.25,31,0,329.25,4,5,4,13,Champions,8
15154,2011-09-25 16:05:00,2011-09-25 16:05:00,1,254.28,75,0,254.28,2,5,4,11,Can't Lose Them,8
15156,2011-12-08 18:22:00,2011-11-06 12:41:00,3,961.49,1,32,320.49666666666667,5,2,2,9,New / Promising,4
15157,2011-12-06 11:28:00,2010-12-16 13:44:00,3,1936.07,4,354,645.3566666666667,5,2,2,9,New / Promising,3
15158,2011-10-25 13:53:00,2011-10-25 13:53:00,1,401.40000000000003,45,0,401.40000000000003,3,5,4,12,Needs Attention,7
15159,2011-12-08 12:05:00,2010-12-13 15:44:00,30,18641.010000000002,2,359,621.3670000000001,5,1,1,7,New / Promising,1
15160,2010-12-17 14:15:00,2010-12-17 14:15:00,1,158.16,357,0,158.16,1,5,5,11,Can't Lose Them,9
15163,2011-11-21 13:10:00,2011-05-31 15:22:00,2,304.47,18,173,152.235,4,3,4,11,Needs Attention,8
15164,2011-10-02 12:05:00,2011-01-04 14:21:00,3,824.58,69,270,274.86,3,2,3,8,Needs Attention,5
15165,2010-12-01 14:03:00,2010-12-01 14:03:00,1,487.75,373,0,487.75,1,5,3,9,At Risk,6
15167,2011-01-23 12:41:00,2011-01-23 12:41:00,1,158.8,321,0,158.8,1,5,5,11,Can't Lose Them,9
15168,2011-11-14 11:26:00,2011-11-14 11:26:00,1,106.56,26,0,106.56,4,5,5,14,Champions,10
15171,2011-01-12 15:36:00,2011-01-12 15:36:00,1,1289.5,331,0,1289.5,1,5,2,8,At Risk,4
15172,2011-12-01 11:51:00,2011-04-17 11:56:00,5,1624.05,9,227,324.81,5,2,2,9,New / Promising,3
15174,2011-01-21 09:06:00,2011-01-21 09:06:00,1,135.75,323,0,135.75,1,5,5,11,Can't Lose Them,10
15175,2011-09-29 11:31:00,2011-09-29 11:31:00,1,224.14,72,0,224.14,2,5,5,12,Can't Lose Them,9
15178,2011-03-24 15:12:00,2011-03-24 15:12:00,1,40.5,260,0,40.5,1,5,5,11,Can't Lose Them,10
15179,2011-11-21 12:53:00,2011-01-24 13:48:00,5,2206.95,18,300,441.39,4,2,1,7,New / Promising,2
15180,2010-12-07 14:57:00,2010-12-07 14:57:00,1,87.5,367,0,87.5,1,5,5,11,Can't Lose Them,10
15181,2011-10-04 13:58:00,2011-03-15 12:03:00,3,689.4799999999999,66,203,229.82666666666663,3,2,3,8,Needs Attention,5
15182,2011-07-08 13:37:00,2011-03-16 12:42:00,2,622.85,154,114,311.425,2,3,3,8,At Risk,6
15184,2011-11-10 13:41:00,2011-06-02 12:06:00,2,402.2,29,161,201.1,4,3,4,11,Needs Attention,7
15185,2011-09-30 14:06:00,2011-09-30 14:06:00,1,310.62,70,0,310.62,3,5,4,12,Needs Attention,8
15186,2011-11-25 14:58:00,2011-06-24 14:54:00,2,411.41,14,154,205.705,4,3,4,11,Needs Attention,7
15187,2011-12-08 11:56:00,2011-05-11 13:49:00,16,4777.18,2,210,298.57375,5,1,1,7,New / Promising,1
15189,2011-12-08 13:22:00,2011-01-11 12:29:00,41,16225.39,1,331,395.74121951219513,5,1,1,7,New / Promising,1
15192,2011-08-12 11:41:00,2010-12-09 14:56:00,3,1044.32,120,245,348.1066666666666,2,2,2,6,Lost / Low Value,4
15193,2011-10-10 08:23:00,2011-10-10 08:23:00,1,499.32,61,0,499.32,3,5,3,11,Needs Attention,6
15194,2011-12-06 15:10:00,2010-12-06 15:00:00,15,7616.53,3,365,507.76866666666666,5,1,1,7,New / Promising,1
15195,2011-12-07 12:20:00,2011-12-07 12:20:00,1,3861.0,3,0,3861.0,5,5,1,11,Loyal,1
15197,2011-11-29 10:00:00,2010-12-16 18:01:00,3,1079.6100000000001,11,347,359.87000000000006,5,2,2,9,New / Promising,4
15198,2011-09-08 14:42:00,2011-08-07 15:16:00,2,193.64,92,31,96.82,2,3,5,10,At Risk,9
15199,2011-10-11 15:12:00,2011-02-04 14:04:00,4,1268.7,59,249,317.175,3,2,2,7,Needs Attention,4
15201,2011-09-13 14:53:00,2011-04-06 14:02:00,5,1236.54,87,160,247.308,2,2,2,6,Lost / Low Value,4
15203,2011-11-14 08:16:00,2011-02-01 12:29:00,6,1827.8,26,285,304.6333333333333,4,1,2,7,New / Promising,3
15204,2010-12-17 13:49:00,2010-12-17 13:49:00,1,316.58,357,0,316.58,1,5,4,10,Can't Lose Them,8
15205,2011-09-15 19:36:00,2011-08-04 16:07:00,2,653.24,85,42,326.62,2,3,3,8,At Risk,6
15206,2011-11-29 13:41:00,2011-03-09 08:59:00,4,420.29999999999995,10,265,105.07499999999999,5,2,4,11,Needs Attention,7
15208,2011-12-08 17:24:00,2010-12-21 13:03:00,5,870.12,1,352,174.024,5,2,3,10,New / Promising,5
15210,2011-04-28 16:11:00,2011-04-28 16:11:00,1,331.18,225,0,331.18,1,5,4,10,Can't Lose Them,8
15211,2011-10-10 13:31:00,2010-12-09 16:08:00,2,894.4100000000001,60,304,447.20500000000004,3,3,3,9,Needs Attention,5
15212,2011-04-12 13:45:00,2011-04-12 13:45:00,1,101.8,241,0,101.8,1,5,5,11,Can't Lose Them,10
15213,2011-01-25 12:21:00,2011-01-14 11:05:00,2,328.35,319,11,164.175,1,3,4,8,At Risk,8
15214,2011-12-08 12:07:00,2011-04-11 09:46:00,8,1661.44,2,241,207.68,5,1,2,8,New / Promising,3
15215,2011-10-24 11:41:00,2011-09-04 12:24:00,3,734.94,47,49,244.98000000000002,3,2,3,8,Needs Attention,5
15216,2011-09-13 11:41:00,2011-09-13 11:41:00,1,96.6,88,0,96.6,2,5,5,12,Can't Lose Them,10
15218,2011-11-29 11:48:00,2011-01-25 11:20:00,11,5756.89,11,308,523.3536363636364,5,1,1,7,New / Promising,1
15219,2011-06-16 16:57:00,2011-06-16 16:57:00,1,305.75,176,0,305.75,2,5,4,11,Can't Lose Them,8
15220,2011-10-19 12:39:00,2011-03-04 10:24:00,6,1778.96,52,229,296.49333333333334,3,1,2,6,Needs Attention,3
15221,2010-12-08 13:08:00,2010-12-08 13:08:00,1,403.25,366,0,403.25,1,5,4,10,Can't Lose Them,7
15222,2011-01-25 08:03:00,2011-01-25 08:03:00,1,585.0,319,0,585.0,1,5,3,9,At Risk,6
15223,2011-04-28 11:31:00,2011-04-04 12:17:00,2,755.75,226,23,377.875,1,3,3,7,At Risk,5
15224,2010-12-16 15:02:00,2010-12-12 12:34:00,2,322.08,358,4,161.04,1,3,4,8,At Risk,8
15225,2011-04-19 14:51:00,2011-04-19 14:51:00,1,409.40000000000003,234,0,409.40000000000003,1,5,4,10,Can't Lose Them,7
15226,2011-02-02 11:41:00,2011-02-02 11:41:00,1,154.41,311,0,154.41,1,5,5,11,Can't Lose Them,10
15227,2011-11-03 11:59:00,2011-01-26 15:31:00,5,1219.4,37,280,243.88000000000002,3,2,2,7,Needs Attention,4
15228,2011-10-04 13:56:00,2011-02-18 09:04:00,4,3386.71,66,228,846.6775,3,2,1,6,Needs Attention,2
15230,2011-04-14 14:39:00,2011-04-13 11:04:00,2,429.6,239,1,214.8,1,3,4,8,At Risk,7
15232,2011-08-18 16:27:00,2011-07-22 12:21:00,2,612.06,113,27,306.03,2,3,3,8,At Risk,6
15234,2011-03-08 08:53:00,2011-03-08 08:53:00,1,197.0,277,0,197.0,1,5,5,11,Can't Lose Them,9
15235,2011-05-06 09:44:00,2010-12-01 17:22:00,12,2247.51,218,155,187.29250000000002,1,1,1,3,Lost / Low Value,2
15236,2011-02-14 10:52:00,2011-02-14 10:52:00,1,321.05,299,0,321.05,1,5,4,10,Can't Lose Them,8
15237,2011-12-08 09:46:00,2011-04-26 15:04:00,4,1412.32,2,225,353.08,5,2,2,9,New / Promising,3
15238,2011-11-10 14:28:00,2011-06-08 16:00:00,3,1071.99,29,154,357.33,4,2,2,8,New / Promising,4
15239,2011-11-29 14:14:00,2011-09-22 09:53:00,2,780.59,10,68,390.295,5,3,3,11,Needs Attention,5
15240,2011-10-26 09:50:00,2011-02-01 08:23:00,5,1706.57,45,267,341.31399999999996,3,2,2,7,Needs Attention,3
15241,2011-10-04 09:05:00,2011-03-01 11:02:00,8,1756.44,67,216,219.555,3,1,2,6,Needs Attention,3
15243,2011-09-26 14:12:00,2011-09-26 14:12:00,1,316.68,74,0,316.68,2,5,4,11,Can't Lose Them,8
15244,2011-10-05 13:19:00,2011-04-05 15:12:00,2,631.57,65,182,315.785,3,3,3,9,Needs Attention,6
15245,2011-07-28 18:56:00,2011-03-23 13:42:00,3,2515.84,134,127,838.6133333333333,2,3,1,6,At Risk,2
15246,2011-04-15 14:45:00,2010-12-16 09:46:00,2,514.15,238,120,257.075,1,3,3,7,At Risk,6
15247,2011-08-09 12:52:00,2011-08-09 12:52:00,1,356.0,122,0,356.0,2,5,4,11,Can't Lose Them,7
15249,2011-11-08 11:45:00,2011-03-28 12:49:00,13,6688.46,32,224,514.496923076923,4,1,1,6,New / Promising,1
15251,2011-11-30 15:02:00,2011-04-12 10:38:00,11,10484.99,9,232,953.180909090909,5,1,1,7,New / Promising,1
15252,2011-11-03 13:30:00,2011-06-09 14:15:00,2,740.78,36,146,370.39,3,3,3,9,Needs Attention,5
15253,2011-11-23 16:22:00,2011-06-23 12:19:00,5,918.1999999999999,16,153,183.64,4,2,3,9,New / Promising,5
15254,2011-08-04 15:04:00,2011-08-04 15:04:00,1,300.36,127,0,300.36,2,5,4,11,Can't Lose Them,8
15255,2011-10-04 12:43:00,2011-10-04 12:43:00,1,890.85,67,0,890.85,3,5,3,11,Needs Attention,5
15256,2011-07-14 11:47:00,2011-07-14 11:47:00,1,98.45,149,0,98.45,2,5,5,12,Can't Lose Them,10
15257,2011-03-01 12:58:00,2011-03-01 12:58:00,1,317.15,283,0,317.15,1,5,4,10,Can't Lose Them,8
15258,2011-06-24 12:30:00,2011-05-06 14:16:00,2,623.16,169,48,311.58,2,3,3,8,At Risk,6
15260,2011-08-31 13:55:00,2010-12-02 12:09:00,7,1810.77,100,272,258.68142857142857,2,1,2,5,Lost / Low Value,3
15261,2011-07-27 15:20:00,2011-07-27 15:20:00,1,254.82,135,0,254.82,2,5,4,11,Can't Lose Them,8
15262,2011-01-20 12:16:00,2011-01-20 12:16:00,1,178.95000000000002,324,0,178.95000000000002,1,5,5,11,Can't Lose Them,9
15263,2011-08-25 10:26:00,2011-08-25 10:26:00,1,156.51,107,0,156.51,2,5,5,12,Can't Lose Them,9
15264,2011-10-06 13:49:00,2011-10-06 13:49:00,1,393.74,64,0,393.74,3,5,4,12,Needs Attention,7
15265,2011-07-11 14:46:00,2011-04-18 12:16:00,2,1506.1200000000001,151,84,753.0600000000001,2,3,2,7,At Risk,3
15266,2011-01-05 13:40:00,2011-01-05 13:40:00,1,119.3,338,0,119.3,1,5,5,11,Can't Lose Them,10
15267,2011-11-17 15:59:00,2011-06-10 10:24:00,5,1717.36,22,160,343.472,4,2,2,8,New / Promising,3
15269,2011-11-16 09:32:00,2011-11-16 09:32:00,1,408.8,24,0,408.8,4,5,4,13,Champions,7
15270,2011-11-24 09:24:00,2011-02-02 13:25:00,7,2379.49,16,294,339.9271428571428,4,1,1,6,New / Promising,2
15271,2011-12-02 14:11:00,2010-12-09 13:47:00,15,2493.34,7,358,166.22266666666667,5,1,1,7,New / Promising,2
15272,2011-10-13 12:59:00,2011-09-14 16:36:00,2,721.94,57,28,360.97,3,3,3,9,Needs Attention,5
15274,2011-12-05 16:57:00,2011-11-21 14:17:00,2,716.57,4,14,358.285,5,3,3,11,Needs Attention,5
15275,2011-11-02 11:20:00,2011-11-02 11:20:00,1,615.14,38,0,615.14,3,5,3,11,Needs Attention,6
15276,2011-10-04 16:39:00,2011-10-04 16:39:00,1,128.63,66,0,128.63,3,5,5,13,Needs Attention,10
15277,2011-10-24 10:08:00,2011-10-24 10:08:00,1,255.89999999999998,47,0,255.89999999999998,3,5,4,12,Needs Attention,8
15279,2010-12-20 10:48:00,2010-12-20 10:48:00,1,290.51,355,0,290.51,1,5,4,10,Can't Lose Them,8
15280,2011-06-20 17:14:00,2011-06-20 17:14:00,1,113.12,172,0,113.12,2,5,5,12,Can't Lose Them,10
15281,2011-10-12 09:10:00,2011-01-10 15:51:00,9,2332.15,59,274,259.1277777777778,3,1,1,5,Needs Attention,2
15286,2011-10-21 11:08:00,2011-10-21 11:08:00,1,240.55,50,0,240.55,3,5,5,13,Needs Attention,9
15287,2011-11-17 15:34:00,2011-09-30 12:30:00,2,486.69,22,48,243.345,4,3,4,11,Needs Attention,7
15288,2011-10-27 16:58:00,2010-12-09 13:59:00,5,2306.52,43,322,461.304,3,2,1,6,Needs Attention,2
15289,2011-11-10 13:49:00,2011-04-04 12:44:00,3,939.78,29,220,313.26,4,3,2,9,Needs Attention,4
15290,2011-12-05 11:39:00,2010-12-15 16:03:00,18,7943.22,5,354,441.29,5,1,1,7,New / Promising,1
15291,2011-11-14 11:02:00,2010-12-01 09:32:00,15,4668.3,26,348,311.22,4,1,1,6,New / Promising,1
15292,2011-05-22 15:00:00,2011-05-22 15:00:00,1,178.39,201,0,178.39,1,5,5,11,Can't Lose Them,9
15296,2011-10-20 11:47:00,2011-01-17 11:57:00,6,3672.86,51,275,612.1433333333333,3,1,1,5,Needs Attention,1
15297,2011-11-29 16:32:00,2011-10-07 09:42:00,3,641.94,10,53,213.98000000000002,5,3,3,11,Needs Attention,6
15298,2011-12-07 17:17:00,2010-12-08 13:55:00,12,4799.9,2,364,399.9916666666666,5,1,1,7,New / Promising,1
15299,2011-10-03 14:19:00,2010-12-02 16:48:00,7,4507.01,67,304,643.8585714285715,3,1,1,5,Needs Attention,1
15300,2011-10-06 17:08:00,2011-10-06 17:08:00,1,496.44,64,0,496.44,3,5,3,11,Needs Attention,6
15301,2011-10-20 09:57:00,2010-12-06 12:21:00,12,5049.95,51,317,420.82916666666665,3,1,1,5,Needs Attention,1
15303,2011-02-22 13:59:00,2011-02-22 13:59:00,1,574.02,290,0,574.02,1,5,3,9,At Risk,6
15304,2011-10-10 10:23:00,2010-12-06 11:42:00,8,694.4000000000001,61,307,86.80000000000001,3,1,3,7,Needs Attention,5
15306,2011-10-06 12:56:00,2011-07-14 15:22:00,3,1174.35,64,83,391.45,3,3,2,8,Needs Attention,4
15307,2011-09-05 11:38:00,2011-09-05 11:38:00,1,205.3,96,0,205.3,2,5,5,12,Can't Lose Them,9
15308,2011-03-10 13:08:00,2011-03-10 13:08:00,1,310.47,274,0,310.47,1,5,4,10,Can't Lose Them,8
15311,2011-12-09 12:00:00,2010-12-01 09:41:00,91,60632.75,1,373,666.2939560439561,5,1,1,7,New / Promising,1
15312,2011-09-25 13:10:00,2010-12-20 12:51:00,4,924.85,75,279,231.2125,2,2,3,7,Lost / Low Value,5
15313,2011-08-21 16:02:00,2011-08-21 16:02:00,1,52.0,110,0,52.0,2,5,5,12,Can't Lose Them,10
15314,2011-05-24 14:39:00,2011-05-24 14:39:00,1,327.97,199,0,327.97,1,5,4,10,Can't Lose Them,8
15315,2011-10-06 12:51:00,2011-08-15 15:17:00,2,570.5,64,51,285.25,3,3,3,9,Needs Attention,6
15316,2011-01-17 11:34:00,2011-01-17 11:34:00,1,165.0,327,0,165.0,1,5,5,11,Can't Lose Them,9
15318,2011-12-06 11:30:00,2011-12-06 11:30:00,1,312.62,4,0,312.62,5,5,4,14,Champions,8
15319,2011-03-01 12:48:00,2011-03-01 12:48:00,1,204.5,284,0,204.5,1,5,5,11,Can't Lose Them,9
15320,2011-10-26 13:27:00,2011-10-26 13:27:00,1,267.13,44,0,267.13,3,5,4,12,Needs Attention,8
15321,2011-09-30 09:40:00,2011-02-21 11:10:00,3,2748.31,71,220,916.1033333333334,3,3,1,7,Needs Attention,2
15322,2011-09-15 09:34:00,2011-09-15 09:34:00,1,679.68,86,0,679.68,2,5,3,10,At Risk,5
15325,2011-08-28 11:55:00,2011-08-28 11:55:00,1,161.74,104,0,161.74,2,5,5,12,Can't Lose Them,9
15326,2011-01-10 11:38:00,2011-01-10 11:38:00,1,311.71,334,0,311.71,1,5,4,10,Can't Lose Them,8
15327,2011-10-18 11:55:00,2011-10-18 11:55:00,1,208.75,53,0,208.75,3,5,5,13,Needs Attention,9
15329,2011-10-31 15:36:00,2011-06-21 10:37:00,3,1049.7,39,132,349.90000000000003,3,3,2,8,Needs Attention,4
15330,2011-11-07 17:50:00,2011-10-10 12:30:00,2,714.96,32,28,357.48,4,3,3,10,Needs Attention,5
15332,2010-12-08 14:43:00,2010-12-05 12:00:00,4,1661.06,366,3,415.265,1,2,2,5,Lost / Low Value,3
15333,2011-05-15 13:27:00,2011-05-15 13:27:00,1,1028.56,208,0,1028.56,1,5,2,8,At Risk,4
15334,2011-07-06 11:22:00,2011-06-19 13:51:00,3,350.82,157,16,116.94,2,3,4,9,At Risk,7
15335,2011-10-17 12:50:00,2011-10-17 12:50:00,1,170.22,54,0,170.22,3,5,5,13,Needs Attention,9
15339,2011-10-04 12:51:00,2011-01-25 13:15:00,2,574.07,66,251,287.035,3,3,3,9,Needs Attention,6
15341,2011-09-20 09:40:00,2011-09-20 09:40:00,1,2020.52,81,0,2020.52,2,5,2,9,At Risk,3
15342,2011-08-02 10:19:00,2011-08-02 10:19:00,1,406.09,130,0,406.09,2,5,4,11,Can't Lose Them,7
15343,2011-09-13 13:55:00,2011-09-13 13:55:00,1,364.5,87,0,364.5,2,5,4,11,Can't Lose Them,7
15344,2011-12-09 10:45:00,2011-09-26 14:48:00,3,563.94,1,73,187.98000000000002,5,3,3,11,Needs Attention,6
15345,2011-10-25 11:28:00,2011-10-25 11:28:00,1,393.54,46,0,393.54,3,5,4,12,Needs Attention,7
15346,2011-01-11 11:18:00,2011-01-11 11:18:00,1,252.42000000000002,333,0,252.42000000000002,1,5,4,10,Can't Lose Them,8
15347,2010-12-08 15:25:00,2010-12-08 15:25:00,1,201.60000000000002,366,0,201.60000000000002,1,5,5,11,Can't Lose Them,9
15348,2011-09-28 13:17:00,2011-09-28 13:17:00,1,158.04,72,0,158.04,2,5,5,12,Can't Lose Them,9
15349,2011-07-04 16:06:00,2011-06-05 15:46:00,2,463.90999999999997,158,29,231.95499999999998,2,3,4,9,At Risk,7
15350,2010-12-01 13:33:00,2010-12-01 13:33:00,1,115.65,373,0,115.65,1,5,5,11,Can't Lose Them,10
15351,2011-11-27 12:52:00,2010-12-05 11:49:00,7,1934.66,12,357,276.38,5,1,2,8,New / Promising,3
15353,2011-03-30 12:15:00,2010-12-07 11:49:00,2,770.12,255,113,385.06,1,3,3,7,At Risk,5
15355,2011-11-10 13:44:00,2011-10-17 15:22:00,2,277.05,29,23,138.525,4,3,4,11,Needs Attention,8
15356,2011-11-08 13:11:00,2010-12-06 14:05:00,10,2718.03,31,336,271.803,4,1,1,6,New / Promising,2
15358,2011-12-05 09:04:00,2010-12-09 10:04:00,22,8347.2,5,360,379.41818181818184,5,1,1,7,New / Promising,1
15360,2011-10-31 09:35:00,2011-10-31 09:35:00,1,427.93,40,0,427.93,3,5,4,12,Needs Attention,7
15361,2010-12-13 09:52:00,2010-12-13 09:52:00,1,418.92,362,0,418.92,1,5,4,10,Can't Lose Them,7
15363,2010-12-02 12:28:00,2010-12-02 12:28:00,1,326.0,373,0,326.0,1,5,4,10,Can't Lose Them,8
15364,2011-09-05 09:46:00,2011-03-30 13:39:00,2,913.19,96,158,456.595,2,3,3,8,At Risk,5
15365,2011-11-14 08:29:00,2011-01-28 13:08:00,7,2314.32,26,289,330.6171428571429,4,1,1,6,New / Promising,2
15366,2011-09-25 15:01:00,2010-12-16 15:59:00,2,602.51,75,282,301.255,2,3,3,8,At Risk,6
15367,2011-10-13 14:13:00,2011-03-09 13:53:00,4,1877.59,57,218,469.3975,3,2,2,7,Needs Attention,3
15368,2011-11-18 14:42:00,2011-11-18 14:42:00,1,446.94000000000005,21,0,446.94000000000005,4,5,4,13,Champions,7
15370,2011-10-30 10:58:00,2011-01-11 11:32:00,7,2386.05,41,291,340.86428571428576,3,1,1,5,Needs Attention,2
15372,2011-07-25 16:39:00,2011-07-25 16:39:00,1,2007.3999999999999,137,0,2007.3999999999999,2,5,2,9,At Risk,3
15373,2011-12-01 15:05:00,2010-12-03 14:40:00,12,2415.91,8,363,201.32583333333332,5,1,1,7,New / Promising,2
15374,2011-08-03 09:59:00,2011-08-03 09:59:00,1,168.0,129,0,168.0,2,5,5,12,Can't Lose Them,9
15376,2011-10-30 15:04:00,2011-05-01 13:45:00,3,1221.56,40,182,407.18666666666667,3,3,2,8,Needs Attention,4
15379,2011-06-23 13:13:00,2010-12-16 13:02:00,7,3703.29,169,189,529.0414285714286,2,1,1,4,Lost / Low Value,1
15380,2011-12-01 12:13:00,2010-12-09 15:01:00,5,1690.2600000000002,9,356,338.052,5,2,2,9,New / Promising,3
15381,2011-05-10 11:55:00,2011-03-16 13:44:00,2,596.85,214,54,298.425,1,3,3,7,At Risk,6
15382,2011-11-25 10:58:00,2011-02-17 12:01:00,6,5955.71,15,280,992.6183333333333,4,1,1,6,New / Promising,1
15384,2011-06-23 10:57:00,2010-12-15 11:34:00,2,642.41,170,189,321.205,2,3,3,8,At Risk,6
15385,2011-10-30 15:11:00,2011-10-30 15:11:00,1,316.88,40,0,316.88,3,5,4,12,Needs Attention,8
15386,2011-06-06 13:47:00,2011-06-06 13:47:00,1,394.14,186,0,394.14,1,5,4,10,Can't Lose Them,7
15388,2011-03-14 13:53:00,2011-03-14 13:53:00,1,140.54,270,0,140.54,1,5,5,11,Can't Lose Them,10
15389,2011-06-20 16:18:00,2011-06-20 16:18:00,1,500.0,172,0,500.0,2,5,3,10,At Risk,6
15392,2011-12-05 11:01:00,2010-12-14 15:50:00,4,1535.53,5,355,383.8825,5,2,2,9,New / Promising,3
15393,2011-11-23 16:48:00,2011-03-03 16:58:00,2,231.86,16,264,115.93,4,3,5,12,Needs Attention,9
15394,2011-11-30 11:49:00,2010-12-16 12:46:00,4,2183.54,10,348,545.885,5,2,1,8,New / Promising,2
15395,2011-01-18 12:40:00,2011-01-18 12:40:00,1,107.45,326,0,107.45,1,5,5,11,Can't Lose Them,10
15396,2011-08-19 10:56:00,2011-08-19 10:56:00,1,288.18,113,0,288.18,2,5,4,11,Can't Lose Them,8
15397,2011-02-23 09:25:00,2011-02-23 09:25:00,1,94.0,290,0,94.0,1,5,5,11,Can't Lose Them,10
15398,2011-11-23 16:47:00,2011-09-22 14:56:00,2,1345.53,16,62,672.765,4,3,2,9,Needs Attention,4
15399,2011-12-08 13:04:00,2011-09-21 15:57:00,3,815.77,1,77,271.92333333333335,5,3,3,11,Needs Attention,5
15400,2011-09-08 13:57:00,2011-03-06 11:27:00,5,716.2,92,186,143.24,2,2,3,7,Lost / Low Value,5
15402,2011-07-14 12:17:00,2011-05-27 13:32:00,2,626.77,149,47,313.385,2,3,3,8,At Risk,6
15405,2011-06-03 14:44:00,2011-06-03 14:44:00,1,349.1,189,0,349.1,1,5,4,10,Can't Lose Them,8
15406,2011-11-08 13:22:00,2011-02-11 16:19:00,2,510.71000000000004,31,269,255.35500000000002,4,3,3,10,Needs Attention,6
15407,2011-11-06 11:55:00,2011-02-07 13:18:00,4,1046.74,34,271,261.685,3,2,2,7,Needs Attention,4
15408,2011-03-20 15:02:00,2011-03-20 15:02:00,1,267.18,264,0,267.18,1,5,4,10,Can't Lose Them,8
15410,2011-09-16 14:47:00,2011-03-23 10:15:00,8,3450.84,84,177,431.355,2,1,1,4,Lost / Low Value,2
15411,2011-11-13 15:19:00,2011-06-10 12:30:00,4,1348.93,26,156,337.2325,4,2,2,8,New / Promising,3
15412,2011-06-21 15:24:00,2011-06-21 15:24:00,1,190.53,171,0,190.53,2,5,5,12,Can't Lose Them,9
15414,2011-11-30 09:50:00,2011-04-11 13:45:00,3,774.9000000000001,10,232,258.3,5,3,3,11,Needs Attention,5
15415,2011-01-30 14:13:00,2011-01-30 14:13:00,1,559.61,313,0,559.61,1,5,3,9,At Risk,6
15416,2011-10-06 09:38:00,2011-03-02 08:41:00,4,3984.32,65,218,996.08,3,2,1,6,Needs Attention,1
15417,2011-09-15 15:26:00,2011-09-15 15:26:00,1,508.8,85,0,508.8,2,5,3,10,At Risk,6
15419,2011-11-15 09:23:00,2011-11-15 09:23:00,1,135.86,25,0,135.86,4,5,5,14,Champions,10
15421,2011-10-12 09:20:00,2011-02-02 14:36:00,4,950.36,59,251,237.59,3,2,2,7,Needs Attention,4
15422,2011-01-20 16:17:00,2011-01-20 14:17:00,2,97.7,323,0,48.85,1,3,5,9,At Risk,10
15423,2011-11-01 14:01:00,2011-11-01 14:01:00,1,43.5,38,0,43.5,3,5,5,13,Needs Attention,10
15424,2011-03-30 13:02:00,2011-03-30 13:00:00,2,383.34,254,0,191.67,1,3,4,8,At Risk,7
15426,2011-11-20 15:36:00,2010-12-05 13:55:00,5,1404.07,19,350,280.81399999999996,4,2,2,8,New / Promising,3
15427,2011-11-06 14:29:00,2011-10-23 14:47:00,3,1430.54,33,13,476.84666666666664,3,3,2,8,Needs Attention,3
15428,2011-11-24 16:54:00,2011-11-24 16:54:00,1,93.78,15,0,93.78,4,5,5,14,Champions,10
15429,2011-11-13 12:28:00,2011-09-25 13:42:00,2,397.35,27,48,198.675,4,3,4,11,Needs Attention,7
15432,2011-11-16 16:30:00,2011-11-16 16:30:00,1,171.19,23,0,171.19,4,5,5,14,Champions,9
15433,2011-05-10 10:45:00,2011-03-17 14:12:00,2,533.3,214,53,266.65,1,3,3,7,At Risk,6
15434,2011-12-01 13:33:00,2011-05-23 14:18:00,5,1041.48,8,191,208.296,5,2,2,9,New / Promising,4
15435,2011-11-17 16:39:00,2011-11-17 16:39:00,1,149.29,22,0,149.29,4,5,5,14,Champions,10
15436,2011-11-27 16:05:00,2011-04-19 16:52:00,3,1067.75,12,221,355.9166666666667,5,3,2,10,Needs Attention,4
15437,2011-03-22 13:11:00,2011-03-22 13:11:00,1,200.16,262,0,200.16,1,5,5,11,Can't Lose Them,9
15438,2011-07-31 14:19:00,2011-07-31 14:19:00,1,156.57999999999998,131,0,156.57999999999998,2,5,5,12,Can't Lose Them,9
15440,2011-10-16 12:16:00,2011-05-15 11:30:00,3,383.68,55,154,127.89333333333333,3,3,4,10,Needs Attention,7
15442,2011-04-05 12:24:00,2011-04-05 12:24:00,1,594.0,249,0,594.0,1,5,3,9,At Risk,6
15443,2011-12-08 10:40:00,2011-01-23 13:25:00,7,3213.59,2,318,459.0842857142857,5,1,1,7,New / Promising,2
15444,2011-11-30 17:37:00,2011-10-30 16:12:00,2,1411.21,9,31,705.605,5,3,2,10,Needs Attention,3
15445,2011-03-20 15:06:00,2011-03-20 15:06:00,1,113.5,264,0,113.5,1,5,5,11,Can't Lose Them,10
15447,2011-01-13 11:26:00,2011-01-13 11:26:00,1,155.17,331,0,155.17,1,5,5,11,Can't Lose Them,10
15448,2011-01-31 10:42:00,2011-01-31 10:42:00,1,494.64,313,0,494.64,1,5,3,9,At Risk,6
15449,2011-11-13 15:02:00,2011-03-23 10:43:00,3,974.52,26,235,324.84,4,3,2,9,Needs Attention,4
15450,2011-11-09 17:11:00,2011-11-09 17:11:00,1,429.84,30,0,429.84,4,5,4,13,Champions,7
15452,2011-11-10 12:13:00,2011-03-20 15:21:00,3,528.48,30,234,176.16,4,3,3,10,Needs Attention,6
15453,2011-12-08 10:59:00,2011-06-05 12:37:00,7,1371.77,2,185,195.96714285714285,5,1,2,8,New / Promising,3
15454,2010-12-12 14:21:00,2010-12-12 14:21:00,1,179.1,362,0,179.1,1,5,5,11,Can't Lose Them,9
15456,2011-03-01 13:51:00,2010-12-15 15:34:00,3,434.59000000000003,283,75,144.86333333333334,1,3,4,8,At Risk,7
15457,2011-03-22 15:31:00,2011-03-22 15:31:00,1,237.07,262,0,237.07,1,5,5,11,Can't Lose Them,9
15458,2011-11-14 13:08:00,2011-11-14 13:08:00,1,161.64,25,0,161.64,4,5,5,14,Champions,9
15460,2010-12-20 16:08:00,2010-12-20 16:08:00,1,214.26,354,0,214.26,1,5,5,11,Can't Lose Them,9
15462,2011-09-06 13:11:00,2011-06-05 15:36:00,3,234.6,94,92,78.2,2,3,5,10,At Risk,9
15463,2011-11-10 12:57:00,2011-11-10 12:57:00,1,126.14,29,0,126.14,4,5,5,14,Champions,10
15464,2011-01-05 15:56:00,2011-01-05 15:56:00,1,1044.65,338,0,1044.65,1,5,2,8,At Risk,4
15465,2011-11-20 10:11:00,2010-12-05 10:12:00,18,7354.62,20,349,408.59,4,1,1,6,New / Promising,1
15466,2011-09-15 14:08:00,2011-09-15 14:08:00,1,334.53,85,0,334.53,2,5,4,11,Can't Lose Them,8
15467,2011-11-30 14:17:00,2011-07-10 14:42:00,3,524.88,9,142,174.96,5,3,3,11,Needs Attention,6
15468,2011-10-19 13:49:00,2011-10-19 13:38:00,2,467.51,51,0,233.755,3,3,4,10,Needs Attention,7
15469,2011-10-20 16:21:00,2011-08-11 16:54:00,2,538.55,50,69,269.275,3,3,3,9,Needs Attention,6
15471,2011-12-07 14:12:00,2011-12-07 14:12:00,1,454.48,2,0,454.48,5,5,4,14,Champions,7
15472,2011-08-18 15:17:00,2011-08-18 15:17:00,1,371.56,113,0,371.56,2,5,4,11,Can't Lose Them,7
15473,2011-11-25 15:15:00,2011-10-10 11:12:00,7,1771.2,14,46,253.02857142857144,4,1,2,7,New / Promising,3
15475,2011-09-23 15:20:00,2011-09-23 15:20:00,1,454.10999999999996,77,0,454.10999999999996,2,5,4,11,Can't Lose Them,7
15478,2011-10-30 14:19:00,2011-10-14 11:09:00,2,1399.92,40,16,699.96,3,3,2,8,Needs Attention,3
15480,2011-08-15 14:32:00,2011-08-15 14:32:00,1,905.5,116,0,905.5,2,5,3,10,At Risk,5
15482,2011-11-24 10:46:00,2010-12-16 10:08:00,12,10879.76,16,343,906.6466666666666,4,1,1,6,New / Promising,1
15483,2011-07-01 13:07:00,2011-03-18 12:26:00,4,225.26,161,105,56.315,2,2,5,9,Lost / Low Value,9
15484,2011-12-08 15:03:00,2011-09-22 13:31:00,4,3590.41,1,77,897.6025,5,2,1,8,New / Promising,2
15485,2011-11-09 14:31:00,2010-12-01 13:23:00,3,2564.5,30,343,854.8333333333334,4,3,1,8,Needs Attention,2
15488,2011-09-08 10:11:00,2011-09-08 10:11:00,1,91.32000000000001,93,0,91.32000000000001,2,5,5,12,Can't Lose Them,10
15489,2011-11-17 08:53:00,2011-05-12 12:54:00,3,1134.28,23,188,378.0933333333333,4,3,2,9,Needs Attention,4
15491,2011-09-05 15:56:00,2011-04-18 10:04:00,6,3100.09,95,140,516.6816666666667,2,1,1,4,Lost / Low Value,2
15492,2011-11-11 14:53:00,2011-09-26 14:02:00,2,659.4599999999999,28,46,329.72999999999996,4,3,3,10,Needs Attention,6
15493,2011-11-07 12:04:00,2011-03-14 11:44:00,5,1953.41,33,238,390.682,3,2,2,7,Needs Attention,3
15494,2011-11-18 14:51:00,2011-08-10 15:29:00,2,1280.58,21,99,640.29,4,3,2,9,Needs Attention,4
15497,2011-11-22 11:51:00,2011-01-24 10:01:00,2,1262.2,18,302,631.1,4,3,2,9,Needs Attention,4
15498,2011-12-07 12:48:00,2010-12-08 12:29:00,27,13316.4,3,364,493.2,5,1,1,7,New / Promising,1
15500,2011-12-01 13:47:00,2011-09-19 13:47:00,4,1131.56,8,73,282.89,5,2,2,9,New / Promising,4
15502,2011-11-24 12:48:00,2010-12-05 15:40:00,12,10384.93,16,353,865.4108333333334,4,1,1,6,New / Promising,1
15503,2010-12-12 10:57:00,2010-12-12 10:57:00,1,141.04,363,0,141.04,1,5,5,11,Can't Lose Them,10
15504,2011-09-19 13:45:00,2011-09-19 13:45:00,1,52.83,81,0,52.83,2,5,5,12,Can't Lose Them,10
15505,2011-10-18 07:56:00,2011-07-07 13:33:00,5,3610.96,53,102,722.192,3,2,1,6,Needs Attention,2
15506,2011-11-17 12:11:00,2011-07-24 11:45:00,3,972.08,23,116,324.0266666666667,4,3,2,9,Needs Attention,4
15507,2011-06-21 11:19:00,2011-06-21 11:19:00,1,475.86,172,0,475.86,2,5,4,11,Can't Lose Them,7
15508,2011-06-03 15:43:00,2011-04-18 15:31:00,6,1000.27,189,46,166.71166666666667,1,1,2,4,Lost / Low Value,4
15510,2011-01-13 12:10:00,2011-01-13 12:10:00,1,250.0,331,0,250.0,1,5,4,10,Can't Lose Them,8
15511,2011-11-28 09:43:00,2011-09-15 15:05:00,5,900.53,12,73,180.106,5,2,3,10,New / Promising,5
15512,2011-07-07 10:20:00,2010-12-15 12:01:00,2,121.0,156,203,60.5,2,3,5,10,At Risk,10
15513,2011-11-06 14:36:00,2010-12-01 11:22:00,19,14758.220000000001,33,340,776.7484210526317,3,1,1,5,Needs Attention,1
15514,2011-11-27 14:40:00,2010-12-10 13:50:00,11,4023.7200000000003,12,352,365.7927272727273,5,1,1,7,New / Promising,1
15516,2011-10-26 10:51:00,2011-10-24 11:33:00,3,62.43,45,1,20.81,3,3,5,11,Needs Attention,10
15517,2011-04-20 14:02:00,2011-04-20 14:02:00,1,267.03,233,0,267.03,1,5,4,10,Can't Lose Them,8
15518,2011-10-06 13:05:00,2011-01-11 12:55:00,8,1921.55,64,268,240.19375,3,1,2,6,Needs Attention,3
15520,2011-12-08 10:58:00,2011-12-08 10:58:00,1,343.5,2,0,343.5,5,5,4,14,Champions,8
15521,2011-10-30 13:42:00,2011-03-30 09:15:00,8,3000.2,40,214,375.025,3,1,1,5,Needs Attention,2
15522,2011-11-07 11:26:00,2011-09-13 12:26:00,2,397.99,33,54,198.995,3,3,4,10,Needs Attention,7
15523,2011-09-16 16:29:00,2011-09-16 16:29:00,1,412.01000000000005,84,0,412.01000000000005,2,5,4,11,Can't Lose Them,7
15524,2011-11-15 12:09:00,2011-11-15 12:09:00,1,440.0,25,0,440.0,4,5,4,13,Champions,7
15525,2011-12-07 14:43:00,2010-12-01 13:17:00,3,734.37,2,371,244.79,5,3,3,11,Needs Attention,5
15526,2011-11-06 15:04:00,2011-11-06 15:01:00,2,148.44,33,0,74.22,3,3,5,11,Needs Attention,10
15527,2011-11-21 12:17:00,2010-12-20 14:15:00,8,2428.53,19,335,303.56625,4,1,1,6,New / Promising,2
15528,2011-03-30 16:14:00,2011-03-30 16:14:00,1,229.33,254,0,229.33,1,5,5,11,Can't Lose Them,9
15529,2011-11-17 11:29:00,2010-12-08 12:24:00,11,3962.6,23,343,360.23636363636365,4,1,1,6,New / Promising,1
15530,2011-11-18 12:25:00,2011-04-07 11:16:00,4,1497.31,22,225,374.3275,4,2,2,8,New / Promising,3
15531,2011-12-01 18:43:00,2011-11-09 17:47:00,2,1972.39,8,22,986.195,5,3,2,10,Needs Attention,3
15532,2011-11-14 14:51:00,2010-12-16 16:45:00,4,1564.73,25,332,391.1825,4,2,2,8,New / Promising,3
15533,2011-11-20 15:35:00,2011-09-11 15:41:00,3,807.57,19,69,269.19,4,3,3,10,Needs Attention,5
15535,2011-06-19 16:02:00,2011-01-16 12:35:00,4,502.9,173,154,125.725,2,2,3,7,Lost / Low Value,6
15537,2011-06-29 13:10:00,2011-06-29 13:10:00,1,110.92,163,0,110.92,2,5,5,12,Can't Lose Them,10
15539,2011-12-02 13:36:00,2011-12-02 13:36:00,1,538.46,7,0,538.46,5,5,3,13,Loyal,6
15540,2011-11-28 13:51:00,2011-11-28 13:51:00,1,213.3,11,0,213.3,5,5,5,15,Champions,9
15541,2011-08-17 14:58:00,2011-08-17 14:58:00,1,85.13000000000001,114,0,85.13000000000001,2,5,5,12,Can't Lose Them,10
15543,2011-02-24 15:26:00,2011-02-24 15:26:00,1,127.86,288,0,127.86,1,5,5,11,Can't Lose Them,10
15544,2011-11-30 16:43:00,2010-12-02 12:47:00,9,3546.71,9,363,394.0788888888889,5,1,1,7,New / Promising,2
15545,2011-10-16 13:24:00,2010-12-03 17:28:00,2,288.96999999999997,54,316,144.48499999999999,3,3,4,10,Needs Attention,8
15547,2011-12-02 12:52:00,2010-12-12 13:26:00,14,4910.6,7,354,350.75714285714287,5,1,1,7,New / Promising,1
15549,2011-09-23 16:22:00,2011-01-27 15:38:00,3,1681.46,77,239,560.4866666666667,2,3,2,7,At Risk,3
15550,2011-12-05 15:38:00,2011-02-11 12:49:00,4,575.63,4,297,143.9075,5,2,3,10,New / Promising,6
15551,2011-11-03 12:37:00,2011-11-03 12:37:00,1,436.06,37,0,436.06,3,5,4,12,Needs Attention,7
15552,2011-05-06 14:47:00,2011-05-06 14:47:00,1,90.12,217,0,90.12,1,5,5,11,Can't Lose Them,10
15553,2011-10-10 14:02:00,2011-10-10 14:02:00,1,428.93,60,0,428.93,3,5,4,12,Needs Attention,7
15554,2011-03-07 09:00:00,2011-03-07 09:00:00,1,217.2,278,0,217.2,1,5,5,11,Can't Lose Them,9
15555,2011-11-27 16:19:00,2010-12-05 14:45:00,16,4794.86,12,357,299.67875,5,1,1,7,New / Promising,1
15556,2011-11-15 16:08:00,2011-11-15 16:08:00,1,279.77,24,0,279.77,4,5,4,13,Champions,8
15557,2011-11-11 12:46:00,2011-11-11 12:46:00,1,468.91,29,0,468.91,4,5,4,13,Champions,7
15561,2011-11-28 11:07:00,2011-05-08 11:38:00,4,800.59,12,203,200.1475,5,2,3,10,New / Promising,5
15562,2010-12-23 09:55:00,2010-12-23 09:55:00,1,134.55,352,0,134.55,1,5,5,11,Can't Lose Them,10
15563,2011-11-17 14:50:00,2010-12-16 11:27:00,4,1400.44,22,336,350.11,4,2,2,8,New / Promising,3
15565,2011-10-20 14:33:00,2011-09-30 10:44:00,2,173.16,50,20,86.58,3,3,5,11,Needs Attention,9
15567,2011-11-21 10:48:00,2011-11-21 10:48:00,1,186.01,19,0,186.01,4,5,5,14,Champions,9
15568,2011-12-07 11:27:00,2011-09-27 14:37:00,3,758.29,3,70,252.76333333333332,5,3,3,11,Needs Attention,5
15569,2011-08-28 10:15:00,2011-01-11 13:26:00,5,1375.71,104,228,275.142,2,2,2,6,Lost / Low Value,3
15570,2011-12-02 14:47:00,2010-12-05 12:57:00,12,4148.82,7,362,345.73499999999996,5,1,1,7,New / Promising,1
15571,2011-11-28 10:02:00,2011-09-22 13:15:00,4,650.4300000000001,12,66,162.60750000000002,5,2,3,10,New / Promising,6
15572,2011-12-05 10:09:00,2011-03-06 14:44:00,7,2533.42,5,273,361.9171428571429,5,1,1,7,New / Promising,2
15573,2011-11-08 11:38:00,2011-09-15 12:16:00,2,591.1899999999999,32,53,295.59499999999997,4,3,3,10,Needs Attention,6
15574,2011-06-15 12:01:00,2010-12-02 15:46:00,4,675.64,178,194,168.91,2,2,3,7,Lost / Low Value,5
15576,2011-11-02 12:03:00,2011-11-02 12:03:00,1,921.37,38,0,921.37,3,5,3,11,Needs Attention,5
15577,2011-07-11 17:03:00,2011-02-07 13:32:00,3,258.88,151,154,86.29333333333334,2,3,4,9,At Risk,8
15578,2011-06-30 13:03:00,2011-06-30 13:03:00,1,127.1,162,0,127.1,2,5,5,12,Can't Lose Them,10
15579,2011-10-02 12:45:00,2011-01-30 12:09:00,2,327.6,69,245,163.8,3,3,4,10,Needs Attention,8
15581,2011-08-11 09:38:00,2010-12-08 14:38:00,13,3675.77,121,245,282.7515384615385,2,1,1,4,Lost / Low Value,1
15582,2011-11-15 09:55:00,2011-05-03 13:36:00,3,682.9100000000001,25,195,227.63666666666668,4,3,3,10,Needs Attention,5
15584,2011-11-16 10:55:00,2011-06-30 16:39:00,4,720.86,24,138,180.215,4,2,3,9,New / Promising,5
15585,2011-06-16 08:38:00,2011-06-16 08:38:00,1,455.3,177,0,455.3,2,5,4,11,Can't Lose Them,7
15587,2011-10-20 13:37:00,2010-12-23 09:59:00,4,913.6800000000001,50,301,228.42000000000002,3,2,3,8,Needs Attention,5
15589,2011-03-29 09:54:00,2011-02-02 10:46:00,3,478.53000000000003,256,54,159.51000000000002,1,3,4,8,At Risk,7
15592,2011-10-24 08:59:00,2011-10-24 08:59:00,1,388.58,47,0,388.58,3,5,4,12,Needs Attention,7
15593,2011-09-30 11:46:00,2011-09-30 11:46:00,1,199.8,71,0,199.8,3,5,5,13,Needs Attention,9
15594,2011-11-24 08:53:00,2011-04-19 10:08:00,5,1771.78,16,218,354.356,4,2,2,8,New / Promising,3
15596,2011-08-31 10:55:00,2010-12-09 16:10:00,5,1406.59,101,264,281.318,2,2,2,6,Lost / Low Value,3
15597,2011-11-04 13:26:00,2011-11-04 13:26:00,1,324.57,35,0,324.57,3,5,4,12,Needs Attention,8
15598,2011-10-17 16:04:00,2011-10-17 16:04:00,1,240.68,53,0,240.68,3,5,5,13,Needs Attention,9
15599,2011-11-13 11:44:00,2011-05-19 13:05:00,2,761.74,27,177,380.87,4,3,3,10,Needs Attention,5
15601,2011-11-28 15:15:00,2010-12-02 10:39:00,14,6776.56,11,361,484.04,5,1,1,7,New / Promising,1
15602,2011-12-01 14:14:00,2010-12-06 15:35:00,9,1297.8700000000001,8,359,144.20777777777778,5,1,2,8,New / Promising,4
15603,2011-09-22 10:04:00,2011-09-22 10:04:00,1,48.480000000000004,79,0,48.480000000000004,2,5,5,12,Can't Lose Them,10
15604,2011-10-18 14:47:00,2011-10-18 14:47:00,1,216.39,52,0,216.39,3,5,5,13,Needs Attention,9
15605,2011-11-03 14:17:00,2010-12-01 13:38:00,5,1198.23,36,337,239.64600000000002,3,2,2,7,Needs Attention,4
15606,2011-10-09 15:47:00,2011-01-19 12:07:00,9,2920.16,61,263,324.4622222222222,3,1,1,5,Needs Attention,2
15607,2011-01-07 12:44:00,2011-01-07 12:44:00,1,104.76,337,0,104.76,1,5,5,11,Can't Lose Them,10
15608,2011-11-11 13:20:00,2011-08-11 09:56:00,4,1093.68,28,92,273.42,4,2,2,8,New / Promising,4
15609,2011-06-08 13:00:00,2011-06-08 13:00:00,1,298.48,184,0,298.48,1,5,4,10,Can't Lose Them,8
15610,2011-10-19 10:36:00,2011-10-19 10:36:00,1,112.46000000000001,52,0,112.46000000000001,3,5,5,13,Needs Attention,10
15611,2011-11-30 12:36:00,2011-01-09 11:32:00,13,1591.45,10,325,122.41923076923078,5,1,2,8,New / Promising,3
15612,2011-11-03 14:52:00,2011-10-09 12:49:00,2,195.15,36,25,97.575,3,3,5,11,Needs Attention,9
15615,2011-11-29 14:42:00,2010-12-15 16:21:00,23,10399.74,10,348,452.1626086956522,5,1,1,7,New / Promising,1
15618,2011-11-07 08:34:00,2011-07-26 10:13:00,4,776.851,33,103,194.21275,3,2,3,8,Needs Attention,5
15619,2011-11-29 08:14:00,2011-11-29 08:14:00,1,336.40000000000003,11,0,336.40000000000003,5,5,4,14,Champions,8
15620,2011-10-14 12:41:00,2010-12-16 14:34:00,3,1553.18,57,301,517.7266666666667,3,3,2,8,Needs Attention,3
15621,2011-12-05 14:01:00,2011-11-18 11:49:00,4,1293.03,4,17,323.2575,5,2,2,9,New / Promising,4
15622,2011-10-27 16:44:00,2011-03-02 13:42:00,9,3709.56,43,239,412.17333333333335,3,1,1,5,Needs Attention,1
15623,2011-07-21 17:26:00,2011-07-21 17:26:00,1,301.03,141,0,301.03,2,5,4,11,Can't Lose Them,8
15624,2011-08-15 11:38:00,2011-03-28 13:32:00,4,588.13,117,139,147.0325,2,2,3,7,Lost / Low Value,6
15625,2011-08-28 10:21:00,2011-04-18 14:01:00,4,1534.26,104,131,383.565,2,2,2,6,Lost / Low Value,3
15626,2011-09-26 10:03:00,2011-01-14 10:10:00,2,675.8,75,254,337.9,2,3,3,8,At Risk,5
15628,2011-12-05 10:24:00,2010-12-08 09:51:00,9,2870.2400000000002,5,362,318.91555555555556,5,1,1,7,New / Promising,2
15630,2011-10-25 15:36:00,2011-05-19 10:16:00,2,1186.35,45,159,593.175,3,3,2,8,Needs Attention,4
15632,2011-11-24 09:51:00,2011-03-10 08:29:00,8,3285.31,16,259,410.66375,4,1,1,6,New / Promising,2
15634,2011-11-22 16:28:00,2011-11-22 16:28:00,1,243.55,17,0,243.55,4,5,5,14,Champions,9
15636,2011-09-11 11:17:00,2011-03-02 14:50:00,2,724.76,90,192,362.38,2,3,3,8,At Risk,5
15637,2011-10-18 08:28:00,2011-10-18 08:28:00,1,223.36,53,0,223.36,3,5,5,13,Needs Attention,9
15639,2011-07-28 14:30:00,2011-07-28 14:30:00,1,425.32,134,0,425.32,2,5,4,11,Can't Lose Them,7
15640,2011-12-05 14:35:00,2010-12-02 15:40:00,15,12416.11,4,367,827.7406666666667,5,1,1,7,New / Promising,1
15641,2011-08-26 14:04:00,2010-12-15 14:45:00,4,1887.2,105,253,471.8,2,2,2,6,Lost / Low Value,3
15643,2011-06-01 07:38:00,2011-03-02 14:34:00,3,664.0,192,90,221.33333333333334,1,3,3,7,At Risk,6
15644,2011-06-26 14:54:00,2011-03-23 15:37:00,4,803.54,166,94,200.885,2,2,3,7,Lost / Low Value,5
15645,2011-11-21 11:55:00,2011-11-21 11:55:00,1,612.01,19,0,612.01,4,5,3,12,Loyal,6
15646,2011-07-05 09:53:00,2010-12-02 16:59:00,3,447.64000000000004,158,214,149.21333333333334,2,3,4,9,At Risk,7
15648,2011-05-19 15:53:00,2011-03-17 18:59:00,2,639.5,204,62,319.75,1,3,3,7,At Risk,6
15649,2011-01-07 13:34:00,2010-12-07 10:06:00,2,816.0,336,31,408.0,1,3,3,7,At Risk,5
15651,2011-11-03 08:41:00,2011-03-24 08:56:00,3,646.3,37,223,215.4333333333333,3,3,3,9,Needs Attention,6
15652,2011-09-09 14:22:00,2011-09-09 14:22:00,1,337.74,91,0,337.74,2,5,4,11,Can't Lose Them,8
15653,2011-09-08 10:49:00,2011-08-16 09:50:00,2,877.4399999999999,93,23,438.71999999999997,2,3,3,8,At Risk,5
15654,2011-11-30 13:08:00,2011-11-13 15:15:00,2,922.53,9,16,461.265,5,3,3,11,Needs Attention,5
15655,2011-04-10 15:25:00,2011-04-10 15:25:00,1,560.67,243,0,560.67,1,5,3,9,At Risk,6
15656,2011-10-25 14:56:00,2011-02-28 15:32:00,4,748.5,45,238,187.125,3,2,3,8,Needs Attention,5
15657,2011-11-17 12:19:00,2011-11-17 12:19:00,1,30.0,23,0,30.0,4,5,5,14,Champions,10
15658,2011-06-02 15:22:00,2010-12-02 10:53:00,5,1024.1000000000001,190,182,204.82000000000002,1,2,2,5,Lost / Low Value,4
15659,2011-10-27 09:23:00,2011-10-27 09:23:00,1,306.45,44,0,306.45,3,5,4,12,Needs Attention,8
15660,2011-11-14 16:58:00,2010-12-09 09:49:00,9,1600.86,25,340,177.87333333333333,4,1,2,7,New / Promising,3
15661,2011-01-26 13:56:00,2011-01-05 12:32:00,2,309.8,317,21,154.9,1,3,4,8,At Risk,8
15663,2011-08-25 15:50:00,2011-08-25 15:50:00,1,138.14,106,0,138.14,2,5,5,12,Can't Lose Them,10
15664,2011-10-20 10:57:00,2011-10-20 10:57:00,1,386.43,51,0,386.43,3,5,4,12,Needs Attention,7
15665,2011-06-24 14:57:00,2011-04-10 15:09:00,2,2222.21,168,74,1111.105,2,3,1,6,At Risk,2
15667,2011-10-31 10:56:00,2011-10-31 10:56:00,1,301.32,40,0,301.32,3,5,4,12,Needs Attention,8
15668,2011-05-06 10:39:00,2011-05-06 10:39:00,1,76.32000000000001,218,0,76.32000000000001,1,5,5,11,Can't Lose Them,10
15669,2011-10-30 16:03:00,2011-03-21 09:13:00,4,684.34,40,223,171.085,3,2,3,8,Needs Attention,5
15670,2011-02-16 10:50:00,2011-02-16 10:50:00,1,173.05,297,0,173.05,1,5,5,11,Can't Lose Them,9
15671,2011-11-21 12:43:00,2011-03-14 09:37:00,7,2657.13,19,252,379.59000000000003,4,1,1,6,New / Promising,2
15673,2011-09-12 16:12:00,2011-01-16 16:25:00,4,2726.23,88,238,681.5575,2,2,1,5,Lost / Low Value,2
15674,2011-09-27 15:17:00,2011-03-30 09:19:00,5,2446.6,73,181,489.32,2,2,1,5,Lost / Low Value,2
15675,2011-09-19 13:48:00,2011-03-04 14:21:00,3,323.69,81,198,107.89666666666666,2,3,4,9,At Risk,8
15676,2011-11-21 12:40:00,2011-03-01 10:19:00,3,3435.76,19,265,1145.2533333333333,4,3,1,8,Needs Attention,2
15677,2011-10-21 15:36:00,2011-10-21 15:36:00,1,657.23,49,0,657.23,3,5,3,11,Needs Attention,6
15678,2011-10-18 09:25:00,2011-10-18 09:25:00,1,352.7,53,0,352.7,3,5,4,12,Needs Attention,7
15679,2011-11-15 16:19:00,2011-06-10 08:24:00,4,781.28,24,158,195.32,4,2,3,9,New / Promising,5
15680,2011-11-30 13:46:00,2010-12-08 14:43:00,3,1333.68,9,356,444.56,5,3,2,10,Needs Attention,4
15681,2011-11-14 16:30:00,2011-03-04 13:46:00,5,1426.16,25,255,285.232,4,2,2,8,New / Promising,3
15683,2011-08-14 12:56:00,2011-08-14 12:56:00,1,193.75,117,0,193.75,2,5,5,12,Can't Lose Them,9
15687,2011-12-01 08:33:00,2011-01-13 15:13:00,9,2993.1,9,321,332.56666666666666,5,1,1,7,New / Promising,2
15689,2011-08-12 09:37:00,2010-12-13 09:57:00,2,254.1,120,241,127.05,2,3,4,9,At Risk,8
15690,2011-12-05 15:59:00,2011-08-31 11:40:00,2,239.76,4,96,119.88,5,3,5,13,Needs Attention,9
15691,2011-04-01 15:13:00,2011-04-01 15:13:00,1,136.8,252,0,136.8,1,5,5,11,Can't Lose Them,10
15692,2011-11-11 14:12:00,2011-11-11 14:12:00,1,191.04,28,0,191.04,4,5,5,14,Champions,9
15694,2011-12-09 09:44:00,2010-12-02 07:49:00,14,6479.4,1,372,462.8142857142857,5,1,1,7,New / Promising,1
15695,2011-03-18 08:32:00,2011-03-18 08:31:00,2,409.98,267,0,204.99,1,3,4,8,At Risk,7
15696,2011-11-06 14:02:00,2011-01-17 11:24:00,8,2711.11,33,293,338.88875,3,1,1,5,Needs Attention,2
15699,2011-11-22 08:26:00,2011-11-22 08:26:00,1,309.65,18,0,309.65,4,5,4,13,Champions,8
15700,2011-06-20 16:53:00,2011-06-19 15:36:00,2,696.68,172,1,348.34,2,3,3,8,At Risk,5
15701,2011-12-07 14:39:00,2011-08-21 12:36:00,4,1529.0,2,108,382.25,5,2,2,9,New / Promising,3
15703,2011-03-20 10:51:00,2011-03-20 10:51:00,1,211.5,265,0,211.5,1,5,5,11,Can't Lose Them,9
15704,2011-07-22 13:35:00,2011-05-08 12:42:00,4,2293.62,140,75,573.405,2,2,1,5,Lost / Low Value,2
15705,2011-05-22 15:37:00,2011-05-22 15:37:00,1,143.1,201,0,143.1,1,5,5,11,Can't Lose Them,10
15706,2011-10-07 10:09:00,2011-08-15 14:32:00,4,1060.56,64,52,265.14,3,2,2,7,Needs Attention,4
15707,2011-11-04 14:35:00,2011-09-14 14:19:00,4,916.98,35,51,229.245,3,2,3,8,Needs Attention,5
15708,2011-10-30 10:54:00,2010-12-05 11:12:00,7,3235.25,41,328,462.17857142857144,3,1,1,5,Needs Attention,2
15709,2011-03-01 10:38:00,2011-03-01 10:38:00,1,133.25,284,0,133.25,1,5,5,11,Can't Lose Them,10
15712,2011-11-30 14:09:00,2011-02-25 11:32:00,5,1072.3600000000001,9,278,214.47200000000004,5,2,2,9,New / Promising,4
15713,2011-07-19 13:34:00,2010-12-08 15:16:00,2,356.7,143,222,178.35,2,3,4,9,At Risk,7
15714,2011-11-28 11:26:00,2011-09-23 11:25:00,2,330.03000000000003,12,66,165.01500000000001,5,3,4,12,Needs Attention,8
15716,2011-07-17 11:59:00,2010-12-05 12:26:00,4,1101.1100000000001,146,223,275.27750000000003,2,2,2,6,Lost / Low Value,4
15717,2011-04-19 13:21:00,2011-04-19 13:21:00,1,150.3,234,0,150.3,1,5,5,11,Can't Lose Them,10
15719,2011-11-07 12:29:00,2011-01-06 12:31:00,13,5030.07,33,304,386.92846153846153,3,1,1,5,Needs Attention,1
15720,2011-11-15 14:48:00,2011-11-15 14:48:00,1,598.73,24,0,598.73,4,5,3,12,Loyal,6
15721,2011-11-28 12:14:00,2011-11-28 12:14:00,1,471.40000000000003,12,0,471.40000000000003,5,5,4,14,Champions,7
15722,2011-11-04 11:43:00,2011-02-22 12:24:00,5,2211.21,36,254,442.242,3,2,1,6,Needs Attention,2
15723,2010-12-10 11:12:00,2010-12-10 11:12:00,1,190.7,365,0,190.7,1,5,5,11,Can't Lose Them,9
15724,2011-05-22 14:40:00,2011-02-28 10:40:00,2,218.25,201,83,109.125,1,3,5,9,At Risk,9
15725,2011-11-24 14:51:00,2011-11-24 14:51:00,1,415.25,15,0,415.25,4,5,4,13,Champions,7
15727,2011-11-23 12:36:00,2010-12-15 15:47:00,7,5159.06,17,342,737.0085714285715,4,1,1,6,New / Promising,1
15729,2011-05-11 12:36:00,2011-05-11 12:36:00,1,85.0,213,0,85.0,1,5,5,11,Can't Lose Them,10
15730,2011-10-05 12:31:00,2011-05-17 12:43:00,3,1120.88,66,140,373.6266666666667,3,3,2,8,Needs Attention,4
15732,2011-05-11 14:24:00,2010-12-02 15:00:00,2,294.12,212,159,147.06,1,3,4,8,At Risk,8
15733,2011-03-02 09:05:00,2011-03-02 09:05:00,1,162.3,283,0,162.3,1,5,5,11,Can't Lose Them,9
15734,2011-08-17 10:50:00,2011-05-23 14:59:00,2,1339.45,115,85,669.725,2,3,2,7,At Risk,4
15737,2011-11-25 11:21:00,2011-04-11 10:01:00,8,1188.1200000000001,15,228,148.51500000000001,4,1,2,7,New / Promising,4
15738,2011-11-21 08:26:00,2010-12-02 12:50:00,16,4812.42,19,353,300.77625,4,1,1,6,New / Promising,1
15739,2011-10-04 13:42:00,2011-10-04 13:42:00,1,449.12,66,0,449.12,3,5,4,12,Needs Attention,7
15740,2011-10-21 14:29:00,2011-10-21 14:29:00,1,154.88,49,0,154.88,3,5,5,13,Needs Attention,10
15743,2011-11-23 17:19:00,2011-06-08 10:14:00,4,775.96,16,168,193.99,4,2,3,9,New / Promising,5
15744,2011-09-23 09:52:00,2011-09-23 09:52:00,1,34.8,78,0,34.8,2,5,5,12,Can't Lose Them,10
15745,2011-11-20 13:45:00,2011-04-17 13:04:00,4,1094.59,19,217,273.6475,4,2,2,8,New / Promising,4
15746,2011-07-28 15:21:00,2011-07-28 15:21:00,1,196.88,134,0,196.88,2,5,5,12,Can't Lose Them,9
15747,2011-11-27 12:26:00,2011-06-20 11:30:00,3,946.64,13,160,315.5466666666667,5,3,2,10,Needs Attention,4
15748,2011-10-30 12:51:00,2011-10-30 12:51:00,1,144.36,40,0,144.36,3,5,5,13,Needs Attention,10
15749,2011-04-18 13:20:00,2011-01-11 12:55:00,3,44534.3,235,97,14844.766666666668,1,3,1,5,At Risk,1
15750,2011-12-07 12:34:00,2010-12-08 10:36:00,8,2463.05,3,364,307.88125,5,1,1,7,New / Promising,2
15752,2011-10-31 11:37:00,2010-12-02 09:43:00,7,2626.6,40,333,375.2285714285714,3,1,1,5,Needs Attention,2
15753,2011-02-08 12:41:00,2011-02-08 12:41:00,1,79.2,305,0,79.2,1,5,5,11,Can't Lose Them,10
15754,2011-10-19 14:40:00,2011-04-07 12:24:00,3,458.57,51,195,152.85666666666665,3,3,4,10,Needs Attention,7
15755,2011-11-29 14:57:00,2011-02-18 11:53:00,6,2364.25,10,284,394.0416666666667,5,1,1,7,New / Promising,2
15756,2011-10-09 13:30:00,2011-04-04 14:00:00,4,528.01,61,187,132.0025,3,2,3,8,Needs Attention,6
15757,2011-10-05 12:14:00,2011-05-06 11:40:00,2,714.42,66,152,357.21,3,3,3,9,Needs Attention,5
15758,2011-11-15 10:48:00,2011-11-15 10:48:00,1,205.25,25,0,205.25,4,5,5,14,Champions,9
15759,2011-05-05 15:13:00,2010-12-16 15:29:00,3,253.04,218,139,84.34666666666666,1,3,4,8,At Risk,8
15762,2011-10-05 16:15:00,2011-09-23 15:17:00,2,583.75,65,12,291.875,3,3,3,9,Needs Attention,6
15763,2011-11-08 09:44:00,2011-09-23 12:10:00,2,1086.92,32,45,543.46,4,3,2,9,Needs Attention,4
15764,2011-09-12 17:58:00,2011-03-08 09:23:00,6,3279.97,88,188,546.6616666666666,2,1,1,4,Lost / Low Value,2
15766,2011-10-06 17:03:00,2011-10-06 17:03:00,1,315.06,64,0,315.06,3,5,4,12,Needs Attention,8
15768,2011-08-16 10:48:00,2011-04-28 09:20:00,3,621.8299999999999,116,110,207.27666666666664,2,3,3,8,At Risk,6
15769,2011-12-02 13:52:00,2010-12-03 15:16:00,26,56252.72,7,363,2163.566153846154,5,1,1,7,New / Promising,1
15773,2011-12-04 12:48:00,2011-12-04 12:48:00,1,635.6800000000001,6,0,635.6800000000001,5,5,3,13,Loyal,6
15774,2011-10-02 12:04:00,2011-10-02 12:04:00,1,270.8,69,0,270.8,3,5,4,12,Needs Attention,8
15775,2011-04-08 12:56:00,2011-04-08 12:56:00,1,104.9,245,0,104.9,1,5,5,11,Can't Lose Them,10
15776,2011-07-29 13:46:00,2011-07-29 13:46:00,1,241.62,133,0,241.62,2,5,5,12,Can't Lose Them,9
15777,2011-04-12 16:43:00,2010-12-13 16:38:00,4,1047.11,241,120,261.7775,1,2,2,5,Lost / Low Value,4
15780,2011-06-09 12:01:00,2010-12-17 11:43:00,3,475.28000000000003,184,174,158.42666666666668,1,3,4,8,At Risk,7
15781,2011-11-14 14:57:00,2011-02-07 09:15:00,3,345.46,25,280,115.15333333333332,4,3,4,11,Needs Attention,8
15782,2011-11-30 10:49:00,2011-09-11 14:29:00,3,2614.7400000000002,10,79,871.58,5,3,1,9,Needs Attention,2
15783,2011-11-29 09:50:00,2011-11-29 09:50:00,1,246.3,11,0,246.3,5,5,5,15,Champions,9
15785,2011-11-07 11:33:00,2011-02-17 14:17:00,5,2328.9700000000003,33,262,465.79400000000004,3,2,1,6,Needs Attention,2
15786,2011-10-24 14:13:00,2011-08-17 13:33:00,3,4919.0,46,68,1639.6666666666667,3,3,1,7,Needs Attention,1
15787,2011-11-13 14:55:00,2011-10-09 13:11:00,3,933.26,26,35,311.08666666666664,4,3,3,10,Needs Attention,5
15789,2010-12-16 14:35:00,2010-12-16 14:35:00,1,351.3,358,0,351.3,1,5,4,10,Can't Lose Them,7
15790,2011-11-29 14:53:00,2011-11-29 14:53:00,1,218.75,10,0,218.75,5,5,5,15,Champions,9
15791,2011-10-27 10:14:00,2011-05-19 15:15:00,2,1612.69,44,160,806.345,3,3,2,8,Needs Attention,3
15793,2011-11-25 09:31:00,2011-03-16 10:45:00,3,965.61,15,253,321.87,4,3,2,9,Needs Attention,4
15795,2011-07-13 10:43:00,2011-07-13 10:43:00,1,610.01,150,0,610.01,2,5,3,10,At Risk,6
15796,2011-12-08 19:55:00,2011-02-10 15:40:00,8,2708.61,1,301,338.57625,5,1,1,7,New / Promising,2
15797,2011-08-18 17:04:00,2011-01-24 15:47:00,4,2207.4,113,206,551.85,2,2,1,5,Lost / Low Value,2
15799,2011-09-25 12:46:00,2011-01-09 15:13:00,3,884.14,76,258,294.7133333333333,2,3,3,8,At Risk,5
15800,2011-08-24 14:23:00,2011-04-07 12:39:00,2,696.89,107,139,348.445,2,3,3,8,At Risk,5
15801,2011-10-24 13:52:00,2011-08-22 09:53:00,3,1063.95,46,63,354.65000000000003,3,3,2,8,Needs Attention,4
15802,2011-07-20 11:38:00,2011-07-20 11:38:00,1,451.42,143,0,451.42,2,5,4,11,Can't Lose Them,7
15803,2011-10-19 14:56:00,2011-10-19 14:56:00,1,415.82000000000005,51,0,415.82000000000005,3,5,4,12,Needs Attention,7
15804,2011-12-09 12:31:00,2011-05-25 10:12:00,13,4206.39,1,198,323.5684615384616,5,1,1,7,New / Promising,1
15805,2011-11-16 16:32:00,2010-12-10 09:33:00,17,5488.18,23,341,322.83411764705886,4,1,1,6,New / Promising,1
15806,2011-10-24 14:35:00,2011-03-08 09:24:00,3,784.58,46,230,261.5266666666667,3,3,3,9,Needs Attention,5
15807,2011-10-20 14:10:00,2011-09-23 14:43:00,3,903.9,50,26,301.3,3,3,3,9,Needs Attention,5
15808,2011-02-06 14:33:00,2010-12-05 13:05:00,4,3651.27,306,63,912.8175,1,2,1,4,Lost / Low Value,1
15809,2011-11-03 16:40:00,2011-02-10 11:16:00,5,515.77,36,266,103.154,3,2,3,8,Needs Attention,6
15810,2011-09-22 09:38:00,2011-02-16 09:11:00,4,1391.98,79,218,347.995,2,2,2,6,Lost / Low Value,3
15811,2011-11-17 15:31:00,2010-12-09 15:29:00,6,2218.62,22,343,369.77,4,1,1,6,New / Promising,2
15812,2011-08-24 14:19:00,2011-01-26 12:12:00,5,1801.14,107,210,360.228,2,2,2,6,Lost / Low Value,3
15813,2011-05-16 08:13:00,2011-04-14 09:09:00,2,1303.9099999999999,208,31,651.9549999999999,1,3,2,6,At Risk,4
15814,2011-11-23 08:17:00,2011-10-20 09:04:00,4,1945.33,17,33,486.3325,4,2,2,8,New / Promising,3
15815,2011-10-07 12:42:00,2011-03-25 08:43:00,5,2100.6,64,196,420.12,3,2,1,6,Needs Attention,2
15819,2011-10-21 14:50:00,2011-03-08 09:45:00,4,1905.45,49,227,476.3625,3,2,2,7,Needs Attention,3
15820,2011-01-24 12:00:00,2011-01-24 12:00:00,1,206.98,320,0,206.98,1,5,5,11,Can't Lose Them,9
15821,2011-10-26 15:48:00,2011-10-09 13:28:00,2,570.96,44,17,285.48,3,3,3,9,Needs Attention,6
15822,2011-12-06 14:50:00,2010-12-15 13:38:00,2,885.47,3,356,442.735,5,3,3,11,Needs Attention,5
15823,2010-12-02 15:08:00,2010-12-02 15:08:00,1,15.0,372,0,15.0,1,5,5,11,Can't Lose Them,10
15825,2011-06-20 13:27:00,2011-06-20 13:27:00,1,532.94,172,0,532.94,2,5,3,10,At Risk,6
15826,2011-10-14 16:05:00,2011-05-13 10:44:00,3,1654.31,56,154,551.4366666666666,3,3,2,8,Needs Attention,3
15827,2011-09-27 15:35:00,2010-12-02 13:06:00,14,1836.0900000000001,73,299,131.14928571428572,2,1,2,5,Lost / Low Value,3
15829,2011-09-01 16:45:00,2011-07-22 10:23:00,2,636.14,99,41,318.07,2,3,3,8,At Risk,6
15830,2011-11-02 10:40:00,2011-11-02 10:40:00,1,576.0,38,0,576.0,3,5,3,11,Needs Attention,6
15831,2011-10-12 13:14:00,2011-01-19 14:52:00,3,794.64,58,265,264.88,3,3,3,9,Needs Attention,5
15832,2011-03-30 15:29:00,2011-03-30 15:29:00,1,836.79,254,0,836.79,1,5,3,9,At Risk,5
15834,2011-09-30 14:41:00,2011-03-07 17:52:00,4,2225.15,70,206,556.2875,3,2,1,6,Needs Attention,2
15835,2011-10-26 15:47:00,2011-01-13 10:35:00,4,954.09,44,286,238.5225,3,2,2,7,Needs Attention,4
15836,2011-10-20 17:13:00,2011-10-20 17:13:00,1,137.37,50,0,137.37,3,5,5,13,Needs Attention,10
15837,2011-10-06 09:01:00,2011-10-06 09:01:00,1,391.98,65,0,391.98,3,5,4,12,Needs Attention,7
15838,2011-11-28 14:00:00,2010-12-07 11:26:00,19,33643.08,11,356,1770.6884210526316,5,1,1,7,New / Promising,1
15839,2011-11-06 13:54:00,2011-07-14 16:35:00,3,1048.49,33,114,349.49666666666667,3,3,2,8,Needs Attention,4
15840,2011-10-12 09:08:00,2011-06-20 11:42:00,2,355.56,59,113,177.78,3,3,4,10,Needs Attention,7
15841,2011-09-28 12:15:00,2011-01-05 11:25:00,4,1224.06,73,266,306.015,2,2,2,6,Lost / Low Value,4
15843,2011-02-09 10:19:00,2011-02-09 10:19:00,1,118.95000000000002,304,0,118.95000000000002,1,5,5,11,Can't Lose Them,10
15844,2011-10-24 15:19:00,2011-10-24 15:19:00,1,130.73999999999998,46,0,130.73999999999998,3,5,5,13,Needs Attention,10
15845,2011-11-22 09:42:00,2011-01-06 17:19:00,8,3711.77,18,319,463.97125,4,1,1,6,New / Promising,1
15847,2011-11-01 14:41:00,2011-02-24 16:46:00,2,389.27,38,249,194.635,3,3,4,10,Needs Attention,7
15850,2011-11-20 14:14:00,2011-06-24 14:16:00,2,234.88,19,148,117.44,4,3,5,12,Needs Attention,9
15852,2011-06-06 11:22:00,2011-05-26 13:26:00,2,160.71,187,10,80.355,1,3,5,9,At Risk,9
15853,2011-10-19 10:38:00,2011-10-19 10:38:00,1,110.8,52,0,110.8,3,5,5,13,Needs Attention,10
15854,2011-12-05 13:39:00,2010-12-13 11:47:00,12,2969.12,4,357,247.42666666666665,5,1,1,7,New / Promising,2
15855,2011-07-26 10:20:00,2011-03-21 12:32:00,5,712.24,137,126,142.448,2,2,3,7,Lost / Low Value,5
15856,2011-12-05 17:09:00,2010-12-09 13:34:00,27,16143.64,4,361,597.9125925925925,5,1,1,7,New / Promising,1
15857,2011-11-21 12:18:00,2011-11-21 12:18:00,1,297.0,19,0,297.0,4,5,4,13,Champions,8
15858,2011-11-24 12:48:00,2010-12-07 14:31:00,5,1427.57,16,351,285.514,4,2,2,8,New / Promising,3
15860,2011-10-30 11:25:00,2010-12-06 11:38:00,8,965.16,41,327,120.645,3,1,2,6,Needs Attention,4
15861,2011-11-27 15:59:00,2011-03-17 20:12:00,8,3146.92,12,254,393.365,5,1,1,7,New / Promising,2
15862,2011-12-01 13:28:00,2010-12-01 11:21:00,4,832.88,8,365,208.22,5,2,3,10,New / Promising,5
15863,2011-11-14 12:49:00,2011-05-31 11:36:00,2,68.84,26,167,34.42,4,3,5,12,Needs Attention,10
15864,2011-11-17 13:32:00,2011-01-27 16:43:00,6,1936.3200000000002,22,293,322.72,4,1,2,7,New / Promising,3
15865,2011-10-30 12:43:00,2011-05-10 11:44:00,3,895.13,41,173,298.37666666666667,3,3,3,9,Needs Attention,5
15866,2011-08-30 14:09:00,2011-08-30 14:09:00,1,211.89,101,0,211.89,2,5,5,12,Can't Lose Them,9
15867,2011-12-04 13:32:00,2010-12-05 14:17:00,15,3810.14,5,363,254.00933333333333,5,1,1,7,New / Promising,1
15869,2011-03-07 17:23:00,2011-03-07 17:19:00,2,149.64,277,0,74.82,1,3,5,9,At Risk,10
15870,2011-11-07 10:58:00,2011-11-07 10:58:00,1,351.44,33,0,351.44,3,5,4,12,Needs Attention,7
15872,2011-11-25 11:55:00,2011-11-25 11:54:00,2,316.25,15,0,158.125,4,3,4,11,Needs Attention,8
15874,2011-10-07 12:31:00,2011-02-28 13:28:00,7,4405.88,64,220,629.4114285714286,3,1,1,5,Needs Attention,1
15877,2011-12-08 11:53:00,2011-11-22 11:18:00,2,490.33,2,16,245.165,5,3,3,11,Needs Attention,6
15880,2010-12-05 13:00:00,2010-12-05 13:00:00,1,329.03000000000003,369,0,329.03000000000003,1,5,4,10,Can't Lose Them,8
15881,2011-01-31 16:59:00,2010-12-10 13:32:00,5,501.39000000000004,312,52,100.278,1,2,3,6,Lost / Low Value,6
15882,2011-05-25 11:35:00,2010-12-06 13:01:00,4,516.36,199,169,129.09,1,2,3,6,Lost / Low Value,6
15883,2011-12-07 17:05:00,2011-11-06 14:50:00,2,396.48,2,31,198.24,5,3,4,12,Needs Attention,7
15885,2011-09-08 10:43:00,2011-02-03 15:28:00,3,379.35,93,216,126.45,2,3,4,9,At Risk,7
15886,2011-10-10 14:25:00,2011-10-10 14:25:00,1,181.09,60,0,181.09,3,5,5,13,Needs Attention,9
15888,2011-09-20 12:30:00,2011-09-20 12:30:00,1,168.31,81,0,168.31,2,5,5,12,Can't Lose Them,9
15889,2011-07-06 11:10:00,2010-12-05 15:12:00,2,420.07,157,212,210.035,2,3,4,9,At Risk,7
15891,2011-04-27 12:35:00,2011-04-27 12:35:00,1,511.68,227,0,511.68,1,5,3,9,At Risk,6
15894,2011-03-31 13:50:00,2010-12-05 14:06:00,2,258.25,253,115,129.125,1,3,4,8,At Risk,8
15895,2011-07-13 10:27:00,2011-07-13 10:27:00,1,179.17,150,0,179.17,2,5,5,12,Can't Lose Them,9
15897,2011-05-29 13:50:00,2011-05-29 13:32:00,2,208.59,194,0,104.295,1,3,5,9,At Risk,9
15898,2011-12-08 15:23:00,2010-12-06 11:01:00,5,1383.83,1,367,276.76599999999996,5,2,2,9,New / Promising,3
15899,2010-12-06 10:36:00,2010-12-06 10:36:00,1,56.25,369,0,56.25,1,5,5,11,Can't Lose Them,10
15900,2011-11-16 12:19:00,2011-11-16 12:19:00,1,337.28,24,0,337.28,4,5,4,13,Champions,8
15901,2011-11-23 12:43:00,2011-07-08 12:18:00,3,351.73,17,138,117.24333333333334,4,3,4,11,Needs Attention,7
15903,2011-11-30 08:08:00,2011-02-17 14:04:00,7,5126.76,10,285,732.3942857142857,5,1,1,7,New / Promising,1
15904,2011-12-01 14:50:00,2011-12-01 14:50:00,1,164.68,8,0,164.68,5,5,5,15,Champions,9
15906,2011-11-20 12:24:00,2011-03-29 13:28:00,7,1567.69,20,235,223.9557142857143,4,1,2,7,New / Promising,3
15907,2011-12-06 12:21:00,2011-05-13 13:01:00,3,882.72,4,206,294.24,5,3,3,11,Needs Attention,5
15909,2011-06-19 10:38:00,2011-06-19 10:38:00,1,191.94,174,0,191.94,2,5,5,12,Can't Lose Them,9
15910,2011-12-09 10:51:00,2011-01-27 11:55:00,8,1228.88,1,315,153.61,5,1,2,8,New / Promising,4
15912,2011-06-14 14:29:00,2011-04-20 17:10:00,2,264.62,178,54,132.31,2,3,4,9,At Risk,8
15916,2011-11-23 13:46:00,2010-12-08 13:07:00,8,1502.8600000000001,16,350,187.85750000000002,4,1,2,7,New / Promising,3
15917,2011-04-06 10:40:00,2011-04-06 10:40:00,1,123.1,248,0,123.1,1,5,5,11,Can't Lose Them,10
15918,2011-06-02 11:42:00,2011-03-13 15:55:00,2,334.23,191,80,167.115,1,3,4,8,At Risk,8
15919,2011-11-20 11:28:00,2010-12-06 11:26:00,2,525.69,20,349,262.845,4,3,3,10,Needs Attention,6
15920,2011-07-08 15:31:00,2011-07-08 15:16:00,4,167.5,154,0,41.875,2,2,5,9,Lost / Low Value,9
15921,2011-06-20 11:03:00,2011-06-20 11:03:00,1,323.03000000000003,173,0,323.03000000000003,2,5,4,11,Can't Lose Them,8
15922,2010-12-01 13:51:00,2010-12-01 13:51:00,1,369.5,373,0,369.5,1,5,4,10,Can't Lose Them,7
15923,2010-12-02 12:16:00,2010-12-02 12:16:00,1,127.08,373,0,127.08,1,5,5,11,Can't Lose Them,10
15925,2011-05-29 15:35:00,2011-05-29 15:35:00,1,207.15,194,0,207.15,1,5,5,11,Can't Lose Them,9
15930,2011-10-03 14:52:00,2011-10-03 14:52:00,1,426.63,67,0,426.63,3,5,4,12,Needs Attention,7
15932,2011-12-05 17:13:00,2011-02-23 14:50:00,8,2495.87,4,285,311.98375,5,1,1,7,New / Promising,2
15933,2011-11-18 13:14:00,2011-09-14 12:05:00,3,1107.46,21,65,369.15333333333336,4,3,2,9,Needs Attention,4
15935,2011-04-14 13:27:00,2011-04-12 09:35:00,2,416.86,239,2,208.43,1,3,4,8,At Risk,7
15937,2011-10-06 15:48:00,2011-10-06 15:48:00,1,145.35,64,0,145.35,3,5,5,13,Needs Attention,10
15938,2011-08-19 12:56:00,2011-01-20 10:11:00,5,404.58,112,211,80.916,2,2,4,8,Lost / Low Value,7
15939,2011-09-11 11:30:00,2011-01-12 12:43:00,15,6115.01,90,241,407.6673333333334,2,1,1,4,Lost / Low Value,1
15940,2011-02-01 16:18:00,2011-02-01 16:18:00,1,35.8,311,0,35.8,1,5,5,11,Can't Lose Them,10
15942,2011-07-29 09:01:00,2011-07-29 09:01:00,1,337.44,134,0,337.44,2,5,4,11,Can't Lose Them,8
15944,2011-03-08 10:33:00,2011-03-08 10:33:00,1,325.1,277,0,325.1,1,5,4,10,Can't Lose Them,8
15945,2010-12-09 13:14:00,2010-12-09 13:14:00,1,181.0,365,0,181.0,1,5,5,11,Can't Lose Them,9
15947,2011-09-18 10:46:00,2011-09-18 10:46:00,1,1708.24,83,0,1708.24,2,5,2,9,At Risk,3
15948,2011-12-01 15:32:00,2011-10-27 08:35:00,2,955.24,8,35,477.62,5,3,2,10,Needs Attention,4
15949,2011-11-23 09:09:00,2011-09-29 17:34:00,2,364.72,17,54,182.36,4,3,4,11,Needs Attention,7
15950,2011-11-08 11:09:00,2010-12-15 11:56:00,4,1744.71,32,327,436.1775,4,2,2,8,New / Promising,3
15951,2011-12-01 08:34:00,2011-02-27 11:57:00,2,708.22,9,276,354.11,5,3,3,11,Needs Attention,5
15952,2011-11-06 11:18:00,2011-04-28 12:55:00,4,781.91,34,191,195.4775,3,2,3,8,Needs Attention,5
15953,2011-11-24 15:32:00,2010-12-05 15:15:00,8,1657.28,15,354,207.16,4,1,2,7,New / Promising,3
15955,2011-11-15 14:15:00,2010-12-02 11:22:00,14,4416.26,24,348,315.44714285714286,4,1,1,6,New / Promising,1
15957,2011-11-08 12:14:00,2011-11-08 12:14:00,1,428.89,32,0,428.89,4,5,4,13,Champions,7
15958,2011-09-26 13:41:00,2011-09-26 13:41:00,1,104.35,74,0,104.35,2,5,5,12,Can't Lose Them,10
15963,2011-11-20 11:33:00,2011-10-25 13:05:00,2,470.76,20,25,235.38,4,3,4,11,Needs Attention,7
15965,2011-11-22 16:44:00,2010-12-07 13:18:00,4,808.87,17,350,202.2175,4,2,3,9,New / Promising,5
15967,2011-11-16 15:41:00,2011-01-25 11:57:00,2,397.68,23,295,198.84,4,3,4,11,Needs Attention,7
15969,2011-12-07 11:06:00,2011-06-07 12:19:00,3,666.1,3,182,222.03333333333333,5,3,3,11,Needs Attention,6
15970,2011-02-09 12:08:00,2011-02-09 12:08:00,1,314.1,304,0,314.1,1,5,4,10,Can't Lose Them,8
15971,2011-11-22 12:50:00,2011-02-01 16:47:00,12,4199.85,18,293,349.9875,4,1,1,6,New / Promising,1
15973,2010-12-08 11:42:00,2010-12-08 11:42:00,1,307.82000000000005,367,0,307.82000000000005,1,5,4,10,Can't Lose Them,8
15974,2011-10-31 13:13:00,2011-02-24 10:10:00,7,3442.15,39,249,491.7357142857143,3,1,1,5,Needs Attention,2
15975,2011-09-16 13:33:00,2011-09-16 13:33:00,1,371.01,84,0,371.01,2,5,4,11,Can't Lose Them,7
15976,2011-06-27 13:00:00,2011-05-03 17:12:00,2,427.64,165,54,213.82,2,3,4,9,At Risk,7
15977,2011-11-22 13:29:00,2011-10-31 16:24:00,2,1054.73,17,21,527.365,4,3,2,9,Needs Attention,4
15978,2011-09-23 15:21:00,2011-09-23 15:21:00,1,1098.78,77,0,1098.78,2,5,2,9,At Risk,4
15980,2011-09-12 09:41:00,2011-03-30 15:05:00,3,2398.86,89,165,799.62,2,3,1,6,At Risk,2
15981,2011-11-15 08:00:00,2011-02-01 13:50:00,8,3408.48,25,286,426.06,4,1,1,6,New / Promising,2
15983,2011-11-17 17:34:00,2010-12-01 12:15:00,4,1465.12,22,351,366.28,4,2,2,8,New / Promising,3
15984,2011-12-07 12:16:00,2010-12-06 13:21:00,10,2780.63,3,365,278.063,5,1,1,7,New / Promising,2
15985,2011-08-08 16:31:00,2011-04-17 11:04:00,2,1142.42,123,113,571.21,2,3,2,7,At Risk,4
15986,2011-11-09 15:17:00,2011-11-09 15:17:00,1,168.12,30,0,168.12,4,5,5,14,Champions,9
15987,2011-11-27 15:38:00,2010-12-06 08:34:00,7,1432.77,12,356,204.68142857142857,5,1,2,8,New / Promising,3
15988,2011-11-20 13:23:00,2011-11-20 13:23:00,1,156.78,19,0,156.78,4,5,5,14,Champions,9
15990,2011-10-26 15:58:00,2011-02-25 15:35:00,2,792.11,44,243,396.055,3,3,3,9,Needs Attention,5
15992,2011-12-06 11:00:00,2011-12-06 11:00:00,1,41.989999999999995,4,0,41.989999999999995,5,5,5,15,Champions,10
15993,2011-12-01 10:45:00,2011-10-26 16:21:00,7,2777.67,9,35,396.81,5,1,1,7,New / Promising,2
15994,2011-10-16 12:28:00,2011-10-16 12:28:00,1,414.27,55,0,414.27,3,5,4,12,Needs Attention,7
15996,2011-09-12 15:14:00,2010-12-08 15:59:00,6,1032.58,88,277,172.09666666666666,2,1,2,5,Lost / Low Value,4
15998,2011-11-03 12:45:00,2010-12-12 13:32:00,5,3080.22,37,325,616.044,3,2,1,6,Needs Attention,2
16000,2011-12-07 12:17:00,2011-12-07 12:14:00,3,12393.7,3,0,4131.233333333334,5,3,1,9,Needs Attention,1
16003,2011-11-10 09:57:00,2010-12-15 12:09:00,5,2735.37,30,329,547.074,4,2,1,7,New / Promising,2
16005,2011-11-27 13:47:00,2011-03-14 11:46:00,4,578.71,12,258,144.6775,5,2,3,10,New / Promising,6
16006,2011-05-12 13:12:00,2011-05-12 13:12:00,1,101.4,211,0,101.4,1,5,5,11,Can't Lose Them,10
16007,2011-10-23 11:05:00,2011-05-08 13:32:00,4,1693.81,48,167,423.4525,3,2,2,7,Needs Attention,3
16008,2011-11-16 10:32:00,2011-05-19 10:54:00,3,478.78,24,180,159.59333333333333,4,3,4,11,Needs Attention,7
16009,2011-11-17 16:51:00,2011-07-03 11:26:00,4,972.11,22,137,243.0275,4,2,2,8,New / Promising,4
16010,2011-04-08 10:14:00,2010-12-12 12:18:00,3,392.4,246,116,130.79999999999998,1,3,4,8,At Risk,7
16011,2011-12-01 16:31:00,2010-12-08 16:34:00,16,3352.96,8,357,209.56,5,1,1,7,New / Promising,2
16012,2011-11-04 13:25:00,2011-07-07 18:02:00,3,1415.29,35,119,471.7633333333333,3,3,2,8,Needs Attention,3
16013,2011-12-06 10:36:00,2010-12-03 13:09:00,47,37130.6,4,367,790.0127659574467,5,1,1,7,New / Promising,1
16014,2011-11-02 12:04:00,2011-02-21 17:42:00,3,646.83,38,253,215.61,3,3,3,9,Needs Attention,6
16015,2011-12-06 10:58:00,2011-10-21 12:56:00,3,704.55,4,45,234.85,5,3,3,11,Needs Attention,5
16016,2011-12-06 14:35:00,2010-12-08 12:36:00,8,1465.51,3,363,183.18875,5,1,2,8,New / Promising,3
16017,2011-10-23 12:56:00,2011-10-23 12:56:00,1,211.88,47,0,211.88,3,5,5,13,Needs Attention,9
16018,2011-10-31 14:13:00,2011-06-12 13:52:00,2,408.90000000000003,39,141,204.45000000000002,3,3,4,10,Needs Attention,7
16019,2011-10-24 11:51:00,2010-12-10 12:29:00,9,3786.2400000000002,47,317,420.6933333333334,3,1,1,5,Needs Attention,1
16020,2011-11-23 11:18:00,2011-10-05 13:54:00,3,851.01,17,48,283.67,4,3,3,10,Needs Attention,5
16022,2011-03-24 13:16:00,2011-03-24 13:16:00,1,602.63,260,0,602.63,1,5,3,9,At Risk,6
16023,2011-10-24 16:34:00,2011-03-18 13:32:00,3,719.81,46,220,239.93666666666664,3,3,3,9,Needs Attention,5
16024,2011-11-27 13:26:00,2011-11-27 13:26:00,1,251.03,12,0,251.03,5,5,4,14,Champions,8
16025,2011-11-10 11:45:00,2011-11-10 11:45:00,1,439.65999999999997,30,0,439.65999999999997,4,5,4,13,Champions,7
16026,2011-10-27 13:53:00,2011-10-27 13:53:00,1,236.09,43,0,236.09,3,5,5,13,Needs Attention,9
16027,2011-09-09 10:47:00,2011-02-10 12:19:00,6,934.62,92,210,155.77,2,1,2,5,Lost / Low Value,4
16029,2011-11-01 10:27:00,2010-12-01 09:57:00,63,80850.84,39,335,1283.3466666666666,3,1,1,5,Needs Attention,1
16030,2011-02-03 11:28:00,2011-02-03 11:28:00,1,331.24,310,0,331.24,1,5,4,10,Can't Lose Them,8
16031,2011-09-08 13:07:00,2011-04-06 14:23:00,2,547.9,92,154,273.95,2,3,3,8,At Risk,6
16033,2011-12-04 12:44:00,2010-12-05 10:36:00,20,8778.82,6,364,438.941,5,1,1,7,New / Promising,1
16034,2011-05-27 16:17:00,2011-01-11 11:54:00,3,437.7,196,136,145.9,1,3,4,8,At Risk,7
16036,2011-09-13 14:53:00,2011-03-21 13:01:00,2,758.92,87,176,379.46,2,3,3,8,At Risk,5
16037,2011-03-15 09:13:00,2010-12-16 10:18:00,3,855.02,270,88,285.00666666666666,1,3,3,7,At Risk,5
16038,2011-12-02 12:40:00,2011-05-22 11:29:00,3,471.78000000000003,8,194,157.26000000000002,5,3,4,12,Needs Attention,7
16040,2011-10-05 13:47:00,2011-03-16 09:58:00,3,1313.55,65,203,437.84999999999997,3,3,2,8,Needs Attention,4
16041,2011-11-09 12:25:00,2011-07-21 16:27:00,3,3166.4,31,110,1055.4666666666667,4,3,1,8,Needs Attention,2
16042,2011-11-17 17:50:00,2011-01-11 13:25:00,5,1177.47,22,310,235.494,4,2,2,8,New / Promising,4
16043,2011-11-02 12:50:00,2011-01-26 11:14:00,4,773.99,38,280,193.4975,3,2,3,8,Needs Attention,5
16045,2011-08-12 12:41:00,2011-02-22 14:55:00,4,1340.7,120,170,335.175,2,2,2,6,Lost / Low Value,4
16048,2010-12-01 15:28:00,2010-12-01 15:27:00,2,256.44,373,0,128.22,1,3,4,8,At Risk,8
16049,2011-10-30 13:19:00,2011-09-25 14:33:00,3,1074.81,40,34,358.27,3,3,2,8,Needs Attention,4
16050,2011-06-19 11:44:00,2011-06-19 11:44:00,1,137.9,174,0,137.9,2,5,5,12,Can't Lose Them,10
16052,2011-10-16 15:13:00,2011-10-16 15:13:00,1,362.06,54,0,362.06,3,5,4,12,Needs Attention,7
16053,2011-11-07 11:21:00,2011-08-09 14:57:00,2,1511.95,33,89,755.975,3,3,2,8,Needs Attention,3
16054,2011-07-17 13:08:00,2011-07-17 13:08:00,1,783.9,145,0,783.9,2,5,3,10,At Risk,5
16055,2011-05-03 09:26:00,2011-05-03 09:26:00,1,134.8,221,0,134.8,1,5,5,11,Can't Lose Them,10
16056,2011-10-25 15:19:00,2011-10-25 15:19:00,1,650.75,45,0,650.75,3,5,3,11,Needs Attention,6
16057,2011-11-23 15:23:00,2011-02-28 10:35:00,7,2263.12,16,268,323.30285714285714,4,1,1,6,New / Promising,2
16059,2011-10-05 09:56:00,2010-12-07 10:36:00,6,1453.16,66,301,242.19333333333336,3,1,2,6,Needs Attention,3
16062,2011-11-30 12:15:00,2010-12-10 12:00:00,4,1153.62,10,355,288.405,5,2,2,9,New / Promising,4
16063,2011-03-24 14:56:00,2011-03-24 14:55:00,1,335.32,260,0,335.32,1,5,4,10,Can't Lose Them,8
16065,2010-12-09 13:03:00,2010-12-09 13:03:00,1,367.14,365,0,367.14,1,5,4,10,Can't Lose Them,7
16066,2011-11-23 11:54:00,2011-08-07 14:33:00,5,1521.04,17,107,304.20799999999997,4,2,2,8,New / Promising,3
16070,2011-11-17 15:50:00,2011-11-07 16:36:00,2,852.15,22,9,426.075,4,3,3,10,Needs Attention,5
16071,2011-10-26 11:14:00,2011-10-26 11:14:00,1,326.24,45,0,326.24,3,5,4,12,Needs Attention,8
16072,2011-02-24 14:32:00,2011-02-24 14:32:00,1,584.3199999999999,288,0,584.3199999999999,1,5,3,9,At Risk,6
16073,2011-02-15 15:41:00,2011-02-15 15:41:00,1,122.39999999999999,297,0,122.39999999999999,1,5,5,11,Can't Lose Them,10
16076,2011-12-06 14:59:00,2011-05-15 12:31:00,10,2234.73,3,205,223.473,5,1,1,7,New / Promising,2
16078,2011-03-01 09:47:00,2011-03-01 09:47:00,1,79.2,284,0,79.2,1,5,5,11,Can't Lose Them,10
16079,2011-11-23 12:48:00,2011-10-30 13:06:00,3,1352.0,17,23,450.6666666666667,4,3,2,9,Needs Attention,3
16080,2011-09-19 10:42:00,2011-03-10 14:44:00,2,217.16,82,192,108.58,2,3,5,10,At Risk,9
16081,2011-10-14 13:06:00,2010-12-08 11:16:00,5,2799.42,56,310,559.884,3,2,1,6,Needs Attention,2
16083,2011-08-31 10:47:00,2010-12-14 11:51:00,2,1317.62,101,259,658.81,2,3,2,7,At Risk,4
16084,2011-02-13 16:05:00,2011-02-13 16:05:00,1,436.18,299,0,436.18,1,5,4,10,Can't Lose Them,7
16085,2011-11-16 13:24:00,2011-01-23 12:07:00,5,981.51,23,297,196.302,4,2,2,8,New / Promising,4
16086,2011-10-11 13:09:00,2010-12-07 13:45:00,5,1121.39,59,307,224.27800000000002,3,2,2,7,Needs Attention,4
16091,2011-07-08 08:45:00,2011-05-25 09:18:00,2,315.06,155,43,157.53,2,3,4,9,At Risk,8
16092,2011-08-17 10:46:00,2011-03-30 15:38:00,3,817.86,115,139,272.62,2,3,3,8,At Risk,5
16093,2011-08-25 11:09:00,2011-08-25 11:09:00,1,17.0,107,0,17.0,2,5,5,12,Can't Lose Them,10
16094,2011-11-28 12:45:00,2011-05-04 13:57:00,4,1078.23,12,207,269.5575,5,2,2,9,New / Promising,4
16096,2011-03-20 13:38:00,2011-03-20 13:38:00,1,320.62,264,0,320.62,1,5,4,10,Can't Lose Them,8
16097,2011-04-13 13:47:00,2011-04-13 13:47:00,1,185.04999999999998,240,0,185.04999999999998,1,5,5,11,Can't Lose Them,9
16098,2011-09-13 09:59:00,2010-12-01 09:45:00,7,2005.63,88,286,286.5185714285714,2,1,2,5,Lost / Low Value,3
16099,2011-10-20 13:13:00,2011-04-28 08:34:00,3,731.9,50,175,243.96666666666667,3,3,3,9,Needs Attention,5
16101,2011-09-30 10:18:00,2011-09-30 10:18:00,1,1290.7,71,0,1290.7,3,5,2,10,Needs Attention,4
16102,2011-10-28 13:19:00,2011-08-03 12:50:00,3,1842.14,42,86,614.0466666666667,3,3,2,8,Needs Attention,3
16103,2011-12-02 14:16:00,2011-04-20 12:28:00,6,1429.64,7,226,238.27333333333334,5,1,2,8,New / Promising,3
16104,2011-10-09 10:23:00,2011-10-09 10:23:00,1,298.21,62,0,298.21,3,5,4,12,Needs Attention,8
16105,2011-04-05 10:13:00,2011-04-05 10:13:00,1,336.96,249,0,336.96,1,5,4,10,Can't Lose Them,8
16106,2011-10-05 10:37:00,2011-10-05 10:37:00,1,108.38,66,0,108.38,3,5,5,13,Needs Attention,10
16107,2011-11-22 09:40:00,2011-06-09 18:42:00,7,3204.1600000000003,18,165,457.7371428571429,4,1,1,6,New / Promising,2
16108,2011-09-16 11:48:00,2011-09-16 11:48:00,1,842.5,85,0,842.5,2,5,3,10,At Risk,5
16109,2011-05-05 09:17:00,2011-02-04 12:37:00,2,611.88,219,89,305.94,1,3,3,7,At Risk,6
16110,2011-10-25 14:35:00,2011-02-01 14:01:00,3,1320.95,45,266,440.31666666666666,3,3,2,8,Needs Attention,4
16112,2011-07-19 14:28:00,2011-01-05 11:47:00,4,195.73999999999998,143,195,48.934999999999995,2,2,5,9,Lost / Low Value,9
16113,2011-06-09 16:16:00,2011-06-09 16:16:00,1,161.38,183,0,161.38,1,5,5,11,Can't Lose Them,9
16114,2011-06-22 10:13:00,2011-06-22 10:13:00,1,135.75000000000003,171,0,135.75000000000003,2,5,5,12,Can't Lose Them,10
16115,2011-11-30 11:32:00,2011-02-20 12:14:00,8,1660.8799999999999,10,282,207.60999999999999,5,1,2,8,New / Promising,3
16116,2011-05-12 12:01:00,2011-05-12 12:01:00,1,612.78,212,0,612.78,1,5,3,9,At Risk,6
16117,2011-06-03 11:42:00,2011-06-03 11:42:00,1,232.21,190,0,232.21,1,5,5,11,Can't Lose Them,9
16119,2011-12-01 15:11:00,2011-09-28 10:15:00,2,423.36,8,64,211.68,5,3,4,12,Needs Attention,7
16120,2011-10-11 14:22:00,2011-10-11 14:10:00,4,1309.14,59,0,327.285,3,2,2,7,Needs Attention,4
16121,2011-10-13 12:59:00,2011-05-08 11:52:00,2,854.66,57,158,427.33,3,3,3,9,Needs Attention,5
16122,2011-09-27 15:34:00,2010-12-08 11:41:00,4,684.4200000000001,73,293,171.10500000000002,2,2,3,7,Lost / Low Value,5
16123,2011-10-19 09:18:00,2011-10-19 09:18:00,1,307.78,52,0,307.78,3,5,4,12,Needs Attention,8
16124,2011-01-26 14:45:00,2011-01-26 14:45:00,1,249.0,317,0,249.0,1,5,5,11,Can't Lose Them,9
16125,2010-12-07 15:48:00,2010-12-07 15:48:00,1,289.35,367,0,289.35,1,5,4,10,Can't Lose Them,8
16126,2011-11-10 16:03:00,2011-02-16 11:18:00,4,6287.77,29,267,1571.9425,4,2,1,7,New / Promising,1
16127,2011-10-31 13:58:00,2011-10-31 13:58:00,1,656.25,39,0,656.25,3,5,3,11,Needs Attention,6
16128,2011-11-22 11:14:00,2011-03-02 12:21:00,5,1880.22,18,264,376.044,4,2,2,8,New / Promising,3
16131,2011-10-19 11:53:00,2011-04-14 08:32:00,6,3506.54,52,188,584.4233333333333,3,1,1,5,Needs Attention,2
16133,2011-12-06 11:24:00,2011-01-25 15:55:00,33,14589.04,4,314,442.09212121212124,5,1,1,7,New / Promising,1
16134,2011-11-18 10:05:00,2010-12-15 14:00:00,2,618.09,22,337,309.045,4,3,3,10,Needs Attention,6
16135,2011-03-22 12:30:00,2011-03-22 12:30:00,1,517.55,263,0,517.55,1,5,3,9,At Risk,6
16136,2011-10-11 09:10:00,2011-03-07 09:52:00,3,709.38,60,217,236.46,3,3,3,9,Needs Attention,5
16139,2011-11-21 08:37:00,2011-05-17 10:23:00,3,635.41,19,187,211.8033333333333,4,3,3,10,Needs Attention,6
16140,2011-10-05 12:15:00,2010-12-03 14:40:00,2,725.18,66,305,362.59,3,3,3,9,Needs Attention,5
16141,2011-09-12 13:11:00,2011-09-12 13:11:00,1,620.4,88,0,620.4,2,5,3,10,At Risk,6
16142,2011-04-04 10:16:00,2011-04-04 10:16:00,1,535.34,250,0,535.34,1,5,3,9,At Risk,6
16143,2011-12-06 14:13:00,2010-12-05 15:18:00,6,2424.94,3,365,404.1566666666667,5,1,1,7,New / Promising,2
16144,2011-04-07 10:09:00,2011-04-07 10:09:00,1,175.2,247,0,175.2,1,5,5,11,Can't Lose Them,9
16145,2011-12-01 10:33:00,2010-12-15 09:09:00,11,3799.4900000000002,9,351,345.40818181818184,5,1,1,7,New / Promising,1
16146,2011-07-05 14:20:00,2011-04-21 15:25:00,3,734.13,157,74,244.71,2,3,3,8,At Risk,5
16147,2011-07-29 09:57:00,2011-07-29 09:57:00,1,375.0,134,0,375.0,2,5,4,11,Can't Lose Them,7
16148,2011-02-16 14:01:00,2011-02-16 14:01:00,1,76.32000000000001,296,0,76.32000000000001,1,5,5,11,Can't Lose Them,10
16149,2011-12-05 11:29:00,2011-07-20 14:54:00,2,280.52,5,137,140.26,5,3,4,12,Needs Attention,8
16150,2011-10-28 12:39:00,2010-12-02 18:27:00,5,2053.02,43,329,410.604,3,2,2,7,Needs Attention,3
16152,2011-03-16 09:47:00,2011-03-16 09:47:00,1,1829.04,269,0,1829.04,1,5,2,8,At Risk,3
16153,2011-10-21 10:50:00,2010-12-20 09:22:00,5,1824.23,50,305,364.846,3,2,2,7,Needs Attention,3
16156,2011-12-01 12:42:00,2011-02-02 12:02:00,9,3092.04,9,302,343.56,5,1,1,7,New / Promising,2
16157,2011-11-24 11:41:00,2011-09-28 11:48:00,3,656.69,16,56,218.89666666666668,4,3,3,10,Needs Attention,6
16159,2011-03-03 12:27:00,2011-03-03 12:27:00,1,348.2,282,0,348.2,1,5,4,10,Can't Lose Them,8
16160,2011-10-05 14:19:00,2011-09-15 10:53:00,2,1025.44,65,20,512.72,3,3,2,8,Needs Attention,4
16161,2011-12-08 12:10:00,2010-12-06 10:03:00,19,5533.67,2,367,291.2457894736842,5,1,1,7,New / Promising,1
16162,2011-04-01 15:03:00,2011-04-01 15:03:00,1,37.4,252,0,37.4,1,5,5,11,Can't Lose Them,10
16163,2011-04-21 15:15:00,2010-12-09 16:28:00,2,856.6,232,132,428.3,1,3,3,7,At Risk,5
16164,2011-11-22 15:04:00,2011-10-28 09:12:00,3,822.48,17,25,274.16,4,3,3,10,Needs Attention,5
16168,2011-11-29 12:45:00,2010-12-05 11:38:00,27,3787.6,11,359,140.28148148148148,5,1,1,7,New / Promising,1
16169,2011-12-01 15:28:00,2011-09-25 11:33:00,4,1822.97,8,67,455.7425,5,2,2,9,New / Promising,3
16170,2011-10-20 08:21:00,2011-04-05 13:42:00,6,1885.05,51,197,314.175,3,1,2,6,Needs Attention,3
16171,2011-10-11 14:51:00,2011-10-11 14:51:00,1,73.2,59,0,73.2,3,5,5,13,Needs Attention,10
16172,2011-09-05 13:22:00,2011-04-12 12:02:00,5,1140.21,95,146,228.042,2,2,2,6,Lost / Low Value,4
16173,2011-11-24 10:53:00,2011-09-02 15:23:00,6,1418.32,16,82,236.38666666666666,4,1,2,7,New / Promising,3
16174,2011-08-05 13:26:00,2011-07-11 09:23:00,3,1009.5500000000001,126,25,336.5166666666667,2,3,2,7,At Risk,4
16175,2011-09-06 14:32:00,2011-04-13 14:38:00,4,1037.59,94,145,259.3975,2,2,2,6,Lost / Low Value,4
16177,2011-10-20 12:57:00,2011-10-20 12:57:00,1,331.95,50,0,331.95,3,5,4,12,Needs Attention,8
16178,2011-07-24 16:05:00,2011-07-24 16:05:00,1,197.9,138,0,197.9,2,5,5,12,Can't Lose Them,9
16179,2011-10-10 09:41:00,2011-10-10 09:41:00,1,215.83,61,0,215.83,3,5,5,13,Needs Attention,9
16180,2011-08-31 16:28:00,2011-04-01 10:23:00,8,10254.18,100,152,1281.7725,2,1,1,4,Lost / Low Value,1
16181,2011-09-27 13:38:00,2011-09-27 13:38:00,1,305.54,73,0,305.54,2,5,4,11,Can't Lose Them,8
16182,2011-09-28 13:23:00,2011-02-18 10:11:00,4,6617.65,72,222,1654.4125,2,2,1,5,Lost / Low Value,1
16183,2011-10-03 14:59:00,2011-10-03 14:59:00,1,338.71000000000004,67,0,338.71000000000004,3,5,4,12,Needs Attention,8
16184,2011-10-06 17:43:00,2011-05-12 13:33:00,6,1158.79,64,147,193.13166666666666,3,1,2,6,Needs Attention,4
16185,2011-11-23 09:41:00,2011-04-21 11:59:00,2,529.41,17,215,264.705,4,3,3,10,Needs Attention,6
16186,2011-11-17 12:43:00,2010-12-02 14:40:00,12,4006.94,23,349,333.9116666666667,4,1,1,6,New / Promising,1
16187,2011-11-08 09:50:00,2011-02-28 13:34:00,15,6911.4400000000005,32,252,460.7626666666667,4,1,1,6,New / Promising,1
16188,2011-10-26 12:19:00,2011-04-11 09:44:00,4,981.86,45,198,245.465,3,2,2,7,Needs Attention,4
16189,2011-11-24 11:47:00,2011-09-15 15:21:00,2,215.48,16,69,107.74,4,3,5,12,Needs Attention,9
16190,2011-10-30 15:59:00,2011-10-30 15:59:00,1,215.08,40,0,215.08,3,5,5,13,Needs Attention,9
16191,2011-12-07 11:26:00,2010-12-14 12:38:00,13,5180.52,3,357,398.5015384615385,5,1,1,7,New / Promising,1
16193,2011-04-17 11:45:00,2011-04-17 11:45:00,1,314.45,237,0,314.45,1,5,4,10,Can't Lose Them,8
16198,2011-09-25 14:58:00,2011-09-25 14:58:00,1,400.68100000000004,75,0,400.68100000000004,2,5,4,11,Can't Lose Them,7
16200,2011-12-05 14:40:00,2011-06-28 15:47:00,2,1068.8700000000001,4,159,534.4350000000001,5,3,2,10,Needs Attention,4
16201,2011-12-06 16:02:00,2011-08-22 10:47:00,4,1863.47,3,106,465.8675,5,2,2,9,New / Promising,3
16202,2010-12-14 10:43:00,2010-12-14 10:43:00,1,365.27,361,0,365.27,1,5,4,10,Can't Lose Them,7
16203,2011-10-12 12:31:00,2010-12-02 15:39:00,4,592.9,59,313,148.225,3,2,3,8,Needs Attention,6
16204,2011-11-16 13:40:00,2011-11-16 13:40:00,1,384.18,23,0,384.18,4,5,4,13,Champions,7
16205,2011-11-09 09:32:00,2011-06-13 11:33:00,4,757.63,31,148,189.4075,4,2,3,9,New / Promising,5
16206,2011-10-16 10:41:00,2011-01-16 11:07:00,4,537.0600000000001,55,272,134.26500000000001,3,2,3,8,Needs Attention,6
16207,2011-11-14 13:51:00,2011-11-14 13:51:00,1,394.38,25,0,394.38,4,5,4,13,Champions,7
16208,2011-10-26 11:36:00,2011-02-23 13:37:00,2,664.26,45,244,332.13,3,3,3,9,Needs Attention,6
16209,2011-09-12 11:58:00,2011-04-07 12:23:00,5,2262.62,89,157,452.524,2,2,1,5,Lost / Low Value,2
16210,2011-12-08 12:36:00,2010-12-01 12:27:00,18,21086.3,2,372,1171.461111111111,5,1,1,7,New / Promising,1
16211,2011-09-12 12:11:00,2011-09-12 12:11:00,1,547.02,89,0,547.02,2,5,3,10,At Risk,6
16212,2011-11-20 13:00:00,2011-03-01 12:51:00,2,690.34,19,264,345.17,4,3,3,10,Needs Attention,5
16213,2011-09-22 10:03:00,2011-09-22 10:03:00,1,159.0,79,0,159.0,2,5,5,12,Can't Lose Them,9
16214,2011-06-22 11:30:00,2011-03-15 13:23:00,3,1062.75,171,98,354.25,2,3,2,7,At Risk,4
16215,2011-09-20 10:18:00,2011-09-20 10:18:00,1,242.35,81,0,242.35,2,5,5,12,Can't Lose Them,9
16216,2011-03-17 15:34:00,2011-03-17 15:34:00,1,914.9300000000001,267,0,914.9300000000001,1,5,3,9,At Risk,5
16217,2011-04-18 13:31:00,2011-03-02 15:28:00,2,304.25,235,46,152.125,1,3,4,8,At Risk,8
16218,2011-11-10 09:59:00,2010-12-01 11:29:00,7,3084.68,30,343,440.6685714285714,4,1,1,6,New / Promising,2
16221,2011-11-03 11:43:00,2010-12-07 13:13:00,3,860.86,37,330,286.9533333333333,3,3,3,9,Needs Attention,5
16222,2011-01-25 13:38:00,2011-01-25 13:38:00,1,773.5500000000001,318,0,773.5500000000001,1,5,3,9,At Risk,5
16224,2011-10-13 17:51:00,2011-04-04 12:00:00,4,1295.3,57,192,323.825,3,2,2,7,Needs Attention,4
16225,2011-10-26 08:30:00,2011-03-07 12:17:00,5,1096.32,45,232,219.26399999999998,3,2,2,7,Needs Attention,4
16226,2011-05-20 14:41:00,2011-04-18 12:58:00,3,255.12,203,32,85.04,1,3,4,8,At Risk,8
16227,2011-04-28 13:33:00,2011-04-28 13:33:00,1,314.22,225,0,314.22,1,5,4,10,Can't Lose Them,8
16229,2011-09-13 17:16:00,2011-05-11 10:18:00,2,1010.6,87,125,505.3,2,3,2,7,At Risk,4
16230,2011-06-03 10:06:00,2011-05-03 15:12:00,2,542.03,190,30,271.015,1,3,3,7,At Risk,6
16232,2011-10-27 12:16:00,2011-05-08 14:05:00,4,990.88,44,171,247.72,3,2,2,7,Needs Attention,4
16233,2011-09-29 17:27:00,2010-12-08 12:51:00,3,536.6800000000001,71,295,178.89333333333335,3,3,3,9,Needs Attention,6
16235,2011-10-30 10:56:00,2011-01-11 15:42:00,5,867.31,41,291,173.462,3,2,3,8,Needs Attention,5
16236,2011-09-22 14:10:00,2011-09-22 14:10:00,1,432.2,78,0,432.2,2,5,4,11,Can't Lose Them,7
16239,2011-10-14 08:29:00,2011-06-03 09:30:00,2,414.2,57,132,207.1,3,3,4,10,Needs Attention,7
16240,2011-11-15 14:30:00,2011-09-23 13:44:00,2,3718.8,24,53,1859.4,4,3,1,8,Needs Attention,1
16241,2011-11-30 11:08:00,2010-12-05 11:04:00,13,2590.31,10,360,199.2546153846154,5,1,1,7,New / Promising,2
16242,2011-12-01 15:12:00,2011-03-07 17:04:00,7,3579.86,8,268,511.40857142857146,5,1,1,7,New / Promising,2
16243,2011-11-06 12:32:00,2011-10-16 12:09:00,2,409.1,34,21,204.55,3,3,4,10,Needs Attention,7
16244,2011-05-12 10:18:00,2010-12-02 11:41:00,2,1522.75,212,160,761.375,1,3,2,6,At Risk,3
16245,2011-11-16 10:14:00,2011-03-28 09:30:00,3,1413.66,24,233,471.22,4,3,2,9,Needs Attention,3
16247,2011-06-22 14:23:00,2011-06-22 14:23:00,1,114.56,170,0,114.56,2,5,5,12,Can't Lose Them,10
16248,2011-10-09 11:32:00,2011-10-09 11:32:00,1,152.94,62,0,152.94,3,5,5,13,Needs Attention,10
16249,2011-10-18 10:07:00,2011-04-14 13:50:00,5,1800.07,53,186,360.014,3,2,2,7,Needs Attention,3
16250,2011-03-23 15:07:00,2010-12-01 09:59:00,2,389.44,261,112,194.72,1,3,4,8,At Risk,7
16253,2011-10-04 09:09:00,2011-03-29 13:33:00,2,3683.86,67,188,1841.93,3,3,1,7,Needs Attention,1
16255,2011-11-23 12:40:00,2010-12-09 14:25:00,8,2619.91,17,348,327.48875,4,1,1,6,New / Promising,2
16256,2011-03-18 12:18:00,2011-03-18 12:18:00,1,752.4300000000001,267,0,752.4300000000001,1,5,3,9,At Risk,5
16257,2011-06-16 10:11:00,2011-06-16 10:11:00,1,46.95,177,0,46.95,2,5,5,12,Can't Lose Them,10
16258,2011-10-25 13:30:00,2011-05-04 14:33:00,5,5203.51,45,173,1040.702,3,2,1,6,Needs Attention,1
16260,2011-10-20 09:40:00,2011-10-20 09:40:00,1,1035.45,51,0,1035.45,3,5,2,10,Needs Attention,4
16261,2011-11-22 17:23:00,2011-04-07 19:05:00,4,728.54,17,228,182.135,4,2,3,9,New / Promising,5
16265,2011-11-30 16:41:00,2010-12-10 10:21:00,9,5447.0,9,355,605.2222222222222,5,1,1,7,New / Promising,1
16266,2011-09-27 12:08:00,2011-05-17 14:50:00,7,861.89,74,132,123.12714285714286,2,1,3,6,Lost / Low Value,5
16268,2011-09-29 18:30:00,2011-09-29 18:30:00,2,667.65,71,0,333.825,3,3,3,9,Needs Attention,6
16270,2010-12-21 14:26:00,2010-12-21 14:26:00,1,1141.24,353,0,1141.24,1,5,2,8,At Risk,4
16271,2011-12-07 12:45:00,2010-12-16 16:36:00,5,1404.64,3,355,280.928,5,2,2,9,New / Promising,3
16272,2011-08-15 10:54:00,2011-08-15 10:53:00,1,411.7,117,0,411.7,2,5,4,11,Can't Lose Them,7
16274,2010-12-01 15:35:00,2010-12-01 15:35:00,1,351.75,373,0,351.75,1,5,4,10,Can't Lose Them,7
16275,2011-05-27 12:41:00,2011-05-27 12:41:00,1,559.87,197,0,559.87,1,5,3,9,At Risk,6
16276,2011-06-16 09:34:00,2011-06-16 09:34:00,1,810.6000000000001,177,0,810.6000000000001,2,5,3,10,At Risk,5
16278,2011-08-31 17:12:00,2011-08-31 17:12:00,1,566.38,100,0,566.38,2,5,3,10,At Risk,6
16279,2011-11-18 15:00:00,2011-06-16 11:50:00,3,1502.78,21,155,500.9266666666667,4,3,2,9,Needs Attention,3
16281,2011-09-28 14:57:00,2011-09-28 14:57:00,1,2062.06,72,0,2062.06,2,5,1,8,At Risk,2
16282,2011-01-04 11:42:00,2011-01-04 11:42:00,1,168.3,340,0,168.3,1,5,5,11,Can't Lose Them,9
16283,2011-12-04 12:08:00,2011-05-15 13:37:00,5,1570.81,6,202,314.162,5,2,2,9,New / Promising,3
16284,2011-11-08 16:12:00,2011-10-20 13:54:00,2,812.68,31,19,406.34,4,3,3,10,Needs Attention,5
16287,2011-06-23 09:08:00,2011-06-23 09:08:00,1,142.5,170,0,142.5,2,5,5,12,Can't Lose Them,10
16292,2011-08-10 12:24:00,2011-08-10 12:24:00,1,302.25,122,0,302.25,2,5,4,11,Can't Lose Them,8
16293,2011-11-18 09:58:00,2010-12-07 15:02:00,10,2248.9900000000002,22,345,224.89900000000003,4,1,1,6,New / Promising,2
16295,2011-11-30 08:17:00,2011-10-06 10:45:00,4,1328.55,10,54,332.1375,5,2,2,9,New / Promising,4
16297,2011-03-16 08:29:00,2011-03-16 08:29:00,1,301.9,269,0,301.9,1,5,4,10,Can't Lose Them,8
16298,2011-11-17 11:59:00,2011-06-06 10:06:00,3,598.2,23,164,199.4,4,3,3,10,Needs Attention,6
16302,2011-08-05 09:44:00,2011-08-05 09:44:00,1,233.22,127,0,233.22,2,5,5,12,Can't Lose Them,9
16303,2011-11-14 10:49:00,2011-01-10 14:16:00,3,5360.63,26,307,1786.8766666666668,4,3,1,8,Needs Attention,1
16305,2011-07-24 12:18:00,2011-07-24 12:18:00,1,361.21999999999997,139,0,361.21999999999997,2,5,4,11,Can't Lose Them,7
16306,2011-05-10 12:12:00,2010-12-07 15:18:00,6,632.27,214,153,105.37833333333333,1,1,3,5,Lost / Low Value,6
16308,2011-11-02 11:24:00,2011-03-23 14:46:00,4,2560.0,38,223,640.0,3,2,1,6,Needs Attention,2
16309,2011-08-25 15:35:00,2011-04-13 11:46:00,2,706.57,106,134,353.285,2,3,3,8,At Risk,5
16311,2011-11-22 08:54:00,2011-10-21 13:13:00,2,616.26,18,31,308.13,4,3,3,10,Needs Attention,6
16313,2011-12-06 13:02:00,2011-10-21 09:04:00,2,274.15000000000003,3,46,137.07500000000002,5,3,4,12,Needs Attention,8
16315,2011-01-13 11:57:00,2011-01-13 11:57:00,1,226.37,331,0,226.37,1,5,5,11,Can't Lose Them,9
16316,2011-10-06 13:48:00,2010-12-16 14:26:00,8,2938.91,64,293,367.36375,3,1,1,5,Needs Attention,2
16317,2011-08-12 12:46:00,2011-02-15 14:30:00,3,1341.65,120,177,447.2166666666667,2,3,2,7,At Risk,4
16318,2011-11-04 13:05:00,2011-11-04 13:05:00,1,328.15,35,0,328.15,3,5,4,12,Needs Attention,8
16319,2011-05-06 11:27:00,2011-05-06 11:27:00,1,404.40000000000003,218,0,404.40000000000003,1,5,4,10,Can't Lose Them,7
16320,2011-06-20 15:25:00,2011-05-10 15:31:00,2,1038.46,172,40,519.23,2,3,2,7,At Risk,4
16321,2011-09-28 14:55:00,2011-01-20 12:11:00,5,373.65000000000003,72,251,74.73,2,2,4,8,Lost / Low Value,7
16322,2011-12-08 15:41:00,2011-11-03 14:33:00,2,326.75,1,35,163.375,5,3,4,12,Needs Attention,8
16323,2011-05-27 14:48:00,2011-05-27 14:48:00,1,207.50000000000003,196,0,207.50000000000003,1,5,5,11,Can't Lose Them,9
16324,2011-08-03 12:58:00,2011-06-15 14:26:00,3,408.59000000000003,128,48,136.1966666666667,2,3,4,9,At Risk,7
16325,2011-10-24 08:48:00,2011-04-08 09:20:00,3,594.24,47,198,198.08,3,3,3,9,Needs Attention,6
16326,2011-12-04 10:11:00,2011-01-09 12:01:00,14,3039.2200000000003,6,328,217.08714285714288,5,1,1,7,New / Promising,2
16327,2011-11-25 13:23:00,2010-12-05 12:43:00,6,3820.27,14,355,636.7116666666667,4,1,1,6,New / Promising,1
16330,2011-11-22 12:24:00,2011-08-19 17:08:00,3,251.91,18,94,83.97,4,3,4,11,Needs Attention,8
16332,2011-11-11 14:22:00,2011-02-07 14:16:00,7,1582.8,28,277,226.1142857142857,4,1,2,7,New / Promising,3
16333,2011-12-02 12:19:00,2011-02-03 10:50:00,22,26626.8,8,302,1210.3090909090909,5,1,1,7,New / Promising,1
16337,2011-11-03 10:03:00,2011-11-03 10:03:00,1,151.05,37,0,151.05,3,5,5,13,Needs Attention,10
16338,2011-07-05 13:56:00,2011-07-05 13:56:00,1,214.79999999999998,157,0,214.79999999999998,2,5,5,12,Can't Lose Them,9
16339,2011-02-28 13:41:00,2011-02-28 13:41:00,1,94.05,284,0,94.05,1,5,5,11,Can't Lose Them,10
16340,2011-08-24 14:53:00,2011-08-24 14:53:00,1,534.31,107,0,534.31,2,5,3,10,At Risk,6
16341,2011-11-15 09:12:00,2011-05-22 13:20:00,4,1971.87,25,176,492.9675,4,2,2,8,New / Promising,3
16342,2011-09-25 14:36:00,2011-06-13 10:10:00,4,322.41,75,104,80.6025,2,2,4,8,Lost / Low Value,8
16343,2011-11-23 17:45:00,2011-11-23 17:43:00,2,328.58,16,0,164.29,4,3,4,11,Needs Attention,8
16344,2011-07-04 15:50:00,2011-07-04 15:50:00,1,101.10000000000001,158,0,101.10000000000001,2,5,5,12,Can't Lose Them,10
16345,2011-10-26 16:03:00,2011-10-26 16:03:00,1,565.46,44,0,565.46,3,5,3,11,Needs Attention,6
16347,2011-11-28 13:14:00,2011-11-03 13:01:00,2,847.45,11,25,423.725,5,3,3,11,Needs Attention,5
16348,2011-11-07 15:44:00,2011-04-13 15:49:00,7,1415.65,32,207,202.2357142857143,4,1,2,7,New / Promising,3
16349,2011-02-22 12:40:00,2011-02-22 12:40:00,1,53.5,291,0,53.5,1,5,5,11,Can't Lose Them,10
16350,2011-11-18 15:53:00,2011-01-10 09:44:00,4,1116.47,21,312,279.1175,4,2,2,8,New / Promising,4
16351,2011-01-11 10:26:00,2011-01-11 10:26:00,1,153.9,333,0,153.9,1,5,5,11,Can't Lose Them,10
16352,2011-11-22 10:32:00,2011-11-02 08:44:00,2,494.44,18,20,247.22,4,3,3,10,Needs Attention,6
16353,2011-12-06 12:23:00,2010-12-05 12:09:00,23,6675.71,4,366,290.24826086956523,5,1,1,7,New / Promising,1
16354,2011-10-07 14:28:00,2011-09-27 16:28:00,2,395.8,63,9,197.9,3,3,4,10,Needs Attention,7
16356,2011-05-26 11:51:00,2011-03-07 12:31:00,3,211.77,198,79,70.59,1,3,5,9,At Risk,9
16357,2011-11-06 16:04:00,2011-05-10 10:35:00,3,658.88,33,180,219.62666666666667,3,3,3,9,Needs Attention,6
16358,2011-12-08 15:09:00,2011-06-08 15:05:00,4,2027.5,1,183,506.875,5,2,2,9,New / Promising,3
16359,2011-12-02 17:04:00,2011-01-12 10:49:00,9,1750.92,7,324,194.54666666666668,5,1,2,8,New / Promising,3
16360,2011-12-05 12:16:00,2011-09-12 13:50:00,6,3450.41,5,83,575.0683333333333,5,1,1,7,New / Promising,2
16361,2011-11-30 12:32:00,2011-09-29 13:13:00,4,891.21,10,61,222.8025,5,2,3,10,New / Promising,5
16362,2011-11-07 13:01:00,2011-09-09 14:47:00,5,709.99,32,58,141.998,4,2,3,9,New / Promising,5
16363,2011-10-17 14:14:00,2011-10-17 14:14:00,1,109.36000000000001,53,0,109.36000000000001,3,5,5,13,Needs Attention,10
16364,2011-11-28 11:27:00,2011-07-25 14:35:00,2,705.79,12,125,352.895,5,3,3,11,Needs Attention,5
16365,2011-11-22 11:24:00,2010-12-07 17:19:00,9,1540.42,18,349,171.1577777777778,4,1,2,7,New / Promising,3
16366,2011-11-21 08:19:00,2011-11-21 08:19:00,1,327.3,19,0,327.3,4,5,4,13,Champions,8
16367,2011-11-02 13:13:00,2010-12-12 12:01:00,2,800.67,37,325,400.335,3,3,3,9,Needs Attention,5
16368,2011-12-07 13:12:00,2011-11-11 15:08:00,2,479.91,2,25,239.955,5,3,4,12,Needs Attention,7
16369,2011-11-21 16:25:00,2011-05-27 09:39:00,3,1545.41,18,178,515.1366666666667,4,3,2,9,Needs Attention,3
16370,2011-09-18 15:55:00,2011-04-28 16:40:00,4,1301.91,82,142,325.4775,2,2,2,6,Lost / Low Value,4
16372,2011-11-06 13:08:00,2011-11-06 12:50:00,2,355.73,33,0,177.865,3,3,4,10,Needs Attention,7
16374,2011-10-04 15:21:00,2011-03-22 13:46:00,2,466.73,66,196,233.365,3,3,4,10,Needs Attention,7
16376,2011-12-01 11:38:00,2011-11-22 16:47:00,2,974.96,9,8,487.48,5,3,2,10,Needs Attention,4
16377,2011-03-17 15:41:00,2011-03-17 15:41:00,1,676.2,267,0,676.2,1,5,3,9,At Risk,5
16378,2011-04-06 15:07:00,2011-02-02 12:42:00,3,362.95,247,63,120.98333333333333,1,3,4,8,At Risk,7
16379,2011-12-05 15:38:00,2011-09-22 09:33:00,4,2157.4,4,74,539.35,5,2,1,8,New / Promising,2
16380,2011-10-09 15:40:00,2011-10-09 15:40:00,1,1743.1499999999999,61,0,1743.1499999999999,3,5,2,10,Needs Attention,3
16383,2011-09-26 12:45:00,2011-03-16 13:00:00,2,643.76,75,193,321.88,2,3,3,8,At Risk,6
16384,2011-09-11 11:19:00,2011-03-21 10:13:00,2,584.5,90,174,292.25,2,3,3,8,At Risk,6
16385,2011-10-10 13:12:00,2010-12-08 12:56:00,3,554.86,60,306,184.95333333333335,3,3,3,9,Needs Attention,6
16386,2011-11-11 12:28:00,2011-03-31 12:19:00,2,302.57,29,225,151.285,4,3,4,11,Needs Attention,8
16387,2011-01-21 11:34:00,2011-01-21 11:34:00,1,94.36,323,0,94.36,1,5,5,11,Can't Lose Them,10
16389,2011-10-17 14:41:00,2011-03-01 15:47:00,4,1382.07,53,229,345.5175,3,2,2,7,Needs Attention,3
16392,2011-03-15 12:11:00,2011-03-15 12:11:00,1,217.89,270,0,217.89,1,5,5,11,Can't Lose Them,9
16393,2011-12-07 12:51:00,2010-12-05 13:10:00,13,3040.96,2,366,233.92000000000002,5,1,1,7,New / Promising,2
16394,2011-10-14 09:48:00,2011-02-23 10:58:00,5,1555.34,57,232,311.068,3,2,2,7,Needs Attention,3
16395,2011-10-10 12:50:00,2011-01-13 12:10:00,5,1482.06,61,270,296.412,3,2,2,7,Needs Attention,3
16398,2011-07-08 15:16:00,2011-03-31 09:38:00,2,1705.8,154,99,852.9,2,3,2,7,At Risk,3
16399,2011-11-20 16:12:00,2011-04-18 13:46:00,2,408.02,19,216,204.01,4,3,4,11,Needs Attention,7
16400,2011-09-06 12:27:00,2011-09-06 12:27:00,1,303.93,95,0,303.93,2,5,4,11,Can't Lose Them,8
16401,2011-12-08 18:15:00,2011-01-16 10:56:00,12,4098.32,1,326,341.52666666666664,5,1,1,7,New / Promising,1
16402,2011-03-20 12:25:00,2010-12-05 13:42:00,2,293.45,265,104,146.725,1,3,4,8,At Risk,8
16403,2011-01-31 13:39:00,2011-01-31 13:39:00,1,177.5,312,0,177.5,1,5,5,11,Can't Lose Them,9
16404,2011-09-30 14:55:00,2011-09-30 14:55:00,1,443.05,70,0,443.05,3,5,4,12,Needs Attention,7
16405,2011-02-10 15:24:00,2011-02-02 17:08:00,2,167.25,302,7,83.625,1,3,5,9,At Risk,9
16406,2011-11-21 11:57:00,2011-11-21 11:57:00,1,154.35,19,0,154.35,4,5,5,14,Champions,10
16407,2011-11-27 11:05:00,2011-01-31 14:02:00,10,2079.68,13,299,207.968,5,1,1,7,New / Promising,2
16409,2011-11-03 16:45:00,2011-01-26 14:51:00,5,2022.98,36,281,404.596,3,2,2,7,Needs Attention,3
16411,2011-11-20 13:23:00,2010-12-05 13:26:00,2,211.7,19,349,105.85,4,3,5,12,Needs Attention,9
16412,2011-10-17 12:35:00,2011-10-17 12:35:00,1,135.99,54,0,135.99,3,5,5,13,Needs Attention,10
16413,2011-10-14 12:08:00,2011-10-14 12:08:00,1,262.2,57,0,262.2,3,5,4,12,Needs Attention,8
16414,2011-11-18 09:42:00,2011-03-04 13:27:00,2,126.25,22,258,63.125,4,3,5,12,Needs Attention,10
16415,2011-10-26 13:35:00,2011-10-26 13:35:00,1,200.27,44,0,200.27,3,5,5,13,Needs Attention,9
16416,2011-11-13 12:50:00,2011-10-14 13:35:00,3,1051.4,27,29,350.4666666666667,4,3,2,9,Needs Attention,4
16418,2011-10-26 12:39:00,2011-04-27 16:54:00,3,631.12,45,181,210.37333333333333,3,3,3,9,Needs Attention,6
16419,2011-08-19 12:33:00,2011-02-01 12:25:00,6,958.71,113,199,159.785,2,1,2,5,Lost / Low Value,4
16422,2011-11-22 14:00:00,2010-12-05 15:35:00,51,34684.4,17,351,680.086274509804,4,1,1,6,New / Promising,1
16423,2011-11-15 09:21:00,2011-11-15 09:21:00,1,346.12,25,0,346.12,4,5,4,13,Champions,8
16424,2011-06-01 13:40:00,2011-06-01 13:40:00,1,133.56,191,0,133.56,1,5,5,11,Can't Lose Them,10
16425,2011-02-10 14:30:00,2011-02-10 14:30:00,1,302.7,302,0,302.7,1,5,4,10,Can't Lose Them,8
16426,2011-12-07 14:01:00,2011-03-08 15:45:00,10,1863.76,2,273,186.376,5,1,2,8,New / Promising,3
16427,2011-03-21 17:10:00,2011-02-28 15:18:00,2,241.06,263,21,120.53,1,3,5,9,At Risk,9
16429,2011-08-25 13:54:00,2011-08-25 13:54:00,1,284.55,106,0,284.55,2,5,4,11,Can't Lose Them,8
16430,2011-10-13 14:47:00,2011-10-13 14:47:00,1,300.85,57,0,300.85,3,5,4,12,Needs Attention,8
16431,2011-05-10 14:09:00,2011-02-15 14:02:00,3,623.28,213,84,207.76,1,3,3,7,At Risk,6
16432,2011-10-06 13:59:00,2011-10-06 13:59:00,1,287.4,64,0,287.4,3,5,4,12,Needs Attention,8
16433,2011-11-11 14:09:00,2011-11-11 14:09:00,1,184.26,28,0,184.26,4,5,5,14,Champions,9
16434,2011-11-10 14:28:00,2011-02-13 12:17:00,7,1511.8,29,270,215.97142857142856,4,1,2,7,New / Promising,3
16438,2011-12-04 10:51:00,2011-09-18 13:31:00,5,798.35,6,76,159.67000000000002,5,2,3,10,New / Promising,5
16440,2011-12-02 12:02:00,2011-05-09 12:25:00,5,3640.67,8,206,728.134,5,2,1,8,New / Promising,2
16441,2011-10-03 17:48:00,2011-02-21 17:35:00,2,381.2,67,224,190.6,3,3,4,10,Needs Attention,7
16442,2011-12-08 11:43:00,2010-12-14 10:46:00,3,609.3,2,359,203.1,5,3,3,11,Needs Attention,6
16444,2011-10-24 13:50:00,2011-03-20 12:14:00,4,654.67,46,218,163.6675,3,2,3,8,Needs Attention,6
16445,2011-11-06 12:32:00,2011-11-06 12:32:00,1,230.51,34,0,230.51,3,5,5,13,Needs Attention,9
16446,2011-12-09 09:15:00,2011-05-18 09:52:00,2,168472.5,1,204,84236.25,5,3,1,9,Needs Attention,1
16447,2011-07-27 12:45:00,2011-07-27 12:45:00,1,255.91,136,0,255.91,2,5,4,11,Can't Lose Them,8
16448,2011-05-25 16:28:00,2011-05-25 16:28:00,1,182.99,198,0,182.99,1,5,5,11,Can't Lose Them,9
16449,2011-05-26 10:25:00,2011-03-04 12:15:00,2,707.69,198,82,353.845,1,3,3,7,At Risk,5
16450,2011-07-13 11:47:00,2011-07-13 11:47:00,1,311.92,150,0,311.92,2,5,4,11,Can't Lose Them,8
16451,2011-09-13 09:17:00,2011-09-13 09:17:00,1,266.97,88,0,266.97,2,5,4,11,Can't Lose Them,8
16454,2011-10-26 11:40:00,2011-10-06 16:57:00,2,6.9,45,19,3.45,3,3,5,11,Needs Attention,10
16455,2011-10-07 12:17:00,2010-12-03 16:44:00,7,1841.18,64,307,263.0257142857143,3,1,2,6,Needs Attention,3
16456,2011-09-01 13:50:00,2010-12-01 14:11:00,5,2158.18,99,273,431.63599999999997,2,2,1,5,Lost / Low Value,2
16457,2011-05-05 13:19:00,2011-05-05 13:19:00,1,208.36,218,0,208.36,1,5,5,11,Can't Lose Them,9
16458,2011-12-07 09:34:00,2010-12-14 11:51:00,18,3482.7400000000002,3,357,193.48555555555558,5,1,1,7,New / Promising,2
16460,2011-11-11 13:46:00,2011-09-19 10:15:00,3,811.23,28,53,270.41,4,3,3,10,Needs Attention,5
16461,2011-06-15 12:07:00,2011-06-15 12:07:00,1,142.92,178,0,142.92,2,5,5,12,Can't Lose Them,10
16462,2011-09-27 10:24:00,2011-03-01 08:58:00,3,136.0,74,210,45.333333333333336,2,3,5,10,At Risk,10
16463,2011-11-18 14:01:00,2011-05-19 14:45:00,4,1422.4,21,182,355.6,4,2,2,8,New / Promising,3
16464,2011-11-20 12:11:00,2011-07-20 13:53:00,3,1298.66,20,122,432.8866666666667,4,3,2,9,Needs Attention,4
16466,2011-11-06 11:35:00,2011-02-20 11:39:00,7,1595.96,34,258,227.99428571428572,3,1,2,6,Needs Attention,3
16468,2011-09-26 14:13:00,2011-09-26 14:13:00,1,74.9,74,0,74.9,2,5,5,12,Can't Lose Them,10
16469,2011-11-16 12:25:00,2011-04-07 13:11:00,4,625.42,24,222,156.355,4,2,3,9,New / Promising,6
16470,2011-10-19 12:11:00,2010-12-16 11:53:00,4,752.77,52,307,188.1925,3,2,3,8,Needs Attention,5
16471,2011-03-10 09:41:00,2011-03-10 09:41:00,1,223.95000000000002,275,0,223.95000000000002,1,5,5,11,Can't Lose Them,9
16473,2011-06-28 09:10:00,2011-01-07 10:55:00,3,316.11,165,171,105.37,2,3,4,9,At Risk,8
16474,2011-12-02 13:02:00,2011-07-17 14:51:00,7,1810.65,7,137,258.6642857142857,5,1,2,8,New / Promising,3
16475,2011-09-12 14:37:00,2011-03-11 09:39:00,4,544.3,88,185,136.075,2,2,3,7,Lost / Low Value,6
16477,2011-10-07 09:44:00,2010-12-03 12:48:00,7,2494.46,64,307,356.3514285714286,3,1,1,5,Needs Attention,2
16478,2011-11-14 15:51:00,2011-10-05 12:02:00,3,331.0,25,40,110.33333333333333,4,3,4,11,Needs Attention,8
16479,2011-11-29 13:40:00,2011-11-29 13:04:00,2,300.83,10,0,150.415,5,3,4,12,Needs Attention,8
16480,2011-09-25 11:40:00,2011-09-25 11:40:00,1,769.29,76,0,769.29,2,5,3,10,At Risk,5
16482,2011-11-24 12:33:00,2011-11-24 12:33:00,1,220.62,16,0,220.62,4,5,5,14,Champions,9
16483,2011-05-31 13:08:00,2011-05-31 13:08:00,1,139.35,192,0,139.35,1,5,5,11,Can't Lose Them,10
16484,2011-06-19 12:06:00,2011-06-02 10:39:00,2,404.3,174,17,202.15,2,3,4,9,At Risk,7
16485,2011-09-23 15:50:00,2011-09-23 15:50:00,1,363.65,77,0,363.65,2,5,4,11,Can't Lose Them,7
16488,2011-11-06 13:42:00,2011-07-14 11:46:00,3,498.8,33,115,166.26666666666668,3,3,3,9,Needs Attention,6
16491,2011-10-24 10:18:00,2011-10-24 10:18:00,1,731.5,47,0,731.5,3,5,3,11,Needs Attention,5
16493,2011-09-21 11:10:00,2011-01-14 08:16:00,4,1351.63,80,250,337.9075,2,2,2,6,Lost / Low Value,3
16494,2011-02-16 12:49:00,2011-02-16 12:49:00,1,826.53,297,0,826.53,1,5,3,9,At Risk,5
16495,2011-12-06 13:20:00,2011-03-08 16:38:00,3,648.26,3,272,216.08666666666667,5,3,3,11,Needs Attention,6
16496,2011-12-01 10:31:00,2011-01-27 09:42:00,3,1599.52,9,308,533.1733333333333,5,3,2,10,Needs Attention,3
16497,2011-10-21 10:55:00,2011-01-10 13:20:00,6,2965.69,50,283,494.2816666666667,3,1,1,5,Needs Attention,2
16498,2011-07-01 15:07:00,2011-06-30 19:52:00,2,100.97,161,0,50.485,2,3,5,10,At Risk,10
16499,2010-12-14 13:31:00,2010-12-10 10:27:00,2,365.45,360,4,182.725,1,3,4,8,At Risk,7
16500,2011-12-05 12:04:00,2011-01-13 10:28:00,6,400.86,5,326,66.81,5,1,4,10,Needs Attention,7
16503,2011-08-25 11:46:00,2010-12-14 13:50:00,4,1431.93,107,253,357.9825,2,2,2,6,Lost / Low Value,3
16504,2011-11-14 15:18:00,2011-11-14 15:18:00,1,465.88,25,0,465.88,4,5,4,13,Champions,7
16505,2011-11-08 12:14:00,2011-11-08 12:14:00,1,777.6,32,0,777.6,4,5,3,12,Loyal,5
16506,2011-11-20 12:17:00,2011-10-30 15:50:00,2,90.30000000000001,20,20,45.150000000000006,4,3,5,12,Needs Attention,10
16509,2011-02-16 09:25:00,2011-02-16 09:25:00,1,363.7,297,0,363.7,1,5,4,10,Can't Lose Them,7
16510,2010-12-02 13:39:00,2010-12-02 13:39:00,1,248.1,372,0,248.1,1,5,5,11,Can't Lose Them,9
16511,2011-11-18 10:41:00,2011-03-18 11:24:00,3,918.33,22,244,306.11,4,3,3,10,Needs Attention,5
16513,2011-12-05 10:18:00,2011-10-27 14:56:00,4,874.59,5,38,218.6475,5,2,3,10,New / Promising,5
16515,2011-10-18 13:10:00,2011-02-01 13:09:00,5,1624.14,52,259,324.82800000000003,3,2,2,7,Needs Attention,3
16516,2011-11-09 14:59:00,2011-11-09 14:59:00,1,101.69999999999999,30,0,101.69999999999999,4,5,5,14,Champions,10
16517,2011-03-07 13:50:00,2011-03-07 13:50:00,1,162.7,277,0,162.7,1,5,5,11,Can't Lose Them,9
16518,2011-10-09 15:04:00,2011-02-28 16:36:00,2,484.32,61,222,242.16,3,3,4,10,Needs Attention,7
16519,2011-11-14 15:41:00,2010-12-09 14:08:00,2,215.07999999999998,25,340,107.53999999999999,4,3,5,12,Needs Attention,9
16520,2011-06-06 13:24:00,2010-12-09 13:08:00,3,1046.57,186,179,348.8566666666666,1,3,2,6,At Risk,4
16523,2011-12-08 09:06:00,2011-01-28 12:06:00,21,9418.470000000001,2,313,448.4985714285715,5,1,1,7,New / Promising,1
16525,2011-12-07 15:07:00,2010-12-08 11:31:00,26,13027.45,2,364,501.0557692307693,5,1,1,7,New / Promising,1
16526,2011-06-21 12:02:00,2011-06-21 12:02:00,1,290.36,172,0,290.36,2,5,4,11,Can't Lose Them,8
16527,2011-09-19 16:21:00,2011-09-19 16:21:00,1,228.06,81,0,228.06,2,5,5,12,Can't Lose Them,9
16528,2011-12-06 12:45:00,2011-12-06 12:45:00,1,244.41,4,0,244.41,5,5,5,15,Champions,9
16529,2011-06-02 17:23:00,2011-06-02 17:23:00,1,455.25,190,0,455.25,1,5,4,10,Can't Lose Them,7
16531,2011-11-17 16:29:00,2010-12-14 13:19:00,7,1244.59,22,338,177.79857142857142,4,1,2,7,New / Promising,4
16532,2011-11-22 11:08:00,2011-01-05 12:37:00,3,6748.8,18,320,2249.6,4,3,1,8,Needs Attention,1
16533,2011-11-20 13:08:00,2011-10-02 15:07:00,3,1082.81,19,48,360.93666666666667,4,3,2,9,Needs Attention,4
16535,2011-12-04 15:18:00,2011-12-04 15:18:00,1,593.75,5,0,593.75,5,5,3,13,Loyal,6
16536,2011-08-21 15:54:00,2011-08-21 15:54:00,1,548.12,110,0,548.12,2,5,3,10,At Risk,6
16539,2011-12-07 08:41:00,2010-12-01 15:40:00,4,1388.81,3,370,347.2025,5,2,2,9,New / Promising,3
16542,2011-10-17 10:47:00,2011-10-17 10:47:00,1,119.62,54,0,119.62,3,5,5,13,Needs Attention,10
16545,2011-06-28 10:37:00,2011-06-28 10:37:00,1,339.3,165,0,339.3,2,5,4,11,Can't Lose Them,8
16546,2011-02-22 11:20:00,2010-12-02 12:07:00,2,787.15,291,81,393.575,1,3,3,7,At Risk,5
16549,2011-11-29 15:06:00,2011-01-09 14:03:00,10,4034.9,10,324,403.49,5,1,1,7,New / Promising,1
16550,2011-08-23 11:12:00,2010-12-06 13:53:00,5,2298.97,109,259,459.794,2,2,1,5,Lost / Low Value,2
16551,2011-09-05 09:38:00,2011-01-07 10:24:00,3,922.12,96,240,307.37333333333333,2,3,3,8,At Risk,5
16552,2011-04-11 10:04:00,2010-12-01 12:36:00,2,379.73,243,130,189.865,1,3,4,8,At Risk,7
16553,2011-06-29 15:42:00,2010-12-14 13:58:00,12,5719.82,163,197,476.65166666666664,2,1,1,4,Lost / Low Value,1
16554,2011-10-28 14:51:00,2011-01-12 12:41:00,3,837.1,42,289,279.03333333333336,3,3,3,9,Needs Attention,5
16555,2011-11-04 14:31:00,2011-08-22 12:32:00,2,285.89,35,74,142.945,3,3,4,10,Needs Attention,8
16556,2011-10-04 11:36:00,2010-12-14 13:32:00,7,3313.79,67,293,473.3985714285714,3,1,1,5,Needs Attention,2
16557,2011-11-15 14:04:00,2011-07-25 13:28:00,2,281.85,24,113,140.925,4,3,4,11,Needs Attention,8
16558,2011-12-09 10:20:00,2010-12-08 12:01:00,20,8338.49,1,365,416.92449999999997,5,1,1,7,New / Promising,1
16560,2011-11-13 10:35:00,2010-12-16 14:36:00,2,841.41,27,331,420.705,4,3,3,10,Needs Attention,5
16561,2011-12-04 11:50:00,2011-10-11 09:53:00,2,511.12,6,54,255.56,5,4,3,12,Loyal,6
16563,2011-10-17 11:51:00,2011-10-17 11:51:00,1,1077.74,54,0,1077.74,3,5,2,10,Needs Attention,4
16565,2010-12-10 15:21:00,2010-12-10 15:21:00,1,173.7,364,0,173.7,1,5,5,11,Can't Lose Them,9
16566,2011-11-24 16:34:00,2011-02-20 10:29:00,5,614.66,15,277,122.93199999999999,4,2,3,9,New / Promising,6
16567,2011-05-29 13:57:00,2011-01-07 09:31:00,2,865.6,194,142,432.8,1,4,3,8,At Risk,5
16569,2011-12-06 15:32:00,2011-12-06 15:32:00,1,124.2,3,0,124.2,5,5,5,15,Champions,10
16570,2011-11-24 17:02:00,2011-02-01 10:37:00,10,3738.4,15,296,373.84000000000003,4,1,1,6,New / Promising,1
16571,2011-11-13 11:46:00,2011-03-03 09:41:00,3,1421.69,27,255,473.8966666666667,4,3,2,9,Needs Attention,3
16572,2011-08-04 16:34:00,2011-03-09 12:04:00,3,1009.6,127,148,336.53333333333336,2,3,2,7,At Risk,4
16573,2011-09-16 09:13:00,2011-02-22 15:14:00,2,663.61,85,205,331.805,2,4,3,9,At Risk,6
16574,2011-09-29 13:39:00,2011-09-29 13:39:00,1,451.44,71,0,451.44,3,5,4,12,Needs Attention,7
16581,2011-06-10 10:05:00,2011-06-10 10:05:00,1,105.84,183,0,105.84,1,5,5,11,Can't Lose Them,10
16582,2011-08-18 17:02:00,2011-08-18 17:02:00,1,313.62,113,0,313.62,2,5,4,11,Can't Lose Them,8
16583,2010-12-01 12:03:00,2010-12-01 12:03:00,1,233.45,374,0,233.45,1,5,5,11,Can't Lose Them,9
16584,2011-09-20 13:45:00,2011-03-30 13:14:00,2,936.08,80,174,468.04,2,4,2,8,At Risk,4
16586,2011-04-05 09:32:00,2011-04-05 09:32:00,1,463.95,249,0,463.95,1,5,4,10,Can't Lose Them,7
16587,2011-04-21 15:51:00,2011-04-21 15:51:00,1,225.15,232,0,225.15,1,5,5,11,Can't Lose Them,9
16589,2011-09-29 14:50:00,2011-07-01 13:31:00,3,459.24,71,90,153.08,3,3,4,10,Needs Attention,7
16591,2011-10-02 10:43:00,2011-10-02 10:43:00,1,213.5,69,0,213.5,3,5,5,13,Needs Attention,9
16592,2011-12-05 13:49:00,2011-02-25 10:19:00,16,4113.68,4,283,257.105,5,1,1,7,New / Promising,1
16593,2011-10-20 12:41:00,2011-01-16 12:11:00,3,330.03,51,277,110.00999999999999,3,3,4,10,Needs Attention,8
16594,2011-09-25 14:08:00,2011-09-25 14:08:00,1,181.09,75,0,181.09,2,5,5,12,Can't Lose Them,9
16595,2011-10-09 13:15:00,2011-10-09 13:15:00,1,360.16,61,0,360.16,3,5,4,12,Needs Attention,7
16596,2011-11-24 10:02:00,2010-12-08 16:18:00,2,250.15,16,350,125.075,4,4,4,12,Champions,8
16597,2011-12-05 15:44:00,2011-12-05 15:44:00,1,90.04,4,0,90.04,5,5,5,15,Champions,10
16598,2011-02-27 11:42:00,2011-02-27 11:42:00,1,145.04999999999998,286,0,145.04999999999998,1,5,5,11,Can't Lose Them,10
16600,2011-12-05 16:00:00,2011-01-05 12:13:00,6,813.52,4,334,135.58666666666667,5,1,3,9,New / Promising,5
16601,2011-10-30 11:09:00,2011-10-30 11:09:00,1,242.7,41,0,242.7,3,5,5,13,Needs Attention,9
16602,2011-11-03 15:54:00,2011-11-03 15:54:00,1,528.08,36,0,528.08,3,5,3,11,Needs Attention,6
16603,2011-09-26 10:06:00,2011-09-09 13:02:00,2,482.47,75,16,241.235,2,4,4,10,Can't Lose Them,7
16607,2011-11-22 10:24:00,2010-12-16 08:41:00,14,3347.71,18,341,239.12214285714285,4,1,1,6,New / Promising,2
16609,2011-11-24 13:32:00,2011-04-01 10:11:00,7,5493.46,15,237,784.78,4,1,1,6,New / Promising,1
16610,2011-05-04 13:13:00,2011-05-04 13:13:00,1,75.66,219,0,75.66,1,5,5,11,Can't Lose Them,10
16611,2011-06-06 15:46:00,2011-06-06 15:46:00,1,129.49,186,0,129.49,1,5,5,11,Can't Lose Them,10
16612,2011-11-07 07:38:00,2011-02-01 10:38:00,4,1187.66,33,278,296.915,3,2,2,7,Needs Attention,4
16613,2011-09-30 15:52:00,2011-09-30 15:52:00,1,618.59,70,0,618.59,3,5,3,11,Needs Attention,6
16614,2011-06-10 11:36:00,2011-06-10 11:36:00,1,506.19,183,0,506.19,1,5,3,9,At Risk,6
16616,2011-11-24 16:31:00,2011-07-05 13:38:00,2,500.42,15,142,250.21,4,4,3,11,Loyal,6
16617,2011-04-18 10:35:00,2011-04-18 10:35:00,1,151.85,236,0,151.85,1,5,5,11,Can't Lose Them,10
16618,2011-11-08 13:52:00,2011-01-21 11:55:00,5,2647.59,31,291,529.518,4,2,1,7,New / Promising,2
16619,2011-03-21 08:18:00,2011-03-21 08:18:00,1,226.21,264,0,226.21,1,5,5,11,Can't Lose Them,9
16620,2011-12-06 12:19:00,2011-03-24 10:37:00,2,178.96,4,257,89.48,5,4,5,14,Champions,9
16621,2011-10-19 11:38:00,2011-03-07 11:32:00,4,813.48,52,226,203.37,3,2,3,8,Needs Attention,5
16623,2011-04-08 10:09:00,2011-04-08 10:09:00,1,129.45,246,0,129.45,1,5,5,11,Can't Lose Them,10
16624,2011-09-20 12:39:00,2011-05-26 14:20:00,2,810.5699999999999,81,116,405.28499999999997,2,4,3,9,At Risk,5
16625,2011-03-10 12:50:00,2011-03-10 12:50:00,1,333.08,275,0,333.08,1,5,4,10,Can't Lose Them,8
16626,2011-12-09 11:56:00,2011-03-18 12:27:00,17,4413.1,1,265,259.59411764705885,5,1,1,7,New / Promising,1
16627,2011-09-21 14:38:00,2011-09-21 14:38:00,1,322.8,79,0,322.8,2,5,4,11,Can't Lose Them,8
16628,2011-11-10 12:45:00,2011-04-19 08:55:00,5,2188.05,30,205,437.61,4,2,1,7,New / Promising,2
16629,2011-09-27 10:34:00,2011-09-04 16:12:00,2,408.63,74,22,204.315,2,4,4,10,Can't Lose Them,7
16633,2011-11-22 13:41:00,2011-04-19 14:36:00,6,2883.1,17,216,480.51666666666665,4,1,1,6,New / Promising,2
16634,2011-05-01 12:09:00,2010-12-02 17:41:00,2,217.9,223,149,108.95,1,4,5,10,Can't Lose Them,9
16637,2011-11-07 13:17:00,2011-04-28 10:20:00,4,1154.47,32,193,288.6175,4,2,2,8,New / Promising,4
16638,2011-11-17 11:09:00,2010-12-06 10:19:00,10,1680.72,23,346,168.072,4,1,2,7,New / Promising,3
16639,2011-11-08 13:20:00,2011-04-18 09:31:00,3,1257.51,31,204,419.17,4,3,2,9,Needs Attention,4
16641,2011-08-26 12:49:00,2011-08-26 12:49:00,1,231.10000000000002,106,0,231.10000000000002,2,5,5,12,Can't Lose Them,9
16642,2011-12-05 11:31:00,2011-05-16 12:35:00,2,688.33,5,202,344.165,5,4,3,12,Loyal,5
16643,2011-04-08 08:24:00,2011-04-08 08:24:00,1,487.51,246,0,487.51,1,5,3,9,At Risk,6
16644,2011-06-15 12:39:00,2011-05-11 12:53:00,2,833.78,178,34,416.89,2,4,3,9,At Risk,5
16647,2011-06-23 11:47:00,2011-05-19 09:31:00,2,214.06,170,35,107.03,2,4,5,11,Can't Lose Them,9
16648,2011-10-28 08:58:00,2011-10-28 08:58:00,1,290.65999999999997,43,0,290.65999999999997,3,5,4,12,Needs Attention,8
16650,2011-09-29 09:51:00,2011-09-29 09:51:00,1,518.42,72,0,518.42,2,5,3,10,At Risk,6
16652,2011-10-12 09:38:00,2011-03-11 13:13:00,7,6773.97,59,214,967.71,3,1,1,5,Needs Attention,1
16653,2011-11-23 14:51:00,2011-09-29 13:38:00,2,1212.66,16,55,606.33,4,4,2,10,Loyal,4
16654,2011-07-21 15:23:00,2010-12-06 15:09:00,4,601.27,141,227,150.3175,2,2,3,7,Lost / Low Value,6
16655,2011-11-22 11:25:00,2011-01-12 10:16:00,6,3789.52,18,314,631.5866666666667,4,1,1,6,New / Promising,1
16656,2011-11-17 14:43:00,2010-12-10 11:23:00,15,8625.8,22,342,575.0533333333333,4,1,1,6,New / Promising,1
16657,2011-11-30 11:48:00,2011-03-30 12:02:00,4,874.43,10,244,218.6075,5,2,3,10,New / Promising,5
16658,2010-12-06 13:47:00,2010-12-06 13:47:00,1,123.24,368,0,123.24,1,5,5,11,Can't Lose Them,10
16659,2011-06-03 15:03:00,2011-06-03 15:03:00,1,39.12,189,0,39.12,1,5,5,11,Can't Lose Them,10
16660,2011-11-23 14:53:00,2011-01-24 12:44:00,4,1267.6499999999999,16,303,316.91249999999997,4,2,2,8,New / Promising,4
16665,2010-12-12 14:03:00,2010-12-12 14:03:00,1,135.39999999999998,362,0,135.39999999999998,1,5,5,11,Can't Lose Them,10
16666,2011-11-20 14:01:00,2011-11-20 14:01:00,1,118.98,19,0,118.98,4,5,5,14,Champions,10
16667,2011-10-02 15:26:00,2011-02-28 12:57:00,2,567.1800000000001,68,216,283.59000000000003,3,4,3,10,Needs Attention,6
16668,2011-11-24 17:43:00,2011-02-28 12:46:00,6,306.71999999999997,15,269,51.12,4,1,4,9,Needs Attention,8
16669,2011-11-16 12:26:00,2011-09-22 14:13:00,3,1348.88,24,54,449.6266666666667,4,3,2,9,Needs Attention,3
16670,2011-11-23 09:34:00,2010-12-16 10:30:00,11,4095.9,17,341,372.3545454545455,4,1,1,6,New / Promising,1
16671,2011-11-11 13:40:00,2011-06-28 11:20:00,3,1692.27,28,136,564.09,4,3,2,9,Needs Attention,3
16672,2011-12-07 16:29:00,2011-03-18 10:15:00,20,8134.9400000000005,2,264,406.747,5,1,1,7,New / Promising,1
16674,2011-10-16 11:31:00,2011-09-02 13:59:00,2,304.24,55,43,152.12,3,4,4,11,Needs Attention,8
16676,2011-11-06 12:01:00,2011-01-06 13:00:00,4,1592.1200000000001,34,303,398.03000000000003,3,2,2,7,Needs Attention,3
16678,2011-12-07 12:17:00,2011-03-02 09:24:00,12,3109.99,3,280,259.1658333333333,5,1,1,7,New / Promising,2
16679,2010-12-08 13:51:00,2010-12-08 13:51:00,1,129.75,366,0,129.75,1,5,5,11,Can't Lose Them,10
16680,2011-10-27 17:35:00,2011-10-27 17:35:00,1,183.7,43,0,183.7,3,5,5,13,Needs Attention,9
16681,2011-09-28 11:11:00,2011-03-31 13:46:00,6,1770.34,73,180,295.0566666666667,2,1,2,5,Lost / Low Value,3
16682,2011-12-05 12:13:00,2011-06-05 11:02:00,5,1028.0,5,183,205.6,5,2,2,9,New / Promising,4
16684,2011-12-05 14:06:00,2010-12-16 17:34:00,28,66653.56,4,353,2380.4842857142858,5,1,1,7,New / Promising,1
16685,2011-10-09 13:58:00,2011-10-09 13:44:00,2,324.24,61,0,162.12,3,4,4,11,Needs Attention,8
16686,2011-10-23 13:49:00,2010-12-19 14:41:00,7,2959.88,47,307,422.84000000000003,3,1,1,5,Needs Attention,2
16688,2011-12-08 15:24:00,2011-10-10 12:23:00,4,1260.86,1,59,315.215,5,2,2,9,New / Promising,4
16689,2011-09-25 11:39:00,2011-09-18 13:29:00,2,422.59999999999997,76,6,211.29999999999998,2,4,4,10,Can't Lose Them,7
16690,2011-09-28 15:02:00,2011-05-22 10:53:00,2,225.57999999999998,72,129,112.78999999999999,2,4,5,11,Can't Lose Them,9
16692,2011-03-28 14:46:00,2011-02-23 15:41:00,2,1276.0,256,32,638.0,1,4,2,7,At Risk,4
16693,2011-10-02 11:10:00,2011-03-13 11:06:00,2,477.86,69,203,238.93,3,4,4,11,Needs Attention,7
16696,2011-07-27 14:23:00,2011-04-05 15:20:00,4,657.9000000000001,135,112,164.47500000000002,2,2,3,7,Lost / Low Value,6
16697,2011-04-12 17:12:00,2011-04-12 17:12:00,1,112.75,241,0,112.75,1,5,5,11,Can't Lose Them,10
16698,2011-04-27 10:52:00,2011-03-31 13:33:00,2,1998.0,227,26,999.0,1,4,2,7,At Risk,3
16700,2011-12-01 11:00:00,2010-12-08 16:34:00,13,5076.55,9,357,390.50384615384615,5,1,1,7,New / Promising,1
16701,2011-12-01 11:10:00,2010-12-13 11:51:00,13,5398.3,9,352,415.25384615384615,5,1,1,7,New / Promising,1
16705,2011-12-09 12:08:00,2010-12-16 10:51:00,20,14034.99,1,358,701.7495,5,1,1,7,New / Promising,1
16706,2011-11-02 13:50:00,2011-08-17 15:53:00,3,531.35,37,76,177.11666666666667,3,3,3,9,Needs Attention,6
16708,2011-10-25 12:20:00,2011-10-25 12:20:00,1,656.63,46,0,656.63,3,5,3,11,Needs Attention,6
16709,2011-09-16 10:56:00,2011-03-03 10:55:00,5,3029.87,85,197,605.9739999999999,2,2,1,5,Lost / Low Value,2
16710,2011-11-20 14:50:00,2010-12-06 13:13:00,10,2467.99,19,349,246.79899999999998,4,1,1,6,New / Promising,2
16711,2011-12-06 16:32:00,2010-12-17 12:43:00,5,1651.03,3,354,330.206,5,2,2,9,New / Promising,3
16712,2011-11-30 13:48:00,2011-03-08 15:07:00,11,3611.31,9,266,328.3009090909091,5,1,1,7,New / Promising,2
16713,2011-11-21 12:36:00,2010-12-08 13:01:00,15,6910.78,19,347,460.71866666666665,4,1,1,6,New / Promising,1
16714,2011-05-05 11:09:00,2011-01-26 13:40:00,3,1129.06,219,98,376.3533333333333,1,3,2,6,At Risk,4
16715,2011-09-22 18:15:00,2011-09-22 18:15:00,1,301.71999999999997,78,0,301.71999999999997,2,5,4,11,Can't Lose Them,8
16716,2011-03-18 10:03:00,2011-02-01 15:35:00,2,901.2,267,44,450.6,1,4,3,8,At Risk,5
16717,2011-11-16 12:16:00,2010-12-08 16:48:00,6,3843.08,24,342,640.5133333333333,4,1,1,6,New / Promising,1
16718,2010-12-05 13:03:00,2010-12-05 13:03:00,1,606.0500000000001,369,0,606.0500000000001,1,5,3,9,At Risk,6
16719,2011-11-25 09:27:00,2010-12-06 12:06:00,7,1770.22,15,353,252.88857142857142,4,1,2,7,New / Promising,3
16720,2011-11-13 16:22:00,2011-11-13 16:22:00,1,152.95,26,0,152.95,4,5,5,14,Champions,10
16721,2011-03-22 16:08:00,2011-03-22 16:08:00,1,292.47,262,0,292.47,1,5,4,10,Can't Lose Them,8
16722,2011-11-22 13:28:00,2010-12-06 12:59:00,13,4730.81,17,351,363.90846153846155,4,1,1,6,New / Promising,1
16723,2011-09-09 13:01:00,2011-08-24 11:31:00,2,576.4,91,16,288.2,2,4,3,9,At Risk,6
16725,2011-02-10 16:52:00,2010-12-03 16:02:00,7,758.27,302,69,108.32428571428571,1,1,3,5,Lost / Low Value,5
16726,2011-11-13 14:53:00,2010-12-13 13:28:00,5,1358.74,26,335,271.748,4,2,2,8,New / Promising,3
16727,2010-12-10 13:48:00,2010-12-10 13:48:00,1,256.32,364,0,256.32,1,5,4,10,Can't Lose Them,8
16728,2011-10-24 14:36:00,2011-03-20 13:28:00,4,1048.28,46,218,262.07,3,2,2,7,Needs Attention,4
16729,2011-11-01 14:29:00,2011-04-12 14:22:00,21,7205.33,38,203,343.11095238095237,3,1,1,5,Needs Attention,1
16730,2011-10-18 14:11:00,2011-01-24 14:01:00,3,743.11,52,267,247.70333333333335,3,3,3,9,Needs Attention,5
16732,2011-11-08 09:54:00,2011-11-08 09:54:00,1,603.75,32,0,603.75,4,5,3,12,Loyal,6
16734,2011-10-18 13:44:00,2011-08-17 15:00:00,3,646.76,52,61,215.58666666666667,3,3,3,9,Needs Attention,6
16735,2011-09-22 11:49:00,2011-01-09 12:53:00,5,2247.41,79,255,449.48199999999997,2,2,1,5,Lost / Low Value,2
16737,2011-10-17 13:03:00,2011-10-17 13:03:00,1,417.59999999999997,53,0,417.59999999999997,3,5,4,12,Needs Attention,7
16738,2011-02-15 09:46:00,2011-02-15 09:46:00,1,3.75,298,0,3.75,1,5,5,11,Can't Lose Them,10
16739,2011-06-16 09:17:00,2011-06-16 09:17:00,1,323.0,177,0,323.0,2,5,4,11,Can't Lose Them,8
16742,2011-10-24 12:02:00,2011-10-24 12:02:00,1,464.9,47,0,464.9,3,5,4,12,Needs Attention,7
16743,2011-11-10 13:13:00,2010-12-16 12:15:00,7,2213.13,29,329,316.1614285714286,4,1,1,6,New / Promising,2
16744,2011-11-28 13:06:00,2011-06-19 15:13:00,7,1291.91,11,161,184.55857142857144,5,1,2,8,New / Promising,4
16745,2011-09-14 11:58:00,2011-02-01 11:31:00,17,7180.7,87,225,422.3941176470588,2,1,1,4,Lost / Low Value,1
16746,2011-12-05 12:33:00,2010-12-16 11:43:00,18,6680.11,5,354,371.1172222222222,5,1,1,7,New / Promising,1
16747,2011-11-02 11:37:00,2011-10-03 10:18:00,2,836.06,38,30,418.03,3,4,3,10,Needs Attention,5
16748,2011-11-22 10:17:00,2011-01-09 13:50:00,5,1515.9,18,316,303.18,4,2,2,8,New / Promising,3
16750,2011-10-26 12:48:00,2011-04-21 16:53:00,5,623.93,45,187,124.78599999999999,3,2,3,8,Needs Attention,6
16751,2011-11-09 10:48:00,2011-11-09 10:48:00,1,1764.72,31,0,1764.72,4,5,2,11,Loyal,3
16752,2010-12-02 12:18:00,2010-12-02 12:18:00,1,207.5,373,0,207.5,1,5,5,11,Can't Lose Them,9
16753,2011-10-12 13:14:00,2011-10-12 13:14:00,1,223.92000000000002,58,0,223.92000000000002,3,5,5,13,Needs Attention,9
16754,2010-12-02 17:38:00,2010-12-02 17:38:00,1,2002.4,372,0,2002.4,1,5,2,8,At Risk,3
16755,2011-08-17 13:21:00,2011-01-28 10:47:00,3,1475.43,114,201,491.81,2,3,2,7,At Risk,3
16756,2011-05-09 09:33:00,2011-05-09 09:33:00,1,239.4,215,0,239.4,1,5,5,11,Can't Lose Them,9
16757,2011-01-25 11:59:00,2011-01-25 11:59:00,1,106.83000000000001,319,0,106.83000000000001,1,5,5,11,Can't Lose Them,10
16758,2011-10-05 14:47:00,2011-10-05 14:47:00,1,369.34000000000003,65,0,369.34000000000003,3,5,4,12,Needs Attention,7
16759,2011-12-02 12:42:00,2011-11-09 09:06:00,3,789.79,8,23,263.2633333333333,5,3,3,11,Needs Attention,5
16761,2011-09-04 11:15:00,2011-09-04 11:15:00,1,316.62,97,0,316.62,2,5,4,11,Can't Lose Them,8
16762,2011-11-20 11:43:00,2011-07-18 12:52:00,3,1207.24,20,124,402.41333333333336,4,3,2,9,Needs Attention,4
16763,2011-05-25 11:52:00,2011-05-25 11:52:00,1,611.85,199,0,611.85,1,5,3,9,At Risk,6
16764,2011-12-06 11:41:00,2011-07-19 17:17:00,13,2790.9500000000003,4,139,214.68846153846155,5,1,1,7,New / Promising,2
16765,2011-02-18 15:41:00,2011-02-18 15:41:00,1,34.0,294,0,34.0,1,5,5,11,Can't Lose Them,10
16766,2011-03-11 15:22:00,2011-03-11 13:34:00,2,1145.6,273,0,572.8,1,4,2,7,At Risk,4
16767,2011-11-09 09:42:00,2011-01-27 13:38:00,11,5575.56,31,285,506.86909090909097,4,1,1,6,New / Promising,1
16768,2011-10-23 10:38:00,2011-03-13 10:25:00,3,478.09000000000003,48,224,159.36333333333334,3,3,4,10,Needs Attention,7
16769,2011-03-24 13:41:00,2011-03-24 13:41:00,1,361.54,260,0,361.54,1,5,4,10,Can't Lose Them,7
16770,2011-10-13 12:21:00,2010-12-02 15:49:00,5,757.1,58,314,151.42000000000002,3,2,3,8,Needs Attention,5
16771,2011-11-06 13:28:00,2011-01-05 13:57:00,5,2242.61,33,304,448.52200000000005,3,2,1,6,Needs Attention,2
16773,2011-10-13 14:37:00,2011-10-13 14:37:00,1,171.59,57,0,171.59,3,5,5,13,Needs Attention,9
16774,2011-10-03 12:41:00,2011-06-14 12:45:00,4,661.52,68,110,165.38,3,2,3,8,Needs Attention,6
16775,2011-11-29 15:22:00,2010-12-07 15:15:00,11,1691.51,10,357,153.77363636363637,5,1,2,8,New / Promising,3
16776,2011-10-10 13:04:00,2011-10-10 13:04:00,1,371.54,60,0,371.54,3,5,4,12,Needs Attention,7
16777,2011-09-20 13:41:00,2011-03-27 14:34:00,2,222.62,80,176,111.31,2,4,5,11,Can't Lose Them,9
16778,2011-09-26 13:48:00,2011-03-10 15:21:00,2,245.94,74,199,122.97,2,4,5,11,Can't Lose Them,9
16779,2011-12-07 14:54:00,2010-12-08 09:56:00,22,10611.720000000001,2,364,482.35090909090917,5,1,1,7,New / Promising,1
16780,2011-08-31 16:09:00,2011-03-25 17:34:00,2,422.24,100,158,211.12,2,4,4,10,Can't Lose Them,7
16781,2010-12-02 14:26:00,2010-12-02 14:26:00,1,311.25,372,0,311.25,1,5,4,10,Can't Lose Them,8
16782,2011-11-29 13:20:00,2010-12-09 11:28:00,13,2267.9500000000003,10,355,174.45769230769233,5,1,1,7,New / Promising,2
16784,2011-11-20 12:20:00,2011-11-20 12:20:00,1,107.6,20,0,107.6,4,5,5,14,Champions,10
16788,2011-08-08 14:53:00,2011-03-30 13:05:00,2,594.39,123,131,297.195,2,4,3,9,At Risk,6
16789,2011-12-01 15:12:00,2011-12-01 15:12:00,1,80.8,8,0,80.8,5,5,5,15,Champions,10
16790,2011-12-06 11:53:00,2011-11-02 11:23:00,6,1545.6200000000001,4,34,257.60333333333335,5,1,2,8,New / Promising,3
16791,2011-11-10 19:12:00,2011-01-11 15:42:00,7,1705.78,29,303,243.68285714285713,4,1,2,7,New / Promising,3
16792,2011-03-02 14:41:00,2011-03-02 14:39:00,2,110.38000000000001,282,0,55.190000000000005,1,4,5,10,Can't Lose Them,10
16793,2011-10-13 15:08:00,2011-10-13 15:08:00,1,243.84,57,0,243.84,3,5,5,13,Needs Attention,9
16794,2011-12-08 17:54:00,2011-06-12 14:15:00,10,1196.5,1,179,119.65,5,1,2,8,New / Promising,4
16795,2010-12-09 14:08:00,2010-12-09 14:08:00,1,414.88,365,0,414.88,1,5,4,10,Can't Lose Them,7
16796,2011-09-11 14:01:00,2011-09-11 14:01:00,1,305.62,89,0,305.62,2,5,4,11,Can't Lose Them,8
16800,2011-11-28 14:06:00,2011-11-28 14:06:00,1,1162.65,11,0,1162.65,5,5,2,12,Loyal,4
16801,2011-06-29 15:33:00,2011-03-11 13:56:00,4,1594.23,163,110,398.5575,2,2,2,6,Lost / Low Value,3
16803,2011-10-05 14:28:00,2011-10-05 14:28:00,1,332.3,65,0,332.3,3,5,4,12,Needs Attention,8
16804,2011-11-16 16:43:00,2011-03-14 15:48:00,3,536.99,23,247,178.99666666666667,4,3,3,10,Needs Attention,6
16805,2011-06-19 11:23:00,2010-12-14 13:35:00,2,460.59,174,186,230.295,2,4,4,10,Can't Lose Them,7
16806,2011-08-28 15:27:00,2011-04-14 19:59:00,4,762.16,103,135,190.54,2,2,3,7,Lost / Low Value,5
16807,2011-07-20 12:00:00,2011-03-14 09:46:00,3,1121.59,143,128,373.8633333333333,2,3,2,7,At Risk,4
16808,2011-09-01 19:34:00,2011-03-10 19:05:00,2,288.42,99,175,144.21,2,4,4,10,Can't Lose Them,8
16809,2011-11-16 15:45:00,2011-03-22 15:20:00,5,914.69,23,239,182.93800000000002,4,2,3,9,New / Promising,5
16810,2011-05-31 15:32:00,2011-05-31 15:32:00,1,309.54,192,0,309.54,1,5,4,10,Can't Lose Them,8
16811,2011-12-05 11:39:00,2011-11-22 17:19:00,2,547.07,5,12,273.535,5,4,3,12,Loyal,6
16812,2010-12-14 12:35:00,2010-12-14 12:35:00,1,479.35,361,0,479.35,1,5,4,10,Can't Lose Them,7
16813,2011-12-01 14:03:00,2011-05-19 13:28:00,10,1652.18,8,196,165.21800000000002,5,1,2,8,New / Promising,3
16814,2011-11-25 13:27:00,2010-12-05 11:45:00,21,6416.7,14,355,305.5571428571428,4,1,1,6,New / Promising,1
16816,2011-08-28 14:16:00,2010-12-16 17:01:00,4,417.06,103,254,104.265,2,2,4,8,Lost / Low Value,7
16817,2011-12-07 11:03:00,2010-12-06 14:19:00,9,1604.75,3,365,178.30555555555554,5,1,2,8,New / Promising,3
16818,2011-11-29 10:41:00,2011-05-18 11:42:00,11,3349.57,11,194,304.50636363636363,5,1,1,7,New / Promising,2
16820,2011-09-05 12:06:00,2011-09-05 12:06:00,1,497.61,96,0,497.61,2,5,3,10,At Risk,6
16823,2011-04-26 15:00:00,2011-04-26 15:00:00,1,358.38,227,0,358.38,1,5,4,10,Can't Lose Them,7
16824,2011-11-24 12:38:00,2011-06-28 13:36:00,2,460.64,16,148,230.32,4,4,4,12,Champions,7
16825,2011-11-01 11:51:00,2011-06-07 09:44:00,2,775.1800000000001,39,147,387.59000000000003,3,4,3,10,Needs Attention,5
16826,2011-10-19 14:05:00,2011-10-19 14:05:00,1,341.7,51,0,341.7,3,5,4,12,Needs Attention,8
16828,2011-09-07 15:10:00,2011-08-19 13:24:00,2,128.5,93,19,64.25,2,4,5,11,Can't Lose Them,10
16829,2011-07-06 10:48:00,2011-07-06 10:48:00,1,197.22,157,0,197.22,2,5,5,12,Can't Lose Them,9
16830,2011-11-01 11:35:00,2011-11-01 11:35:00,1,325.91,39,0,325.91,3,5,4,12,Needs Attention,8
16832,2011-06-08 15:36:00,2011-05-06 14:12:00,3,199.15,184,33,66.38333333333334,1,3,5,9,At Risk,9
16833,2011-12-08 14:39:00,2011-01-09 13:02:00,4,1106.53,1,333,276.6325,5,2,2,9,New / Promising,4
16834,2011-04-26 09:37:00,2011-04-26 09:37:00,1,413.46,228,0,413.46,1,5,4,10,Can't Lose Them,7
16835,2011-08-03 13:50:00,2010-12-01 17:15:00,2,180.85,128,244,90.425,2,4,5,11,Can't Lose Them,9
16836,2011-10-31 10:05:00,2011-08-15 12:38:00,2,251.87,40,76,125.935,3,4,4,11,Needs Attention,8
16837,2011-11-08 14:27:00,2011-04-08 08:48:00,11,3170.98,31,214,288.2709090909091,4,1,1,6,New / Promising,2
16838,2011-05-26 13:13:00,2011-02-24 15:01:00,2,588.85,197,90,294.425,1,4,3,8,At Risk,6
16839,2011-12-01 09:03:00,2010-12-05 11:15:00,34,16594.35,9,360,488.06911764705876,5,1,1,7,New / Promising,1
16841,2011-11-03 11:51:00,2011-02-25 12:40:00,6,1869.82,37,250,311.63666666666666,3,1,2,6,Needs Attention,3
16842,2011-08-31 10:42:00,2011-02-10 14:51:00,3,1264.19,101,201,421.3966666666667,2,3,2,7,At Risk,4
16843,2011-10-28 09:06:00,2011-01-16 16:10:00,16,10196.57,43,284,637.285625,3,1,1,5,Needs Attention,1
16846,2011-10-20 13:55:00,2011-10-20 13:55:00,1,214.32,50,0,214.32,3,5,5,13,Needs Attention,9
16847,2011-10-27 13:29:00,2011-10-27 13:29:00,1,193.44,43,0,193.44,3,5,5,13,Needs Attention,9
16848,2011-10-18 08:42:00,2011-10-18 08:42:00,1,281.42,53,0,281.42,3,5,4,12,Needs Attention,8
16849,2011-06-06 09:16:00,2011-06-06 09:16:00,1,124.57,187,0,124.57,1,5,5,11,Can't Lose Them,10
16850,2011-01-10 11:09:00,2011-01-10 11:09:00,1,332.41,334,0,332.41,1,5,4,10,Can't Lose Them,8
16851,2011-12-05 13:32:00,2011-10-19 09:48:00,3,342.45,4,47,114.14999999999999,5,3,4,12,Needs Attention,8
16852,2011-11-29 13:22:00,2011-06-16 15:49:00,2,144.91000000000003,10,165,72.45500000000001,5,4,5,14,Champions,10
16855,2011-11-16 12:03:00,2011-10-27 16:31:00,2,328.4,24,19,164.2,4,4,4,12,Champions,8
16856,2011-11-25 08:59:00,2011-11-25 08:59:00,1,35.400000000000006,15,0,35.400000000000006,4,5,5,14,Champions,10
16858,2010-12-06 09:52:00,2010-12-06 09:52:00,1,375.69000000000005,369,0,375.69000000000005,1,5,4,10,Can't Lose Them,7
16859,2011-07-18 12:19:00,2011-03-23 13:39:00,2,747.81,145,116,373.905,2,4,3,9,At Risk,5
16861,2011-10-11 09:05:00,2011-07-04 15:38:00,2,173.76,60,98,86.88,3,4,5,12,Needs Attention,9
16863,2011-11-08 15:26:00,2010-12-08 08:58:00,2,502.8,31,335,251.4,4,4,3,11,Loyal,6
16866,2011-07-22 10:06:00,2011-07-01 12:34:00,3,207.73999999999998,141,20,69.24666666666666,2,3,5,10,At Risk,9
16869,2011-11-17 12:02:00,2011-06-17 13:01:00,4,817.12,23,152,204.28,4,2,3,9,New / Promising,5
16871,2011-11-17 19:27:00,2011-03-14 10:31:00,6,2812.34,22,248,468.72333333333336,4,1,1,6,New / Promising,2
16872,2011-09-23 16:05:00,2011-06-08 14:32:00,3,680.02,77,107,226.67333333333332,2,3,3,8,At Risk,5
16873,2011-12-05 12:05:00,2010-12-10 15:45:00,6,7123.62,5,359,1187.27,5,1,1,7,New / Promising,1
16875,2011-10-03 13:39:00,2011-01-04 10:37:00,5,2095.53,67,272,419.10600000000005,3,2,1,6,Needs Attention,2
16877,2011-11-27 13:47:00,2011-05-15 16:13:00,6,846.62,12,195,141.10333333333332,5,1,3,9,New / Promising,5
16878,2011-09-16 17:39:00,2011-09-16 17:39:00,1,13.3,84,0,13.3,2,5,5,12,Can't Lose Them,10
16880,2011-11-09 11:33:00,2011-06-03 16:45:00,7,1491.43,31,158,213.0614285714286,4,1,2,7,New / Promising,3
16881,2011-10-04 10:33:00,2011-10-04 10:33:00,1,432.0,67,0,432.0,3,5,4,12,Needs Attention,7
16882,2011-10-04 10:42:00,2011-01-26 17:43:00,3,705.12,67,250,235.04,3,3,3,9,Needs Attention,5
16883,2011-06-05 12:51:00,2010-12-03 10:33:00,2,272.48,187,184,136.24,1,4,4,9,Can't Lose Them,8
16884,2011-11-02 11:52:00,2011-11-02 10:16:00,2,429.84000000000003,38,0,214.92000000000002,3,4,4,11,Needs Attention,7
16885,2011-11-24 13:40:00,2010-12-17 17:23:00,3,450.41,15,341,150.13666666666668,4,3,4,11,Needs Attention,7
16887,2011-11-04 14:07:00,2011-11-04 14:07:00,1,192.32999999999998,35,0,192.32999999999998,3,5,5,13,Needs Attention,9
16889,2011-05-29 11:05:00,2011-01-07 10:47:00,3,1578.67,195,142,526.2233333333334,1,3,2,6,At Risk,3
16891,2011-12-08 11:15:00,2010-12-03 11:35:00,5,742.43,2,369,148.486,5,2,3,10,New / Promising,5
16892,2011-12-08 13:18:00,2011-06-09 11:35:00,5,518.19,1,182,103.638,5,2,3,10,New / Promising,6
16893,2010-12-08 12:06:00,2010-12-08 12:06:00,1,145.93,367,0,145.93,1,5,5,11,Can't Lose Them,10
16895,2011-10-06 12:15:00,2011-10-06 12:15:00,1,202.27,65,0,202.27,3,5,5,13,Needs Attention,9
16897,2011-02-13 15:02:00,2011-01-30 11:52:00,2,289.78,299,14,144.89,1,4,4,9,Can't Lose Them,8
16898,2011-11-13 15:44:00,2010-12-06 12:23:00,3,501.03,26,342,167.01,4,3,3,10,Needs Attention,6
16899,2011-12-02 12:03:00,2010-12-14 13:11:00,6,1271.06,8,352,211.84333333333333,5,1,2,8,New / Promising,4
16900,2011-11-23 10:32:00,2011-10-07 13:17:00,3,887.11,17,46,295.7033333333333,4,3,3,10,Needs Attention,5
16902,2011-08-15 14:17:00,2011-08-15 14:17:00,1,1706.88,116,0,1706.88,2,5,2,9,At Risk,3
16903,2011-11-10 15:32:00,2011-11-10 15:32:00,1,363.2,29,0,363.2,4,5,4,13,Champions,7
16904,2011-12-05 13:10:00,2010-12-07 13:29:00,16,3653.75,4,362,228.359375,5,1,1,7,New / Promising,1
16905,2011-12-04 14:01:00,2010-12-03 10:43:00,7,3037.6,5,366,433.9428571428571,5,1,1,7,New / Promising,2
16906,2011-09-19 11:49:00,2011-04-05 12:30:00,4,559.59,82,166,139.8975,2,2,3,7,Lost / Low Value,6
16907,2011-11-10 18:04:00,2010-12-09 16:52:00,5,928.76,29,336,185.752,4,2,3,9,New / Promising,5
16909,2011-09-28 16:45:00,2011-09-28 16:45:00,1,379.14,72,0,379.14,2,5,4,11,Can't Lose Them,7
16910,2011-12-05 12:51:00,2011-09-09 14:14:00,8,1508.96,4,86,188.62,5,1,2,8,New / Promising,3
16912,2011-11-11 12:18:00,2011-01-20 15:42:00,11,2555.58,29,294,232.32545454545453,4,1,1,6,New / Promising,2
16913,2011-02-22 12:56:00,2011-02-22 12:56:00,1,113.44,290,0,113.44,1,5,5,11,Can't Lose Them,10
16914,2011-11-03 15:27:00,2011-11-03 15:27:00,1,183.76,36,0,183.76,3,5,5,13,Needs Attention,9
16915,2011-11-30 16:39:00,2011-03-01 09:52:00,6,621.6800000000001,9,274,103.61333333333334,5,1,3,9,New / Promising,6
16916,2011-11-16 12:08:00,2010-12-02 13:14:00,2,562.41,24,348,281.205,4,4,3,11,Loyal,6
16917,2011-03-08 11:55:00,2011-03-08 11:55:00,1,391.52,277,0,391.52,1,5,4,10,Can't Lose Them,7
16918,2011-10-21 12:50:00,2011-01-26 17:37:00,6,1068.82,50,267,178.13666666666666,3,1,2,6,Needs Attention,4
16919,2011-07-06 13:35:00,2010-12-06 12:52:00,11,2592.25,156,212,235.6590909090909,2,1,1,4,Lost / Low Value,2
16921,2011-10-09 16:22:00,2011-10-09 16:22:00,1,154.18,61,0,154.18,3,5,5,13,Needs Attention,10
16923,2011-11-27 13:00:00,2010-12-12 11:06:00,19,7069.08,12,350,372.0568421052632,5,1,1,7,New / Promising,1
16924,2011-11-18 12:53:00,2011-09-16 12:54:00,3,829.89,21,62,276.63,4,3,3,10,Needs Attention,5
16926,2010-12-03 13:42:00,2010-12-03 13:42:00,1,230.25,371,0,230.25,1,5,5,11,Can't Lose Them,9
16927,2011-08-16 11:10:00,2010-12-13 11:57:00,3,543.05,116,245,181.01666666666665,2,3,3,8,At Risk,6
16928,2011-09-20 15:10:00,2010-12-01 15:21:00,17,2814.7,80,292,165.5705882352941,2,1,1,4,Lost / Low Value,2
16929,2011-12-06 08:37:00,2011-07-07 12:39:00,7,1295.39,4,151,185.0557142857143,5,1,2,8,New / Promising,4
16930,2011-11-13 16:13:00,2011-10-02 14:25:00,3,378.89,26,42,126.29666666666667,4,3,4,11,Needs Attention,7
16931,2011-12-04 13:15:00,2010-12-05 11:40:00,21,4554.87,5,364,216.89857142857142,5,1,1,7,New / Promising,1
16932,2011-10-17 14:12:00,2011-10-17 14:12:00,1,150.23000000000002,53,0,150.23000000000002,3,5,5,13,Needs Attention,10
16933,2011-12-08 12:54:00,2011-04-14 13:33:00,2,563.23,1,237,281.615,5,4,3,12,Loyal,6
16934,2011-10-16 12:40:00,2011-10-16 12:25:00,2,931.03,55,0,465.515,3,4,3,10,Needs Attention,5
16936,2011-11-14 11:04:00,2011-11-14 11:04:00,1,261.9,26,0,261.9,4,5,4,13,Champions,8
16938,2011-12-01 10:20:00,2011-02-04 09:34:00,4,2711.6800000000003,9,300,677.9200000000001,5,2,1,8,New / Promising,2
16940,2011-10-18 13:15:00,2011-02-23 12:27:00,3,3049.88,52,237,1016.6266666666667,3,3,1,7,Needs Attention,2
16942,2011-11-27 12:40:00,2011-04-26 11:59:00,9,1904.99,13,215,211.66555555555556,5,1,2,8,New / Promising,3
16943,2011-05-12 11:57:00,2011-01-25 14:00:00,3,816.73,212,106,272.24333333333334,1,3,3,7,At Risk,5
16945,2011-11-18 11:39:00,2010-12-16 17:49:00,19,4345.5,22,336,228.71052631578948,4,1,1,6,New / Promising,1
16947,2011-04-18 09:38:00,2011-04-18 09:38:00,1,406.48,236,0,406.48,1,5,4,10,Can't Lose Them,7
16948,2011-07-24 12:46:00,2011-01-18 10:58:00,3,435.02,139,187,145.00666666666666,2,3,4,9,At Risk,7
16949,2011-12-06 11:07:00,2011-01-27 12:11:00,6,1286.27,4,312,214.37833333333333,5,1,2,8,New / Promising,4
16950,2011-10-14 09:06:00,2010-12-07 15:20:00,3,1178.56,57,310,392.8533333333333,3,3,2,8,Needs Attention,4
16951,2011-07-28 12:05:00,2011-02-08 14:58:00,3,1277.75,135,169,425.9166666666667,2,3,2,7,At Risk,4
16952,2011-08-22 13:03:00,2011-08-22 12:58:00,2,167.61,109,0,83.805,2,4,5,11,Can't Lose Them,9
16953,2011-11-09 15:54:00,2011-11-09 15:54:00,1,20.8,30,0,20.8,4,5,5,14,Champions,10
16954,2011-12-09 09:46:00,2010-12-15 10:41:00,9,2085.08,1,358,231.67555555555555,5,1,1,7,New / Promising,2
16955,2011-06-08 10:36:00,2010-12-01 13:31:00,4,518.67,185,188,129.6675,1,2,3,6,Lost / Low Value,6
16956,2011-11-22 08:56:00,2011-11-22 08:56:00,1,308.74,18,0,308.74,4,5,4,13,Champions,8
16957,2011-04-14 13:56:00,2011-03-03 09:25:00,2,416.64,239,42,208.32,1,4,4,9,Can't Lose Them,7
16959,2011-09-13 15:03:00,2011-09-13 15:03:00,1,117.35000000000001,87,0,117.35000000000001,2,5,5,12,Can't Lose Them,10
16960,2011-11-01 11:35:00,2011-04-01 11:54:00,3,507.05,39,213,169.01666666666668,3,3,3,9,Needs Attention,6
16961,2011-08-15 13:46:00,2011-08-15 13:46:00,1,234.17,116,0,234.17,2,5,5,12,Can't Lose Them,9
16963,2011-06-05 13:48:00,2011-06-05 13:48:00,1,110.55000000000001,187,0,110.55000000000001,1,5,5,11,Can't Lose Them,10
16965,2011-04-27 12:08:00,2011-04-27 12:08:00,1,201.19,227,0,201.19,1,5,5,11,Can't Lose Them,9
16966,2011-12-01 13:40:00,2011-04-13 14:17:00,7,2154.97,8,231,307.8528571428571,5,1,1,7,New / Promising,2
16967,2011-06-03 14:24:00,2011-06-03 14:24:00,1,319.02,189,0,319.02,1,5,4,10,Can't Lose Them,8
16968,2011-12-05 15:02:00,2011-08-24 10:51:00,2,439.43,4,103,219.715,5,4,4,13,Champions,7
16969,2011-10-31 13:12:00,2011-06-01 12:10:00,3,650.41,39,152,216.8033333333333,3,3,3,9,Needs Attention,6
16971,2011-11-01 15:06:00,2011-11-01 15:06:00,1,357.21,38,0,357.21,3,5,4,12,Needs Attention,7
16976,2011-03-17 16:33:00,2011-03-17 16:33:00,1,251.51999999999998,267,0,251.51999999999998,1,5,4,10,Can't Lose Them,8
16978,2011-09-23 12:50:00,2011-09-23 12:50:00,1,344.33,78,0,344.33,2,5,4,11,Can't Lose Them,8
16979,2011-12-06 12:21:00,2011-02-15 09:20:00,6,1852.0,4,294,308.6666666666667,5,1,2,8,New / Promising,3
16980,2011-03-29 16:36:00,2011-02-21 12:58:00,2,1028.46,255,36,514.23,1,4,2,7,At Risk,4
16982,2011-10-10 12:28:00,2011-10-10 12:28:00,1,384.06,61,0,384.06,3,5,4,12,Needs Attention,7
16983,2011-11-27 12:10:00,2010-12-05 12:34:00,7,1905.87,13,356,272.26714285714286,5,1,2,8,New / Promising,3
16984,2011-09-12 13:43:00,2011-08-01 17:37:00,2,4459.52,88,41,2229.76,2,4,1,7,At Risk,1
16985,2011-11-22 13:33:00,2010-12-16 10:38:00,10,5464.12,17,341,546.412,4,1,1,6,New / Promising,1
16986,2011-11-10 11:55:00,2011-11-09 15:52:00,2,1873.2,30,0,936.6,4,4,2,10,Loyal,3
16987,2011-12-06 17:26:00,2011-05-18 15:55:00,7,1616.8,3,202,230.97142857142856,5,1,2,8,New / Promising,3
16988,2011-12-04 16:02:00,2011-12-04 16:02:00,1,126.12,5,0,126.12,5,5,5,15,Champions,10
16989,2011-12-02 16:39:00,2011-07-12 09:11:00,6,1133.25,7,143,188.875,5,1,2,8,New / Promising,4
16990,2011-05-05 08:30:00,2011-05-05 08:30:00,1,179.0,219,0,179.0,1,5,5,11,Can't Lose Them,9
16992,2011-11-29 11:50:00,2011-02-28 10:37:00,5,1614.31,11,274,322.86199999999997,5,2,2,9,New / Promising,3
16996,2011-11-09 16:43:00,2010-12-21 13:22:00,6,1456.96,30,323,242.82666666666668,4,1,2,7,New / Promising,3
16997,2011-02-24 17:28:00,2011-01-18 11:51:00,3,702.0,288,37,234.0,1,3,3,7,At Risk,5
16998,2011-07-13 09:44:00,2011-02-08 15:42:00,4,295.0,150,154,73.75,2,2,4,8,Lost / Low Value,8
16999,2011-11-16 13:53:00,2011-09-26 15:43:00,2,484.82,23,50,242.41,4,4,4,12,Champions,7
17001,2011-12-09 09:38:00,2010-12-16 09:35:00,11,3989.57,1,358,362.6881818181818,5,1,1,7,New / Promising,1
17002,2011-09-15 12:40:00,2011-02-22 11:46:00,3,1493.73,86,205,497.91,2,3,2,7,At Risk,3
17004,2011-10-24 14:25:00,2011-09-08 12:16:00,2,1312.1399999999999,46,46,656.0699999999999,3,4,2,9,Needs Attention,4
17006,2011-12-05 12:09:00,2011-09-25 12:15:00,4,781.78,5,70,195.445,5,2,3,10,New / Promising,5
17007,2011-10-20 10:47:00,2010-12-17 13:57:00,6,889.9300000000001,51,306,148.3216666666667,3,1,3,7,Needs Attention,5
17010,2011-11-21 14:49:00,2011-11-21 14:49:00,1,195.36,18,0,195.36,4,5,5,14,Champions,9
17011,2011-11-09 13:30:00,2011-11-09 13:30:00,1,270.9,30,0,270.9,4,5,4,13,Champions,8
17014,2011-12-01 14:09:00,2011-10-04 11:36:00,3,583.4300000000001,8,58,194.4766666666667,5,3,3,11,Needs Attention,6
17015,2011-11-11 10:45:00,2011-06-07 13:19:00,3,1838.6100000000001,29,156,612.87,4,3,2,9,Needs Attention,3
17017,2011-12-07 09:32:00,2010-12-02 10:17:00,20,8694.26,3,369,434.713,5,1,1,7,New / Promising,1
17018,2011-10-30 11:42:00,2011-01-18 08:46:00,2,920.1,41,285,460.05,3,4,3,10,Needs Attention,5
17019,2011-11-28 13:06:00,2010-12-06 12:55:00,4,1258.08,11,357,314.52,5,2,2,9,New / Promising,4
17022,2011-11-08 17:09:00,2011-11-08 17:09:00,1,71.0,31,0,71.0,4,5,5,14,Champions,10
17024,2011-10-25 13:47:00,2011-07-05 09:31:00,3,95.85,45,112,31.95,3,3,5,11,Needs Attention,10
17025,2011-10-10 09:06:00,2010-12-01 15:45:00,3,357.77,61,312,119.25666666666666,3,3,4,10,Needs Attention,7
17026,2011-06-07 14:28:00,2010-12-05 12:47:00,2,154.82999999999998,185,184,77.41499999999999,1,4,5,10,Can't Lose Them,10
17027,2011-09-22 12:24:00,2011-01-26 14:19:00,6,877.5600000000001,79,238,146.26000000000002,2,1,3,6,Lost / Low Value,5
17029,2011-08-21 11:06:00,2011-04-17 10:57:00,2,716.0,111,126,358.0,2,4,3,9,At Risk,5
17030,2011-10-07 08:49:00,2011-10-07 08:49:00,1,146.87,64,0,146.87,3,5,5,13,Needs Attention,10
17031,2011-11-28 10:23:00,2011-07-08 09:38:00,2,380.35,12,143,190.175,5,4,4,13,Champions,7
17033,2011-09-14 14:34:00,2010-12-15 13:21:00,3,1030.14,86,273,343.38000000000005,2,3,2,7,At Risk,4
17034,2011-11-23 15:14:00,2011-02-25 10:10:00,3,745.52,16,271,248.50666666666666,4,3,3,10,Needs Attention,5
17035,2011-04-08 11:23:00,2011-02-01 12:27:00,2,433.53000000000003,246,65,216.76500000000001,1,4,4,9,Can't Lose Them,7
17037,2011-09-13 12:49:00,2011-09-13 12:49:00,1,1267.32,88,0,1267.32,2,5,2,9,At Risk,4
17038,2011-11-09 13:50:00,2011-11-09 13:50:00,1,112.4,30,0,112.4,4,5,5,14,Champions,10
17040,2011-07-25 10:19:00,2011-07-25 10:19:00,1,449.73,138,0,449.73,2,5,4,11,Can't Lose Them,7
17041,2011-11-13 11:21:00,2010-12-14 11:43:00,3,1071.49,27,333,357.16333333333336,4,3,2,9,Needs Attention,4
17042,2011-12-07 12:26:00,2011-04-06 14:53:00,5,1036.58,3,244,207.31599999999997,5,2,2,9,New / Promising,4
17043,2011-11-07 15:33:00,2011-03-18 14:53:00,4,1735.18,32,234,433.795,4,2,2,8,New / Promising,3
17044,2011-11-14 14:28:00,2011-11-14 14:28:00,1,948.48,25,0,948.48,4,5,2,11,Loyal,4
17045,2011-08-18 17:09:00,2011-04-06 12:08:00,3,339.44,113,134,113.14666666666666,2,3,4,9,At Risk,8
17046,2011-07-05 14:24:00,2011-07-05 14:24:00,1,642.02,157,0,642.02,2,5,3,10,At Risk,6
17047,2011-09-15 13:27:00,2011-05-18 16:50:00,3,1100.9,85,119,366.9666666666667,2,3,2,7,At Risk,4
17048,2011-08-14 11:49:00,2011-01-12 16:51:00,3,925.35,118,213,308.45,2,3,3,8,At Risk,5
17049,2011-12-07 10:48:00,2011-03-09 08:33:00,9,5655.03,3,273,628.3366666666666,5,1,1,7,New / Promising,1
17050,2011-09-04 13:48:00,2011-02-13 12:41:00,6,3185.64,96,203,530.9399999999999,2,1,1,4,Lost / Low Value,2
17051,2011-05-29 14:13:00,2011-05-29 14:13:00,1,240.89000000000001,194,0,240.89000000000001,1,5,5,11,Can't Lose Them,9
17052,2011-11-11 14:50:00,2011-11-11 14:50:00,1,399.09,28,0,399.09,4,5,4,13,Champions,7
17053,2011-08-01 10:23:00,2011-08-01 10:23:00,1,498.48,131,0,498.48,2,5,3,10,At Risk,6
17054,2011-11-11 12:56:00,2011-04-08 13:14:00,5,1356.33,28,216,271.26599999999996,4,2,2,8,New / Promising,3
17058,2011-09-19 10:13:00,2011-04-14 09:18:00,3,1179.89,82,158,393.2966666666667,2,3,2,7,At Risk,4
17059,2011-11-10 12:27:00,2010-12-05 12:35:00,5,3080.39,30,339,616.078,4,2,1,7,New / Promising,2
17060,2011-03-18 13:27:00,2011-03-18 13:27:00,1,234.24,266,0,234.24,1,5,5,11,Can't Lose Them,9
17061,2011-09-27 11:24:00,2011-04-21 13:29:00,11,5232.2300000000005,74,158,475.65727272727275,2,1,1,4,Lost / Low Value,1
17062,2011-01-30 11:01:00,2010-12-05 11:59:00,4,533.33,314,55,133.3325,1,2,3,6,Lost / Low Value,6
17063,2011-11-18 16:19:00,2011-02-23 13:44:00,7,1461.14,21,268,208.73428571428573,4,1,2,7,New / Promising,3
17064,2011-10-12 10:18:00,2011-01-16 16:10:00,3,855.45,59,268,285.15000000000003,3,3,3,9,Needs Attention,5
17068,2011-11-27 13:14:00,2010-12-06 13:58:00,21,4552.14,12,355,216.76857142857145,5,1,1,7,New / Promising,1
17069,2011-11-11 17:13:00,2010-12-01 16:49:00,9,2709.7000000000003,28,345,301.0777777777778,4,1,1,6,New / Promising,2
17070,2011-08-17 17:01:00,2011-08-17 17:01:00,1,304.24,114,0,304.24,2,5,4,11,Can't Lose Them,8
17071,2011-11-11 16:31:00,2011-02-03 08:18:00,9,2429.03,28,281,269.89222222222224,4,1,1,6,New / Promising,2
17073,2011-11-22 11:47:00,2011-08-22 14:37:00,4,1446.09,18,91,361.5225,4,2,2,8,New / Promising,3
17075,2011-11-22 11:58:00,2011-01-26 13:20:00,4,834.12,18,299,208.53,4,2,3,9,New / Promising,5
17076,2011-11-03 17:53:00,2010-12-10 10:08:00,3,841.0799999999999,36,328,280.35999999999996,3,3,3,9,Needs Attention,5
17078,2011-11-03 19:17:00,2011-11-03 18:49:00,2,378.2,36,0,189.1,3,4,4,11,Needs Attention,7
17079,2011-09-22 15:34:00,2011-09-22 15:34:00,1,118.80000000000001,78,0,118.80000000000001,2,5,5,12,Can't Lose Them,10
17080,2011-11-17 12:59:00,2011-03-15 12:05:00,2,287.62,22,247,143.81,4,4,4,12,Champions,8
17081,2011-11-14 12:56:00,2011-10-24 13:08:00,2,288.91,25,20,144.455,4,4,4,12,Champions,8
17082,2011-11-06 15:17:00,2011-01-25 14:36:00,2,2003.85,33,285,1001.925,3,4,2,9,Needs Attention,3
17083,2011-08-22 15:43:00,2011-02-09 11:38:00,3,1405.78,109,194,468.5933333333333,2,3,2,7,At Risk,3
17084,2011-11-04 14:54:00,2011-11-04 14:49:00,2,2747.9900000000002,35,0,1373.9950000000001,3,4,1,8,Needs Attention,2
17085,2011-08-08 14:15:00,2010-12-12 12:24:00,5,1562.4,123,239,312.48,2,2,2,6,Lost / Low Value,3
17086,2011-12-02 13:54:00,2011-10-07 11:22:00,6,2050.08,7,56,341.68,5,1,2,8,New / Promising,3
17088,2011-11-11 14:23:00,2011-03-31 09:48:00,4,1991.01,28,225,497.7525,4,2,2,8,New / Promising,3
17090,2011-12-05 13:44:00,2010-12-20 13:52:00,7,1974.65,4,349,282.09285714285716,5,1,2,8,New / Promising,3
17091,2011-12-07 10:43:00,2010-12-07 09:55:00,9,3827.76,3,365,425.3066666666667,5,1,1,7,New / Promising,1
17092,2011-10-20 19:51:00,2011-03-07 14:51:00,4,1774.03,50,227,443.5075,3,2,2,7,Needs Attention,3
17094,2011-01-21 13:09:00,2011-01-21 13:09:00,1,302.0,322,0,302.0,1,5,4,10,Can't Lose Them,8
17095,2011-11-17 12:21:00,2011-01-09 11:05:00,3,1324.16,23,312,441.3866666666667,4,3,2,9,Needs Attention,4
17096,2011-11-24 15:01:00,2011-03-23 12:05:00,4,1022.13,15,246,255.5325,4,2,2,8,New / Promising,4
17097,2011-12-07 17:05:00,2010-12-09 14:55:00,8,954.42,2,363,119.3025,5,1,2,8,New / Promising,4
17100,2011-11-21 16:36:00,2011-11-21 16:36:00,2,971.74,18,0,485.87,4,4,2,10,Loyal,4
17101,2011-11-29 13:57:00,2011-06-14 14:49:00,4,1621.73,10,167,405.4325,5,2,2,9,New / Promising,3
17102,2011-03-23 10:08:00,2011-03-23 10:08:00,1,25.5,262,0,25.5,1,5,5,11,Can't Lose Them,10
17105,2011-07-03 15:53:00,2011-02-06 14:46:00,2,665.78,159,147,332.89,2,4,3,9,At Risk,6
17107,2011-11-06 14:14:00,2011-03-06 15:17:00,6,10797.48,33,244,1799.58,3,1,1,5,Needs Attention,1
17109,2011-11-10 16:59:00,2011-04-21 15:46:00,6,881.29,29,203,146.88166666666666,4,1,3,8,New / Promising,5
17110,2011-06-27 12:58:00,2011-06-27 12:58:00,1,163.29999999999998,165,0,163.29999999999998,2,5,5,12,Can't Lose Them,9
17111,2011-10-23 15:59:00,2011-10-23 15:59:00,1,231.61,47,0,231.61,3,5,5,13,Needs Attention,9
17114,2011-12-04 12:17:00,2011-01-09 11:39:00,8,801.12,6,329,100.14,5,1,3,9,New / Promising,5
17115,2011-12-01 14:30:00,2011-04-20 14:46:00,3,837.5,8,224,279.1666666666667,5,3,3,11,Needs Attention,5
17117,2011-02-24 13:54:00,2011-02-24 13:54:00,1,116.19999999999999,288,0,116.19999999999999,1,5,5,11,Can't Lose Them,10
17118,2011-01-26 12:19:00,2011-01-26 12:19:00,1,157.02,318,0,157.02,1,5,5,11,Can't Lose Them,9
17119,2011-12-06 14:40:00,2011-10-11 11:03:00,2,606.91,3,56,303.455,5,4,3,12,Loyal,6
17120,2011-04-20 15:21:00,2011-04-20 15:21:00,1,307.46,233,0,307.46,1,5,4,10,Can't Lose Them,8
17122,2011-08-12 14:33:00,2011-08-12 14:33:00,1,138.32,119,0,138.32,2,5,5,12,Can't Lose Them,10
17123,2011-07-01 10:47:00,2011-07-01 10:47:00,1,345.29999999999995,162,0,345.29999999999995,2,5,4,11,Can't Lose Them,8
17124,2011-06-07 14:02:00,2011-06-07 14:02:00,1,294.24,185,0,294.24,1,5,4,10,Can't Lose Them,8
17125,2011-10-20 14:41:00,2011-10-20 14:41:00,1,230.5,50,0,230.5,3,5,5,13,Needs Attention,9
17126,2011-07-10 13:52:00,2010-12-12 11:26:00,5,989.45,152,210,197.89000000000001,2,2,2,6,Lost / Low Value,4
17128,2011-01-09 12:02:00,2011-01-09 12:02:00,1,157.09,335,0,157.09,1,5,5,11,Can't Lose Them,9
17131,2011-12-04 12:52:00,2011-09-25 12:42:00,5,2463.17,5,70,492.634,5,2,1,8,New / Promising,2
17133,2011-11-24 12:27:00,2011-03-18 13:47:00,7,4892.240000000001,16,250,698.8914285714287,4,1,1,6,New / Promising,1
17134,2011-08-25 09:53:00,2011-03-20 11:56:00,2,413.2,107,157,206.6,2,4,4,10,Can't Lose Them,7
17135,2011-11-23 16:48:00,2010-12-03 09:31:00,7,1139.73,16,355,162.81857142857143,4,1,2,7,New / Promising,4
17138,2011-03-09 11:54:00,2011-03-09 11:54:00,1,380.5,276,0,380.5,1,5,4,10,Can't Lose Them,7
17139,2011-11-24 10:12:00,2011-02-24 09:32:00,12,10650.77,16,273,887.5641666666667,4,1,1,6,New / Promising,1
17140,2011-04-06 13:33:00,2011-04-06 13:33:00,1,454.12,247,0,454.12,1,5,4,10,Can't Lose Them,7
17142,2011-04-14 18:22:00,2011-04-14 18:22:00,1,579.0,239,0,579.0,1,5,3,9,At Risk,6
17144,2011-12-08 17:57:00,2011-09-16 12:50:00,2,984.57,1,83,492.285,5,4,2,11,Loyal,4
17146,2011-08-26 12:44:00,2010-12-16 12:20:00,3,749.78,106,253,249.92666666666665,2,3,3,8,At Risk,5
17147,2011-11-17 12:32:00,2011-02-01 09:36:00,4,1714.59,23,289,428.6475,4,2,2,8,New / Promising,3
17148,2011-10-19 09:59:00,2011-10-19 09:59:00,1,124.88,52,0,124.88,3,5,5,13,Needs Attention,10
17152,2011-05-29 12:19:00,2011-03-21 16:20:00,3,1689.5,195,68,563.1666666666666,1,3,2,6,At Risk,3
17153,2011-11-15 13:42:00,2011-11-15 13:42:00,1,213.78,24,0,213.78,4,5,5,14,Champions,9
17154,2011-09-25 13:42:00,2011-09-25 13:42:00,1,329.34,75,0,329.34,2,5,4,11,Can't Lose Them,8
17155,2011-11-22 12:38:00,2011-06-15 10:22:00,2,251.70000000000002,18,160,125.85000000000001,4,4,4,12,Champions,8
17157,2011-12-02 09:10:00,2011-06-16 15:08:00,2,319.0,8,168,159.5,5,4,4,13,Champions,8
17158,2011-11-07 15:15:00,2010-12-14 13:03:00,3,1266.97,32,328,422.3233333333333,4,3,2,9,Needs Attention,4
17159,2011-11-18 10:52:00,2011-06-21 09:49:00,3,1538.88,22,150,512.96,4,3,2,9,Needs Attention,3
17160,2011-11-08 14:05:00,2011-04-12 12:00:00,6,3518.03,31,210,586.3383333333334,4,1,1,6,New / Promising,2
17162,2011-11-11 11:34:00,2011-02-07 12:27:00,10,1715.46,29,276,171.546,4,1,2,7,New / Promising,3
17163,2011-11-18 08:57:00,2011-09-22 15:54:00,2,293.1,22,56,146.55,4,4,4,12,Champions,8
17164,2011-11-07 09:14:00,2011-03-11 14:26:00,7,2467.35,33,240,352.4785714285714,3,1,1,5,Needs Attention,2
17165,2011-02-28 16:39:00,2011-02-28 16:39:00,1,158.68,284,0,158.68,1,5,5,11,Can't Lose Them,9
17166,2011-11-01 09:46:00,2011-05-20 08:18:00,2,206.34,39,165,103.17,3,4,5,12,Needs Attention,9
17169,2011-10-13 10:25:00,2011-06-09 13:16:00,2,835.78,58,125,417.89,3,4,3,10,Needs Attention,5
17171,2011-02-23 16:37:00,2011-02-23 16:37:00,1,224.91,289,0,224.91,1,5,5,11,Can't Lose Them,9
17172,2011-09-22 09:36:00,2011-09-22 09:36:00,1,317.76,79,0,317.76,2,5,4,11,Can't Lose Them,8
17173,2011-12-04 14:40:00,2011-07-31 15:26:00,8,3766.6,5,125,470.825,5,1,1,7,New / Promising,1
17174,2011-05-06 11:47:00,2011-05-06 11:47:00,1,59.9,218,0,59.9,1,5,5,11,Can't Lose Them,10
17175,2011-10-26 15:31:00,2011-02-16 14:56:00,4,1443.69,44,252,360.9225,3,2,2,7,Needs Attention,3
17176,2011-05-22 12:41:00,2011-05-22 12:41:00,1,306.13,202,0,306.13,1,5,4,10,Can't Lose Them,8
17179,2011-06-14 16:48:00,2010-12-13 14:24:00,3,711.79,178,183,237.26333333333332,2,3,3,8,At Risk,5
17180,2011-10-14 15:46:00,2011-01-27 18:05:00,4,783.97,56,259,195.9925,3,2,3,8,Needs Attention,5
17181,2011-10-13 14:48:00,2010-12-01 12:38:00,2,239.92000000000002,57,316,119.96000000000001,3,4,5,12,Needs Attention,9
17183,2011-12-02 10:07:00,2011-08-26 15:25:00,6,3347.31,8,97,557.885,5,1,1,7,New / Promising,2
17186,2011-10-24 10:20:00,2011-10-10 12:52:00,2,144.0,47,13,72.0,3,4,5,12,Needs Attention,10
17187,2011-04-27 12:39:00,2011-04-27 12:39:00,1,203.95,227,0,203.95,1,5,5,11,Can't Lose Them,9
17188,2011-11-28 13:53:00,2010-12-12 12:56:00,7,2474.23,11,351,353.4614285714286,5,1,1,7,New / Promising,2
17189,2011-08-25 19:39:00,2010-12-15 17:28:00,2,383.75,106,253,191.875,2,4,4,10,Can't Lose Them,7
17190,2011-10-12 11:33:00,2011-05-16 15:29:00,2,444.74,59,148,222.37,3,4,4,11,Needs Attention,7
17191,2011-11-11 16:58:00,2010-12-06 14:36:00,7,2093.68,28,340,299.09714285714284,4,1,1,6,New / Promising,2
17193,2011-11-04 12:47:00,2011-06-16 10:04:00,7,1699.3000000000002,36,141,242.7571428571429,3,1,2,6,Needs Attention,3
17194,2011-03-11 12:05:00,2010-12-14 12:06:00,2,262.62,274,86,131.31,1,4,4,9,Can't Lose Them,8
17197,2011-11-10 10:32:00,2011-11-10 10:32:00,1,1013.01,30,0,1013.01,4,5,2,11,Loyal,4
17198,2011-11-16 10:39:00,2010-12-03 14:54:00,3,692.22,24,347,230.74,4,3,3,10,Needs Attention,5
17201,2011-10-17 11:55:00,2011-10-17 11:55:00,1,289.78,54,0,289.78,3,5,4,12,Needs Attention,8
17203,2011-11-04 12:27:00,2011-10-10 14:37:00,6,3560.08,36,24,593.3466666666667,3,1,1,5,Needs Attention,2
17204,2011-06-17 14:46:00,2011-03-21 12:42:00,4,1564.56,175,88,391.14,2,2,2,6,Lost / Low Value,3
17205,2011-10-17 12:46:00,2011-10-17 12:46:00,1,384.08,54,0,384.08,3,5,4,12,Needs Attention,7
17206,2011-10-17 13:25:00,2011-10-17 13:25:00,1,204.24,53,0,204.24,3,5,5,13,Needs Attention,9
17211,2011-11-13 12:03:00,2010-12-05 12:44:00,8,2317.2200000000003,27,342,289.65250000000003,4,1,1,6,New / Promising,2
17212,2011-03-31 19:42:00,2011-03-31 19:42:00,1,226.85,253,0,226.85,1,5,5,11,Can't Lose Them,9
17213,2011-10-30 14:53:00,2010-12-08 13:03:00,7,2781.23,40,326,397.31857142857143,3,1,1,5,Needs Attention,2
17214,2011-10-10 13:17:00,2010-12-15 15:14:00,6,1059.1200000000001,60,298,176.52,3,1,2,6,Needs Attention,4
17217,2011-04-19 17:19:00,2011-04-19 17:19:00,1,113.5,234,0,113.5,1,5,5,11,Can't Lose Them,10
17218,2011-12-05 13:52:00,2010-12-06 15:25:00,10,1951.97,4,363,195.197,5,1,2,8,New / Promising,3
17219,2011-11-08 11:25:00,2011-11-08 11:25:00,1,114.23,32,0,114.23,4,5,5,14,Champions,10
17220,2011-11-15 13:47:00,2010-12-10 14:54:00,14,3187.55,24,339,227.68214285714288,4,1,1,6,New / Promising,2
17221,2011-12-02 13:35:00,2011-11-03 17:39:00,2,334.48,7,28,167.24,5,4,4,13,Champions,8
17222,2011-10-05 13:58:00,2011-10-05 13:58:00,1,328.65,65,0,328.65,3,5,4,12,Needs Attention,8
17223,2011-02-02 15:57:00,2010-12-06 14:08:00,2,416.89,310,58,208.445,1,4,4,9,Can't Lose Them,7
17226,2011-02-04 11:52:00,2011-02-04 11:52:00,1,393.49,309,0,393.49,1,5,4,10,Can't Lose Them,7
17227,2011-11-21 10:51:00,2010-12-06 11:16:00,6,939.32,19,349,156.55333333333334,4,1,2,7,New / Promising,4
17228,2011-11-24 10:24:00,2010-12-02 16:00:00,8,1906.09,16,356,238.26125,4,1,2,7,New / Promising,3
17229,2011-09-04 13:56:00,2011-07-20 12:38:00,2,318.76,96,46,159.38,2,4,4,10,Can't Lose Them,8
17230,2011-03-20 16:12:00,2010-12-15 11:22:00,8,3638.41,264,95,454.80125,1,1,1,3,Lost / Low Value,2
17231,2011-11-27 15:18:00,2010-12-13 14:16:00,10,3124.72,12,349,312.472,5,1,1,7,New / Promising,2
17232,2011-12-07 12:21:00,2011-11-25 12:24:00,2,417.77,3,11,208.885,5,4,4,13,Champions,7
17233,2011-11-04 14:06:00,2011-11-04 14:06:00,1,190.88,35,0,190.88,3,5,5,13,Needs Attention,9
17234,2011-06-10 11:20:00,2011-06-10 11:20:00,1,149.89000000000001,183,0,149.89000000000001,1,5,5,11,Can't Lose Them,10
17235,2011-11-14 15:51:00,2010-12-02 13:38:00,2,550.06,25,347,275.03,4,4,3,11,Loyal,6
17236,2011-11-27 12:00:00,2010-12-12 11:49:00,6,916.13,13,350,152.68833333333333,5,1,3,9,New / Promising,5
17237,2011-11-28 15:02:00,2011-11-17 12:55:00,2,314.69,11,11,157.345,5,4,4,13,Champions,8
17238,2011-12-07 11:35:00,2010-12-03 15:05:00,17,3719.1,3,368,218.7705882352941,5,1,1,7,New / Promising,1
17239,2011-01-31 09:41:00,2011-01-31 09:41:00,1,382.5,313,0,382.5,1,5,4,10,Can't Lose Them,7
17242,2011-08-23 14:55:00,2011-06-12 13:04:00,2,1135.04,108,72,567.52,2,4,2,8,At Risk,4
17243,2011-12-08 13:26:00,2010-12-05 10:03:00,26,8540.05,1,368,328.4634615384615,5,1,1,7,New / Promising,1
17244,2011-10-17 15:19:00,2011-10-17 15:19:00,1,954.9,53,0,954.9,3,5,2,10,Needs Attention,4
17245,2011-05-19 10:43:00,2011-05-19 10:43:00,1,171.45,205,0,171.45,1,5,5,11,Can't Lose Them,9
17247,2011-11-24 15:21:00,2011-11-24 15:21:00,1,280.09000000000003,15,0,280.09000000000003,4,5,4,13,Champions,8
17248,2011-08-11 13:34:00,2011-08-11 13:34:00,1,318.65,120,0,318.65,2,5,4,11,Can't Lose Them,8
17250,2011-12-06 12:15:00,2011-03-23 16:45:00,2,381.97,4,257,190.985,5,4,4,13,Champions,7
17251,2010-12-12 11:06:00,2010-12-12 11:06:00,1,269.83,363,0,269.83,1,5,4,10,Can't Lose Them,8
17252,2011-08-15 09:45:00,2011-06-06 16:41:00,2,348.91,117,69,174.455,2,4,4,10,Can't Lose Them,8
17253,2011-11-21 12:59:00,2011-11-21 12:59:00,1,178.26,18,0,178.26,4,5,5,14,Champions,9
17254,2011-12-05 12:46:00,2011-11-24 14:09:00,2,271.19,5,10,135.595,5,4,4,13,Champions,8
17255,2011-10-30 12:18:00,2011-02-13 15:18:00,2,291.48,41,258,145.74,3,4,4,11,Needs Attention,8
17256,2011-08-24 13:30:00,2011-01-31 14:53:00,2,240.0,107,204,120.0,2,4,5,11,Can't Lose Them,9
17259,2011-07-14 15:01:00,2010-12-06 12:55:00,2,581.23,148,220,290.615,2,4,3,9,At Risk,6
17262,2011-10-18 12:56:00,2010-12-08 13:30:00,5,1253.3600000000001,52,313,250.67200000000003,3,2,2,7,Needs Attention,4
17263,2011-05-15 14:32:00,2011-05-15 14:32:00,1,63.440000000000005,208,0,63.440000000000005,1,5,5,11,Can't Lose Them,10
17265,2011-07-24 10:49:00,2011-06-12 12:00:00,2,550.01,139,41,275.005,2,4,3,9,At Risk,6
17266,2011-12-07 14:12:00,2011-07-15 11:57:00,3,296.58,2,145,98.86,5,3,4,12,Needs Attention,8
17267,2011-08-04 17:22:00,2011-08-04 17:19:00,2,317.2,127,0,158.6,2,4,4,10,Can't Lose Them,8
17268,2011-08-24 10:06:00,2011-04-08 13:20:00,4,763.64,108,137,190.91,2,2,3,7,Lost / Low Value,5
17272,2011-10-28 16:37:00,2011-03-22 12:05:00,4,2148.63,42,220,537.1575,3,2,1,6,Needs Attention,2
17274,2011-11-04 13:16:00,2011-11-04 13:16:00,1,107.82,35,0,107.82,3,5,5,13,Needs Attention,10
17277,2011-04-26 12:47:00,2011-01-21 12:37:00,2,1065.3500000000001,228,95,532.6750000000001,1,4,2,7,At Risk,4
17278,2011-04-12 13:10:00,2011-04-12 13:10:00,1,246.04,241,0,246.04,1,5,5,11,Can't Lose Them,9
17279,2011-10-13 11:58:00,2011-10-13 11:58:00,1,187.82999999999998,58,0,187.82999999999998,3,5,5,13,Needs Attention,9
17282,2011-08-01 14:29:00,2011-02-13 11:36:00,3,1685.46,130,169,561.82,2,3,2,7,At Risk,3
17284,2011-10-10 14:38:00,2011-01-07 14:31:00,6,1647.48,60,276,274.58,3,1,2,6,Needs Attention,3
17286,2011-11-18 12:47:00,2011-11-18 12:47:00,1,151.37,22,0,151.37,4,5,5,14,Champions,10
17287,2011-11-13 13:27:00,2010-12-02 12:22:00,7,1049.06,26,346,149.8657142857143,4,1,2,7,New / Promising,4
17288,2011-11-30 16:09:00,2010-12-16 13:33:00,7,1417.63,9,349,202.51857142857145,5,1,2,8,New / Promising,3
17289,2011-11-08 12:01:00,2011-06-12 13:51:00,3,931.02,32,148,310.34,4,3,3,10,Needs Attention,5
17290,2011-12-06 12:38:00,2011-11-23 15:53:00,2,513.01,4,12,256.505,5,4,3,12,Loyal,6
17291,2011-02-04 13:04:00,2011-02-04 13:04:00,1,550.8000000000001,308,0,550.8000000000001,1,5,3,9,At Risk,6
17293,2011-12-01 14:37:00,2010-12-13 14:55:00,9,1854.06,8,352,206.00666666666666,5,1,2,8,New / Promising,3
17295,2011-11-11 10:49:00,2011-10-06 12:22:00,3,547.0,29,35,182.33333333333334,4,3,3,10,Needs Attention,6
17297,2011-11-22 14:43:00,2011-11-22 14:43:00,1,128.18,17,0,128.18,4,5,5,14,Champions,10
17298,2011-08-30 16:43:00,2011-08-07 12:21:00,2,498.42,101,23,249.21,2,4,3,9,At Risk,6
17299,2011-11-28 12:01:00,2011-06-19 16:04:00,4,656.61,12,161,164.1525,5,2,3,10,New / Promising,6
17301,2011-11-18 13:43:00,2011-11-18 13:43:00,1,163.24,21,0,163.24,4,5,5,14,Champions,9
17302,2011-11-25 09:36:00,2011-02-07 10:14:00,5,1135.63,15,290,227.12600000000003,4,2,2,8,New / Promising,4
17303,2010-12-13 13:32:00,2010-12-13 13:32:00,1,250.04,361,0,250.04,1,5,4,10,Can't Lose Them,8
17306,2011-11-29 12:14:00,2010-12-21 13:34:00,19,8631.31,11,342,454.2794736842105,5,1,1,7,New / Promising,1
17309,2011-09-05 15:20:00,2011-09-05 15:20:00,1,82.75,95,0,82.75,2,5,5,12,Can't Lose Them,10
17311,2011-09-22 14:11:00,2011-01-27 10:56:00,2,1384.85,78,238,692.425,2,4,2,8,At Risk,3
17312,2011-07-24 11:52:00,2011-07-03 13:12:00,3,644.3,139,20,214.76666666666665,2,3,3,8,At Risk,6
17313,2011-11-08 15:45:00,2011-11-08 15:45:00,1,2328.84,31,0,2328.84,4,5,1,10,Loyal,2
17314,2011-11-15 09:41:00,2011-01-31 11:25:00,8,2527.92,25,287,315.99,4,1,1,6,New / Promising,2
17315,2011-12-08 12:15:00,2010-12-17 12:24:00,38,6281.23,2,355,165.29552631578946,5,1,1,7,New / Promising,1
17317,2011-10-24 17:19:00,2011-09-11 12:45:00,3,2600.34,46,43,866.7800000000001,3,3,1,7,Needs Attention,2
17320,2011-08-31 13:31:00,2010-12-06 15:38:00,3,1200.6200000000001,100,267,400.2066666666667,2,3,2,7,At Risk,4
17321,2011-12-01 13:41:00,2011-10-03 11:34:00,2,657.16,8,59,328.58,5,4,3,12,Loyal,6
17323,2011-11-24 17:29:00,2011-02-20 14:38:00,7,906.52,15,277,129.50285714285715,4,1,3,8,New / Promising,5
17324,2011-11-22 10:34:00,2010-12-08 12:45:00,4,986.48,18,348,246.62,4,2,2,8,New / Promising,4
17325,2011-03-04 13:09:00,2011-03-04 13:09:00,1,96.8,280,0,96.8,1,5,5,11,Can't Lose Them,10
17329,2011-11-25 14:24:00,2011-01-28 15:29:00,2,523.11,14,300,261.555,4,4,3,11,Loyal,6
17330,2011-11-17 08:56:00,2011-10-03 11:26:00,2,363.9,23,44,181.95,4,4,4,12,Champions,7
17331,2011-08-08 11:55:00,2011-08-08 11:55:00,1,175.2,124,0,175.2,2,5,5,12,Can't Lose Them,9
17333,2011-09-15 10:11:00,2011-09-15 10:11:00,1,494.25,86,0,494.25,2,5,3,10,At Risk,6
17334,2011-02-10 14:59:00,2011-02-04 09:03:00,2,307.02,302,6,153.51,1,4,4,9,Can't Lose Them,8
17337,2011-07-11 14:55:00,2011-02-02 17:06:00,4,1981.06,151,158,495.265,2,2,2,6,Lost / Low Value,3
17338,2011-11-22 14:23:00,2010-12-13 12:57:00,8,6493.54,17,344,811.6925,4,1,1,6,New / Promising,1
17339,2011-09-06 13:29:00,2010-12-09 14:44:00,2,243.36,94,270,121.68,2,4,5,11,Can't Lose Them,9
17340,2011-11-10 10:45:00,2010-12-08 15:56:00,11,12353.29,30,336,1123.0263636363636,4,1,1,6,New / Promising,1
17341,2011-07-06 12:33:00,2010-12-08 12:46:00,3,682.29,157,209,227.42999999999998,2,3,3,8,At Risk,5
17343,2010-12-19 15:07:00,2010-12-19 15:07:00,1,193.64,355,0,193.64,1,5,5,11,Can't Lose Them,9
17344,2011-10-24 12:56:00,2011-10-24 12:56:00,1,157.62,46,0,157.62,3,5,5,13,Needs Attention,9
17345,2011-11-24 15:03:00,2011-05-27 12:26:00,4,519.6899999999999,15,181,129.92249999999999,4,2,3,9,New / Promising,6
17346,2011-12-06 12:18:00,2010-12-01 14:34:00,15,2622.88,4,369,174.85866666666666,5,1,1,7,New / Promising,2
17347,2011-09-14 13:12:00,2011-09-14 13:12:00,1,228.96,86,0,228.96,2,5,5,12,Can't Lose Them,9
17348,2011-11-25 11:25:00,2011-02-15 10:49:00,5,1156.6,15,283,231.32,4,2,2,8,New / Promising,4
17349,2011-06-13 14:29:00,2011-06-13 14:29:00,1,98.25,179,0,98.25,1,5,5,11,Can't Lose Them,10
17350,2011-12-01 15:47:00,2011-10-19 16:05:00,4,1281.32,8,42,320.33,5,2,2,9,New / Promising,4
17351,2011-11-03 18:45:00,2011-03-11 16:05:00,3,587.15,36,237,195.71666666666667,3,3,3,9,Needs Attention,6
17353,2011-08-02 17:19:00,2011-07-08 16:17:00,2,1740.0,129,25,870.0,2,4,2,8,At Risk,3
17354,2011-10-20 10:34:00,2011-10-20 10:34:00,1,1393.06,51,0,1393.06,3,5,2,10,Needs Attention,3
17356,2011-02-01 11:07:00,2011-02-01 11:07:00,1,178.22,312,0,178.22,1,5,5,11,Can't Lose Them,9
17357,2011-11-15 16:30:00,2011-11-15 16:29:00,2,384.39,24,0,192.195,4,4,4,12,Champions,7
17358,2011-02-09 16:57:00,2010-12-19 14:16:00,2,360.81,303,52,180.405,1,4,4,9,Can't Lose Them,7
17359,2011-11-28 14:37:00,2011-11-28 14:37:00,1,127.86,11,0,127.86,5,5,5,15,Champions,10
17360,2011-11-22 13:11:00,2011-06-08 17:09:00,3,568.24,17,166,189.41333333333333,4,3,3,10,Needs Attention,6
17361,2011-10-21 15:43:00,2011-02-21 09:55:00,3,488.2,49,242,162.73333333333332,3,3,3,9,Needs Attention,6
17362,2011-04-14 14:43:00,2011-02-03 10:26:00,2,312.23,239,70,156.115,1,4,4,9,Can't Lose Them,8
17364,2011-12-09 09:00:00,2011-01-12 16:57:00,11,4462.68,1,330,405.69818181818187,5,1,1,7,New / Promising,1
17365,2011-11-27 12:13:00,2011-01-11 12:11:00,8,4767.36,13,320,595.92,5,1,1,7,New / Promising,1
17367,2011-04-15 14:21:00,2011-04-15 14:21:00,1,167.55,238,0,167.55,1,5,5,11,Can't Lose Them,9
17368,2011-11-16 15:26:00,2011-01-06 11:57:00,8,1878.87,23,314,234.85875,4,1,2,7,New / Promising,3
17370,2011-09-28 10:14:00,2011-06-23 11:50:00,4,446.18,73,96,111.545,2,2,4,8,Lost / Low Value,7
17371,2011-11-22 13:30:00,2010-12-13 15:20:00,3,418.4,17,343,139.46666666666667,4,3,4,11,Needs Attention,7
17372,2011-10-30 11:37:00,2010-12-12 12:00:00,8,1337.18,41,321,167.1475,3,1,2,6,Needs Attention,4
17373,2011-10-30 15:28:00,2011-01-31 11:46:00,4,646.92,40,272,161.73,3,2,3,8,Needs Attention,6
17374,2011-05-05 09:05:00,2011-03-03 12:53:00,2,495.77,219,62,247.885,1,4,3,8,At Risk,6
17375,2011-05-24 15:45:00,2010-12-13 15:16:00,3,400.1,199,162,133.36666666666667,1,3,4,8,At Risk,7
17376,2011-09-30 12:36:00,2011-02-01 14:12:00,2,203.2,71,240,101.6,3,4,5,12,Needs Attention,9
17377,2011-11-16 11:17:00,2010-12-01 12:35:00,20,4058.32,24,349,202.916,4,1,1,6,New / Promising,1
17379,2011-11-28 13:56:00,2011-11-28 13:56:00,1,389.71999999999997,11,0,389.71999999999997,5,5,4,14,Champions,7
17381,2011-12-01 11:59:00,2010-12-02 12:58:00,29,20275.61,9,363,699.1589655172414,5,1,1,7,New / Promising,1
17382,2011-10-05 13:05:00,2011-10-05 13:05:00,1,65.4,65,0,65.4,3,5,5,13,Needs Attention,10
17383,2011-12-05 17:36:00,2011-12-05 17:36:00,1,193.39000000000001,4,0,193.39000000000001,5,5,5,15,Champions,9
17384,2011-11-20 15:48:00,2011-05-04 16:07:00,2,336.4,19,199,168.2,4,4,4,12,Champions,8
17385,2011-11-25 11:02:00,2011-11-25 11:02:00,1,256.11,15,0,256.11,4,5,4,13,Champions,8
17386,2011-12-02 11:28:00,2011-06-27 12:11:00,6,2686.42,8,157,447.7366666666667,5,1,1,7,New / Promising,2
17387,2011-11-20 11:00:00,2011-11-06 11:25:00,2,746.81,20,13,373.405,4,4,3,11,Loyal,5
17388,2011-09-23 10:31:00,2011-02-25 12:28:00,4,1259.56,78,209,314.89,2,2,2,6,Lost / Low Value,4
17389,2011-12-09 09:38:00,2011-01-12 15:48:00,34,31833.68,1,330,936.2847058823529,5,1,1,7,New / Promising,1
17391,2011-06-29 09:58:00,2011-06-28 12:21:00,2,508.8,164,0,254.4,2,4,3,9,At Risk,6
17392,2011-02-06 12:48:00,2010-12-16 19:04:00,2,417.27,307,51,208.635,1,4,4,9,Can't Lose Them,7
17394,2011-05-04 13:22:00,2011-05-04 13:22:00,1,203.86999999999998,219,0,203.86999999999998,1,5,5,11,Can't Lose Them,9
17396,2011-10-31 14:12:00,2010-12-03 09:45:00,8,7330.8,39,332,916.35,3,1,1,5,Needs Attention,1
17397,2011-11-17 14:08:00,2011-11-17 13:58:00,2,681.41,22,0,340.705,4,4,3,11,Loyal,5
17398,2011-08-17 09:48:00,2011-03-29 13:04:00,3,653.38,115,140,217.79333333333332,2,3,3,8,At Risk,6
17400,2011-08-05 15:38:00,2010-12-21 17:16:00,5,2097.84,126,226,419.56800000000004,2,2,1,5,Lost / Low Value,2
17402,2011-12-05 10:15:00,2010-12-05 13:53:00,13,2633.85,5,364,202.60384615384615,5,1,1,7,New / Promising,2
17403,2011-11-03 15:18:00,2011-11-03 15:18:00,1,263.92,36,0,263.92,3,5,4,12,Needs Attention,8
17404,2011-12-05 16:26:00,2010-12-14 13:28:00,15,31906.82,4,356,2127.1213333333335,5,1,1,7,New / Promising,1
17405,2011-12-08 17:12:00,2011-07-12 14:17:00,3,1031.41,1,149,343.80333333333334,5,3,2,10,Needs Attention,4
17406,2011-01-10 15:07:00,2010-12-08 10:35:00,3,2184.42,333,33,728.14,1,3,1,5,At Risk,2
17408,2011-06-29 12:53:00,2011-06-29 12:53:00,1,32.65,163,0,32.65,2,5,5,12,Can't Lose Them,10
17409,2011-06-08 10:36:00,2011-04-05 16:42:00,2,771.85,185,63,385.925,1,4,3,8,At Risk,5
17410,2011-11-23 15:46:00,2011-05-08 15:21:00,5,1214.72,16,199,242.94400000000002,4,2,2,8,New / Promising,4
17411,2011-11-27 14:25:00,2011-03-23 13:44:00,3,778.94,12,249,259.6466666666667,5,3,3,11,Needs Attention,5
17412,2011-12-07 11:36:00,2010-12-02 16:29:00,7,1258.06,3,369,179.72285714285712,5,1,2,8,New / Promising,4
17414,2011-10-27 12:13:00,2011-06-08 11:43:00,2,778.0,44,141,389.0,3,4,3,10,Needs Attention,5
17415,2011-09-21 12:50:00,2011-09-21 12:50:00,1,507.84,80,0,507.84,2,5,3,10,At Risk,6
17416,2011-11-10 12:47:00,2011-03-03 13:45:00,7,6893.42,30,251,984.7742857142857,4,1,1,6,New / Promising,1
17418,2011-10-28 13:00:00,2011-01-20 11:39:00,2,463.46000000000004,42,281,231.73000000000002,3,4,4,11,Needs Attention,7
17419,2011-11-28 13:47:00,2010-12-07 15:03:00,12,4226.57,11,355,352.21416666666664,5,1,1,7,New / Promising,1
17420,2011-10-20 14:52:00,2010-12-01 09:56:00,3,598.83,50,323,199.61,3,3,3,9,Needs Attention,6
17422,2011-11-23 13:27:00,2011-02-16 14:44:00,6,1979.37,16,279,329.895,4,1,2,7,New / Promising,3
17423,2011-10-24 13:36:00,2011-05-06 09:14:00,2,698.41,46,171,349.205,3,4,3,10,Needs Attention,5
17425,2011-11-20 15:30:00,2011-10-10 11:37:00,2,759.17,19,41,379.585,4,4,3,11,Loyal,5
17426,2011-12-01 18:07:00,2011-03-02 16:34:00,6,5037.26,8,274,839.5433333333334,5,1,1,7,New / Promising,1
17427,2011-09-29 11:29:00,2011-09-29 11:29:00,1,100.8,72,0,100.8,2,5,5,12,Can't Lose Them,10
17428,2011-12-09 09:45:00,2010-12-06 09:37:00,28,17256.85,1,368,616.3160714285714,5,1,1,7,New / Promising,1
17429,2011-08-03 13:22:00,2011-05-05 09:53:00,3,524.9200000000001,128,90,174.97333333333336,2,3,3,8,At Risk,6
17430,2011-11-07 09:24:00,2010-12-09 13:05:00,2,265.76,33,332,132.88,3,4,4,11,Needs Attention,8
17431,2011-01-30 14:36:00,2011-01-30 14:36:00,1,403.3,313,0,403.3,1,5,4,10,Can't Lose Them,7
17432,2011-11-21 17:33:00,2011-11-02 17:30:00,2,365.76,18,19,182.88,4,4,4,12,Champions,7
17433,2011-09-12 14:24:00,2011-09-12 14:24:00,1,303.15999999999997,88,0,303.15999999999997,2,5,4,11,Can't Lose Them,8
17434,2011-12-07 13:16:00,2011-09-15 13:54:00,7,2373.82,2,82,339.1171428571429,5,1,1,7,New / Promising,2
17436,2011-12-08 12:30:00,2011-04-27 11:33:00,2,216.29999999999998,2,225,108.14999999999999,5,4,5,14,Champions,9
17438,2011-03-31 10:26:00,2011-03-31 10:26:00,1,388.45000000000005,254,0,388.45000000000005,1,5,4,10,Can't Lose Them,7
17440,2011-07-06 11:54:00,2011-04-06 12:05:00,3,186.42000000000002,157,90,62.14000000000001,2,3,5,10,At Risk,9
17442,2011-11-03 09:17:00,2011-02-22 13:02:00,6,2248.56,37,253,374.76,3,1,1,5,Needs Attention,2
17443,2011-05-04 10:47:00,2011-05-04 10:47:00,1,534.24,220,0,534.24,1,5,3,9,At Risk,6
17444,2011-07-15 12:05:00,2011-06-20 09:04:00,3,2940.04,148,25,980.0133333333333,2,3,1,6,At Risk,2
17446,2011-06-16 10:42:00,2011-02-02 14:40:00,2,120.9,177,133,60.45,2,4,5,11,Can't Lose Them,10
17447,2011-10-30 14:18:00,2011-09-29 10:10:00,2,541.53,40,31,270.765,3,4,3,10,Needs Attention,6
17449,2011-12-07 16:56:00,2010-12-15 10:57:00,7,2519.21,2,357,359.88714285714286,5,1,1,7,New / Promising,2
17450,2011-12-01 13:29:00,2010-12-07 09:23:00,46,194390.79,8,359,4225.886739130435,5,1,1,7,New / Promising,1
17451,2011-12-08 15:02:00,2011-08-26 11:54:00,7,1721.4,1,104,245.91428571428574,5,1,2,8,New / Promising,3
17453,2011-11-22 09:42:00,2011-10-06 17:02:00,2,486.71999999999997,18,46,243.35999999999999,4,4,4,12,Champions,7
17454,2011-05-31 13:58:00,2010-12-15 10:54:00,4,517.53,192,167,129.3825,1,2,3,6,Lost / Low Value,6
17455,2011-05-20 12:31:00,2011-05-20 12:31:00,1,131.7,204,0,131.7,1,5,5,11,Can't Lose Them,10
17456,2010-12-09 15:23:00,2010-12-09 15:23:00,1,249.86,365,0,249.86,1,5,4,10,Can't Lose Them,8
17457,2011-08-05 12:48:00,2011-01-04 14:33:00,5,1737.7,127,212,347.54,2,2,2,6,Lost / Low Value,3
17458,2011-11-24 13:01:00,2011-11-24 13:01:00,1,316.5,15,0,316.5,4,5,4,13,Champions,8
17459,2011-10-27 13:25:00,2011-10-10 17:00:00,2,657.3,43,16,328.65,3,4,3,10,Needs Attention,6
17460,2011-09-06 15:04:00,2010-12-01 16:24:00,6,622.4300000000001,94,278,103.73833333333334,2,1,3,6,Lost / Low Value,6
17461,2011-11-17 10:21:00,2011-11-10 12:01:00,3,735.82,23,6,245.27333333333334,4,3,3,10,Needs Attention,5
17462,2011-10-10 13:56:00,2011-02-28 17:01:00,2,675.69,60,223,337.845,3,4,3,10,Needs Attention,5
17463,2011-11-23 13:40:00,2011-01-30 15:48:00,5,1875.86,16,296,375.17199999999997,4,2,2,8,New / Promising,3
17464,2011-07-04 13:19:00,2011-07-04 13:19:00,1,289.96000000000004,158,0,289.96000000000004,2,5,4,11,Can't Lose Them,8
17466,2011-11-29 13:15:00,2011-09-22 09:16:00,2,763.28,10,68,381.64,5,4,3,12,Loyal,5
17468,2011-11-29 15:33:00,2011-11-25 12:52:00,2,137.0,10,4,68.5,5,4,5,14,Champions,10
17469,2011-11-23 13:15:00,2011-05-19 08:55:00,5,1870.97,16,188,374.194,4,2,2,8,New / Promising,3
17470,2011-10-26 12:42:00,2010-12-07 09:57:00,5,1125.07,45,323,225.01399999999998,3,2,2,7,Needs Attention,4
17472,2011-06-01 14:57:00,2011-02-13 14:40:00,3,697.54,191,108,232.51333333333332,1,3,3,7,At Risk,5
17475,2011-09-21 14:55:00,2011-09-21 14:55:00,1,194.37,79,0,194.37,2,5,5,12,Can't Lose Them,9
17480,2011-09-23 11:39:00,2011-09-23 11:39:00,1,511.82,78,0,511.82,2,5,3,10,At Risk,6
17481,2011-12-06 12:28:00,2011-09-07 09:57:00,4,1255.59,4,90,313.8975,5,2,2,9,New / Promising,4
17483,2011-10-05 13:10:00,2011-06-09 19:40:00,3,414.04,65,117,138.01333333333335,3,3,4,10,Needs Attention,7
17486,2011-03-23 14:00:00,2011-03-23 14:00:00,1,396.87,261,0,396.87,1,5,4,10,Can't Lose Them,7
17489,2011-10-12 08:56:00,2011-05-11 11:34:00,2,376.64,59,153,188.32,3,4,4,11,Needs Attention,7
17490,2011-12-09 09:08:00,2011-06-16 09:15:00,7,2092.32,1,175,298.90285714285716,5,1,1,7,New / Promising,2
17491,2011-12-08 16:18:00,2010-12-07 12:18:00,10,3558.87,1,366,355.887,5,1,1,7,New / Promising,2
17492,2011-04-05 15:21:00,2011-04-05 15:21:00,1,374.57,248,0,374.57,1,5,4,10,Can't Lose Them,7
17495,2011-12-02 12:08:00,2011-11-01 12:06:00,2,497.56,8,31,248.78,5,4,3,12,Loyal,6
17496,2010-12-16 08:39:00,2010-12-16 08:39:00,1,271.05,359,0,271.05,1,5,4,10,Can't Lose Them,8
17498,2011-09-25 12:25:00,2011-09-25 12:25:00,1,272.22,76,0,272.22,2,5,4,11,Can't Lose Them,8
17499,2011-02-23 09:14:00,2011-02-23 09:14:00,1,622.88,290,0,622.88,1,5,3,9,At Risk,6
17500,2011-11-22 14:25:00,2011-11-10 09:08:00,3,1138.0,17,12,379.3333333333333,4,3,2,9,Needs Attention,4
17501,2011-05-03 09:47:00,2011-05-03 09:46:00,2,288.6,221,0,144.3,1,4,4,9,Can't Lose Them,8
17502,2011-11-30 13:13:00,2011-11-10 16:39:00,4,689.1,9,19,172.275,5,2,3,10,New / Promising,5
17503,2011-12-07 09:18:00,2011-11-01 11:12:00,2,558.96,3,35,279.48,5,4,3,12,Loyal,6
17504,2011-05-17 12:59:00,2011-01-21 11:09:00,9,2997.0299999999997,206,116,333.00333333333333,1,1,1,3,Lost / Low Value,2
17505,2011-07-01 12:50:00,2011-05-18 09:01:00,2,1145.84,162,44,572.92,2,4,2,8,At Risk,4
17506,2011-09-25 11:39:00,2011-09-25 11:39:00,1,302.2,76,0,302.2,2,5,4,11,Can't Lose Them,8
17507,2011-03-23 11:48:00,2011-02-03 18:08:00,2,605.58,262,47,302.79,1,4,3,8,At Risk,6
17508,2011-03-04 08:10:00,2011-03-04 08:10:00,1,387.31,281,0,387.31,1,5,4,10,Can't Lose Them,7
17509,2011-10-13 10:26:00,2011-10-07 13:14:00,8,6083.64,58,5,760.455,3,1,1,5,Needs Attention,1
17510,2011-11-15 10:00:00,2011-11-15 10:00:00,1,308.48,25,0,308.48,4,5,4,13,Champions,8
17511,2011-12-07 10:12:00,2010-12-01 10:19:00,31,91062.38,3,370,2937.496129032258,5,1,1,7,New / Promising,1
17512,2011-11-11 12:11:00,2011-02-11 12:22:00,10,2924.9900000000002,29,272,292.499,4,1,1,6,New / Promising,2
17513,2011-09-28 16:42:00,2011-09-28 16:42:00,1,513.2,72,0,513.2,2,5,3,10,At Risk,6
17514,2011-08-03 15:45:00,2011-08-03 15:45:00,1,208.65,128,0,208.65,2,5,5,12,Can't Lose Them,9
17515,2011-11-08 14:04:00,2011-01-25 14:33:00,4,639.02,31,286,159.755,4,2,3,9,New / Promising,6
17516,2011-11-24 16:51:00,2011-02-27 12:41:00,5,764.88,15,270,152.976,4,2,3,9,New / Promising,5
17517,2011-02-04 11:48:00,2011-02-04 11:48:00,1,153.94,309,0,153.94,1,5,5,11,Can't Lose Them,10
17519,2011-11-22 16:43:00,2010-12-06 15:18:00,6,1844.02,17,351,307.33666666666664,4,1,2,7,New / Promising,3
17520,2011-10-17 12:04:00,2011-10-17 12:04:00,1,546.81,54,0,546.81,3,5,3,11,Needs Attention,6
17521,2011-11-10 11:22:00,2011-05-24 15:14:00,3,723.2099999999999,30,169,241.06999999999996,4,3,3,10,Needs Attention,5
17522,2011-12-08 12:31:00,2011-05-05 16:31:00,5,1070.71,2,216,214.142,5,2,2,9,New / Promising,4
17523,2011-11-28 13:20:00,2011-11-20 13:40:00,4,652.74,11,7,163.185,5,2,3,10,New / Promising,6
17524,2010-12-13 14:32:00,2010-12-13 14:32:00,1,145.0,361,0,145.0,1,5,5,11,Can't Lose Them,10
17525,2010-12-15 12:05:00,2010-12-15 12:05:00,1,422.70000000000005,360,0,422.70000000000005,1,5,4,10,Can't Lose Them,7
17526,2011-12-05 11:05:00,2010-12-09 12:20:00,4,1195.8999999999999,5,360,298.97499999999997,5,2,2,9,New / Promising,4
17527,2011-10-17 12:32:00,2011-05-05 13:43:00,4,939.37,54,164,234.8425,3,2,2,7,Needs Attention,4
17528,2011-12-08 13:27:00,2011-09-29 13:04:00,8,3628.5,1,70,453.5625,5,1,1,7,New / Promising,2
17530,2011-12-08 18:42:00,2010-12-09 20:01:00,10,2367.12,1,363,236.712,5,1,1,7,New / Promising,2
17531,2011-06-02 19:17:00,2011-06-02 19:17:00,1,296.7,190,0,296.7,1,5,4,10,Can't Lose Them,8
17534,2011-10-17 12:47:00,2011-10-17 12:47:00,1,223.36,54,0,223.36,3,5,5,13,Needs Attention,9
17535,2011-03-04 15:20:00,2011-03-04 15:20:00,1,164.4,280,0,164.4,1,5,5,11,Can't Lose Them,9
17536,2011-06-15 13:23:00,2011-06-15 13:23:00,1,76.5,177,0,76.5,2,5,5,12,Can't Lose Them,10
17537,2011-11-10 10:56:00,2011-02-09 13:37:00,2,887.67,30,273,443.835,4,4,3,11,Loyal,5
17538,2011-11-14 12:12:00,2011-11-14 12:12:00,1,98.42,26,0,98.42,4,5,5,14,Champions,10
17540,2011-11-15 11:56:00,2011-01-27 14:35:00,2,578.9,25,291,289.45,4,4,3,11,Loyal,6
17542,2011-03-15 11:45:00,2011-03-15 11:45:00,1,170.75,270,0,170.75,1,5,5,11,Can't Lose Them,9
17545,2011-10-27 14:04:00,2011-10-27 13:48:00,3,642.32,43,0,214.10666666666668,3,3,3,9,Needs Attention,6
17548,2011-04-20 12:01:00,2011-04-20 12:01:00,1,103.3,234,0,103.3,1,5,5,11,Can't Lose Them,10
17549,2011-11-16 09:59:00,2011-10-19 10:05:00,2,148.86,24,27,74.43,4,4,5,13,Champions,10
17550,2011-05-26 14:09:00,2011-04-10 15:19:00,3,267.16,197,45,89.05333333333334,1,3,4,8,At Risk,8
17551,2010-12-15 14:12:00,2010-12-15 14:12:00,1,290.34,359,0,290.34,1,5,4,10,Can't Lose Them,8
17552,2011-10-10 17:00:00,2010-12-02 18:45:00,4,930.41,60,311,232.6025,3,2,3,8,Needs Attention,5
17553,2011-08-02 10:00:00,2011-08-02 10:00:00,1,1487.6,130,0,1487.6,2,5,2,9,At Risk,3
17554,2011-12-08 14:15:00,2011-07-14 20:01:00,5,1952.45,1,146,390.49,5,2,2,9,New / Promising,3
17555,2011-11-20 12:22:00,2011-01-09 12:31:00,2,480.31,20,314,240.155,4,4,4,12,Champions,7
17556,2011-05-18 10:48:00,2011-05-18 10:48:00,1,157.9,206,0,157.9,1,5,5,11,Can't Lose Them,9
17557,2011-11-25 12:57:00,2011-09-19 14:23:00,3,541.46,14,66,180.48666666666668,4,3,3,10,Needs Attention,6
17560,2011-09-06 09:18:00,2011-02-02 11:14:00,4,854.95,95,215,213.7375,2,2,3,7,Lost / Low Value,5
17561,2011-11-20 12:53:00,2011-11-20 12:53:00,1,165.12,19,0,165.12,4,5,5,14,Champions,9
17562,2011-11-25 14:21:00,2011-06-19 13:06:00,7,1122.38,14,159,160.34,4,1,2,7,New / Promising,4
17564,2011-11-15 13:27:00,2011-09-20 14:00:00,3,454.01,24,55,151.33666666666667,4,3,4,11,Needs Attention,7
17566,2011-12-01 19:54:00,2011-11-14 13:42:00,2,869.77,8,17,434.885,5,4,3,12,Loyal,5
17567,2011-12-02 15:48:00,2010-12-02 15:18:00,8,4331.48,7,365,541.435,5,1,1,7,New / Promising,1
17569,2011-01-11 14:15:00,2011-01-11 14:15:00,1,344.14,332,0,344.14,1,5,4,10,Can't Lose Them,8
17571,2011-10-20 15:57:00,2011-02-14 15:15:00,4,1425.67,50,248,356.4175,3,2,2,7,Needs Attention,3
17572,2011-09-29 17:53:00,2010-12-01 12:51:00,4,226.75000000000003,71,302,56.68750000000001,3,2,5,10,Needs Attention,9
17573,2011-11-10 13:01:00,2011-09-07 10:36:00,3,380.6,29,64,126.86666666666667,4,3,4,11,Needs Attention,7
17574,2011-04-11 09:47:00,2011-04-11 09:47:00,1,185.65,243,0,185.65,1,5,5,11,Can't Lose Them,9
17576,2011-12-01 17:56:00,2010-12-09 16:57:00,19,3564.83,8,357,187.62263157894736,5,1,1,7,New / Promising,2
17578,2011-05-05 18:38:00,2011-05-05 18:38:00,1,143.45999999999998,218,0,143.45999999999998,1,5,5,11,Can't Lose Them,10
17579,2011-12-05 12:28:00,2011-06-13 14:12:00,3,448.90000000000003,5,174,149.63333333333335,5,3,4,12,Needs Attention,7
17580,2011-04-01 12:41:00,2010-12-16 15:27:00,3,215.72,253,105,71.90666666666667,1,3,5,9,At Risk,9
17581,2011-12-09 12:21:00,2010-12-02 14:47:00,25,11025.24,1,371,441.0096,5,1,1,7,New / Promising,1
17582,2011-04-17 13:18:00,2011-04-17 13:18:00,1,175.27,236,0,175.27,1,5,5,11,Can't Lose Them,9
17584,2011-12-02 17:12:00,2011-08-04 14:12:00,2,1242.3,7,120,621.15,5,4,2,11,Loyal,4
17585,2011-08-22 13:30:00,2011-01-05 15:09:00,4,1116.68,109,228,279.17,2,2,2,6,Lost / Low Value,4
17588,2011-08-31 13:37:00,2011-04-21 10:31:00,3,1240.2,100,132,413.40000000000003,2,3,2,7,At Risk,4
17589,2011-10-10 16:58:00,2011-04-13 13:47:00,4,2404.17,60,180,601.0425,3,2,1,6,Needs Attention,2
17590,2011-12-07 12:55:00,2011-10-30 14:05:00,3,1468.02,2,37,489.34,5,3,2,10,Needs Attention,3
17591,2011-09-27 13:42:00,2010-12-07 15:39:00,7,2203.67,73,293,314.81,2,1,1,4,Lost / Low Value,2
17593,2011-12-06 10:30:00,2010-12-22 10:29:00,5,3923.86,4,349,784.772,5,2,1,8,New / Promising,1
17594,2011-09-15 16:34:00,2011-03-30 10:32:00,2,993.18,85,169,496.59,2,4,2,8,At Risk,4
17595,2011-11-27 16:08:00,2011-11-02 16:19:00,2,386.69,12,24,193.345,5,4,4,13,Champions,7
17596,2011-11-16 14:11:00,2010-12-06 12:34:00,7,2806.69,23,345,400.9557142857143,4,1,1,6,New / Promising,2
17597,2011-05-10 11:54:00,2011-05-10 11:54:00,1,2044.3700000000001,214,0,2044.3700000000001,1,5,2,8,At Risk,3
17600,2011-11-22 09:43:00,2011-11-22 09:43:00,1,161.67000000000002,18,0,161.67000000000002,4,5,5,14,Champions,9
17601,2011-04-14 18:02:00,2011-04-14 18:02:00,1,116.00999999999999,239,0,116.00999999999999,1,5,5,11,Can't Lose Them,10
17602,2011-12-07 13:53:00,2011-01-19 16:18:00,6,5054.42,2,321,842.4033333333333,5,1,1,7,New / Promising,1
17603,2011-09-22 14:18:00,2011-09-22 14:18:00,1,394.72,78,0,394.72,2,5,4,11,Can't Lose Them,7
17604,2011-05-06 13:43:00,2011-01-31 15:09:00,2,309.36,217,94,154.68,1,4,4,9,Can't Lose Them,8
17608,2011-11-06 13:06:00,2011-11-06 13:00:00,2,191.99,33,0,95.995,3,4,5,12,Needs Attention,9
17609,2011-10-30 12:28:00,2011-01-16 16:23:00,5,1105.78,41,286,221.156,3,2,2,7,Needs Attention,4
17611,2011-12-02 13:29:00,2010-12-13 13:52:00,15,3961.12,7,353,264.07466666666664,5,1,1,7,New / Promising,1
17612,2011-10-17 14:59:00,2011-02-15 10:40:00,6,2048.45,53,244,341.4083333333333,3,1,2,6,Needs Attention,3
17613,2011-11-17 10:51:00,2011-02-07 11:20:00,14,4544.55,23,282,324.6107142857143,4,1,1,6,New / Promising,1
17614,2011-10-13 16:01:00,2011-10-13 16:01:00,1,386.32,57,0,386.32,3,5,4,12,Needs Attention,7
17615,2011-08-01 14:06:00,2011-05-01 15:33:00,3,329.6,130,91,109.86666666666667,2,3,4,9,At Risk,8
17616,2011-06-19 10:11:00,2010-12-07 10:04:00,3,571.1999999999999,174,194,190.39999999999998,2,3,3,8,At Risk,6
17618,2011-12-04 11:50:00,2010-12-12 16:05:00,3,930.28,6,356,310.0933333333333,5,3,3,11,Needs Attention,5
17619,2011-01-31 14:18:00,2011-01-31 14:18:00,1,214.37,312,0,214.37,1,5,5,11,Can't Lose Them,9
17620,2011-10-11 12:08:00,2011-10-11 12:08:00,1,81.44,60,0,81.44,3,5,5,13,Needs Attention,10
17621,2011-11-18 17:11:00,2010-12-20 13:31:00,3,1379.9,21,333,459.9666666666667,4,3,2,9,Needs Attention,3
17623,2011-11-07 11:32:00,2011-11-07 11:32:00,1,527.0500000000001,33,0,527.0500000000001,3,5,3,11,Needs Attention,6
17624,2011-11-25 10:52:00,2011-05-05 17:59:00,2,843.48,15,203,421.74,4,4,3,11,Loyal,5
17625,2011-11-21 13:36:00,2011-03-27 12:21:00,4,2020.4,18,239,505.1,4,2,2,8,New / Promising,3
17628,2011-09-19 15:21:00,2011-09-19 15:21:00,1,75.75,81,0,75.75,2,5,5,12,Can't Lose Them,10
17629,2011-12-04 10:56:00,2010-12-15 09:58:00,8,1814.12,6,354,226.765,5,1,2,8,New / Promising,3
17630,2011-06-23 11:58:00,2011-04-21 14:03:00,2,503.59999999999997,170,62,251.79999999999998,2,4,3,9,At Risk,6
17631,2011-12-08 09:47:00,2011-04-21 13:22:00,3,528.33,2,230,176.11,5,3,3,11,Needs Attention,6
17633,2011-11-08 13:25:00,2011-08-11 15:43:00,4,1324.84,31,88,331.21,4,2,2,8,New / Promising,4
17634,2011-11-03 13:09:00,2011-01-06 12:45:00,9,2358.59,36,301,262.0655555555556,3,1,1,5,Needs Attention,2
17636,2011-11-20 14:40:00,2011-11-20 14:40:00,1,285.56,19,0,285.56,4,5,4,13,Champions,8
17637,2011-11-08 12:51:00,2011-08-16 13:25:00,2,547.0600000000001,31,83,273.53000000000003,4,4,3,11,Loyal,6
17639,2011-03-08 15:22:00,2011-03-08 15:22:00,1,108.5,276,0,108.5,1,5,5,11,Can't Lose Them,10
17640,2011-09-14 09:13:00,2011-09-14 09:13:00,1,621.66,87,0,621.66,2,5,3,10,At Risk,6
17642,2011-08-12 09:11:00,2011-06-16 12:55:00,2,712.29,120,56,356.145,2,4,3,9,At Risk,5
17643,2010-12-01 14:38:00,2010-12-01 14:38:00,1,101.55,373,0,101.55,1,5,5,11,Can't Lose Them,10
17644,2011-12-08 13:43:00,2011-03-24 09:44:00,11,2895.64,1,259,263.24,5,1,1,7,New / Promising,2
17646,2011-05-04 13:17:00,2010-12-09 14:28:00,3,1008.39,219,145,336.13,1,3,2,6,At Risk,4
17647,2011-10-05 15:38:00,2011-10-05 15:38:00,1,133.06,65,0,133.06,3,5,5,13,Needs Attention,10
17648,2011-10-10 09:41:00,2011-04-04 10:29:00,4,1797.5,61,188,449.375,3,2,2,7,Needs Attention,3
17649,2011-07-24 15:53:00,2011-07-24 15:53:00,1,868.49,138,0,868.49,2,5,3,10,At Risk,5
17650,2011-11-18 14:52:00,2011-11-18 14:52:00,1,166.08,21,0,166.08,4,5,5,14,Champions,9
17651,2011-11-28 10:29:00,2011-06-15 15:57:00,10,3945.0,12,165,394.5,5,1,1,7,New / Promising,1
17652,2011-11-14 12:55:00,2011-03-03 14:05:00,12,4867.72,25,255,405.6433333333334,4,1,1,6,New / Promising,1
17653,2011-11-03 12:46:00,2011-08-11 15:24:00,4,1207.56,37,83,301.89,3,2,2,7,Needs Attention,4
17654,2011-03-07 13:17:00,2011-03-07 13:17:00,1,117.55,277,0,117.55,1,5,5,11,Can't Lose Them,10
17655,2011-11-29 11:34:00,2010-12-08 16:45:00,7,2638.94,11,355,376.99142857142857,5,1,1,7,New / Promising,2
17656,2011-09-27 13:04:00,2011-08-03 10:45:00,5,1674.69,73,55,334.938,2,2,2,6,Lost / Low Value,3
17658,2011-11-14 12:07:00,2011-05-12 15:23:00,2,595.42,26,185,297.71,4,4,3,11,Loyal,6
17659,2011-11-22 13:29:00,2010-12-02 16:46:00,12,2999.46,17,354,249.955,4,1,1,6,New / Promising,2
17660,2011-07-21 13:37:00,2011-07-21 13:37:00,1,178.75,141,0,178.75,2,5,5,12,Can't Lose Them,9
17663,2011-11-14 08:56:00,2011-02-25 14:11:00,7,1802.91,26,261,257.55857142857144,4,1,2,7,New / Promising,3
17664,2011-11-21 11:29:00,2011-05-11 14:17:00,2,604.64,19,193,302.32,4,4,3,11,Loyal,6
17666,2011-12-06 09:06:00,2011-10-05 11:06:00,2,728.16,4,61,364.08,5,4,3,12,Loyal,5
17667,2011-10-04 14:32:00,2011-02-14 09:24:00,5,2055.51,66,232,411.10200000000003,3,2,1,6,Needs Attention,2
17668,2011-12-08 13:25:00,2011-11-01 14:45:00,2,347.75,1,36,173.875,5,4,4,13,Champions,8
17669,2011-10-28 08:53:00,2011-04-04 10:11:00,7,3406.7200000000003,43,206,486.67428571428576,3,1,1,5,Needs Attention,2
17670,2011-04-26 09:12:00,2011-04-26 09:12:00,1,205.7,228,0,205.7,1,5,5,11,Can't Lose Them,9
17671,2011-11-24 12:21:00,2010-12-09 14:27:00,4,1572.71,16,349,393.1775,4,2,2,8,New / Promising,3
17672,2011-10-20 14:18:00,2011-02-03 13:29:00,2,3178.17,50,259,1589.085,3,4,1,8,Needs Attention,2
17673,2011-12-08 12:50:00,2011-01-23 15:16:00,6,1594.97,2,318,265.8283333333333,5,1,2,8,New / Promising,3
17674,2011-09-26 13:35:00,2010-12-06 10:20:00,2,551.04,74,294,275.52,2,4,3,9,At Risk,6
17675,2011-12-08 18:03:00,2010-12-07 13:22:00,31,20374.28,1,366,657.2348387096774,5,1,1,7,New / Promising,1
17676,2011-12-05 15:16:00,2010-12-08 13:49:00,6,1371.18,4,362,228.53,5,1,2,8,New / Promising,3
17677,2011-12-08 09:56:00,2010-12-06 08:42:00,30,16345.38,2,367,544.846,5,1,1,7,New / Promising,1
17678,2011-03-21 11:52:00,2011-03-21 11:52:00,1,298.11,264,0,298.11,1,5,4,10,Can't Lose Them,8
17679,2011-10-18 07:43:00,2011-09-15 10:35:00,2,1992.1100000000001,53,32,996.0550000000001,3,4,2,9,Needs Attention,3
17680,2011-11-16 12:42:00,2011-11-16 12:42:00,1,184.4,24,0,184.4,4,5,5,14,Champions,9
17682,2011-11-29 15:59:00,2010-12-06 13:35:00,6,2474.33,10,358,412.3883333333333,5,1,1,7,New / Promising,2
17684,2011-10-27 11:10:00,2011-10-27 11:10:00,1,239.41,44,0,239.41,3,5,5,13,Needs Attention,9
17685,2011-11-23 11:36:00,2010-12-02 14:42:00,7,3155.83,17,355,450.8328571428571,4,1,1,6,New / Promising,2
17686,2011-12-02 15:39:00,2011-02-10 10:18:00,7,5739.46,7,295,819.9228571428572,5,1,1,7,New / Promising,1
17690,2011-11-09 15:17:00,2010-12-01 16:15:00,15,4726.8,30,342,315.12,4,1,1,6,New / Promising,1
17691,2010-12-16 17:20:00,2010-12-06 11:10:00,2,290.40000000000003,358,10,145.20000000000002,1,4,4,9,Can't Lose Them,8
17692,2011-08-04 14:01:00,2010-12-15 13:37:00,4,740.9399999999999,127,232,185.23499999999999,2,2,3,7,Lost / Low Value,5
17693,2011-07-25 15:48:00,2011-07-25 15:48:00,1,200.47,137,0,200.47,2,5,5,12,Can't Lose Them,9
17694,2011-07-21 12:00:00,2011-07-21 12:00:00,1,283.12,142,0,283.12,2,5,4,11,Can't Lose Them,8
17695,2011-07-31 10:40:00,2011-06-21 12:35:00,2,765.34,132,39,382.67,2,4,3,9,At Risk,5
17696,2011-11-01 13:43:00,2010-12-10 09:51:00,8,2285.71,38,326,285.71375,3,1,1,5,Needs Attention,2
17697,2011-04-17 15:40:00,2011-04-17 15:40:00,1,338.95,236,0,338.95,1,5,4,10,Can't Lose Them,8
17698,2011-03-24 11:34:00,2011-03-24 11:34:00,1,154.95,261,0,154.95,1,5,5,11,Can't Lose Them,10
17700,2011-11-23 11:51:00,2011-03-03 16:34:00,4,2534.64,17,264,633.66,4,2,1,7,New / Promising,2
17701,2011-04-01 12:25:00,2011-04-01 12:25:00,1,417.95,253,0,417.95,1,5,4,10,Can't Lose Them,7
17702,2011-11-09 16:03:00,2011-05-17 16:23:00,4,1824.37,30,175,456.0925,4,2,2,8,New / Promising,3
17703,2011-11-04 15:51:00,2011-07-24 13:30:00,3,798.74,35,103,266.24666666666667,3,3,3,9,Needs Attention,5
17704,2011-06-24 09:40:00,2011-04-14 09:28:00,2,885.19,169,71,442.595,2,4,3,9,At Risk,5
17705,2011-12-06 13:45:00,2011-02-11 10:57:00,9,1823.52,3,298,202.61333333333334,5,1,2,8,New / Promising,3
17706,2011-12-05 13:34:00,2010-12-08 11:02:00,17,10504.49,4,362,617.9111764705882,5,1,1,7,New / Promising,1
17707,2011-06-07 15:03:00,2011-01-07 13:30:00,2,152.4,185,151,76.2,1,4,5,10,Can't Lose Them,10
17708,2011-06-05 10:12:00,2011-01-19 10:09:00,2,263.33,188,137,131.665,1,4,4,9,Can't Lose Them,8
17709,2011-06-23 11:55:00,2011-06-23 11:55:00,1,137.45,170,0,137.45,2,5,5,12,Can't Lose Them,10
17711,2011-11-29 11:40:00,2011-02-23 11:32:00,2,385.1,11,279,192.55,5,4,4,13,Champions,7
17712,2011-10-26 12:28:00,2011-10-26 12:28:00,1,522.91,45,0,522.91,3,5,3,11,Needs Attention,6
17714,2011-01-23 10:32:00,2011-01-23 10:32:00,1,153.0,321,0,153.0,1,5,5,11,Can't Lose Them,10
17715,2011-05-23 12:32:00,2011-05-23 12:32:00,1,326.4,201,0,326.4,1,5,4,10,Can't Lose Them,8
17716,2011-11-17 12:00:00,2011-03-17 10:38:00,11,5655.99,23,245,514.180909090909,4,1,1,6,New / Promising,1
17718,2011-04-21 13:39:00,2011-04-21 13:39:00,1,139.35,232,0,139.35,1,5,5,11,Can't Lose Them,10
17719,2011-11-02 10:36:00,2011-03-29 11:29:00,15,5396.04,38,217,359.736,3,1,1,5,Needs Attention,1
17720,2011-11-13 15:04:00,2010-12-07 10:43:00,4,1195.94,26,341,298.985,4,2,2,8,New / Promising,4
17722,2011-09-04 15:22:00,2010-12-08 12:41:00,4,2424.04,96,270,606.01,2,2,1,5,Lost / Low Value,2
17723,2011-08-04 18:37:00,2011-05-09 14:44:00,6,3276.4000000000005,127,87,546.0666666666667,2,1,1,4,Lost / Low Value,2
17724,2011-09-29 15:26:00,2011-07-24 13:26:00,3,1033.0,71,67,344.3333333333333,3,3,2,8,Needs Attention,4
17725,2011-11-23 16:34:00,2011-03-17 19:47:00,11,3439.08,16,250,312.64363636363635,4,1,1,6,New / Promising,2
17727,2011-11-24 17:06:00,2011-11-24 17:06:00,1,1060.25,15,0,1060.25,4,5,2,11,Loyal,4
17728,2011-12-06 08:52:00,2011-09-14 11:39:00,3,2876.01,4,82,958.6700000000001,5,3,1,9,Needs Attention,2
17730,2011-12-06 15:43:00,2011-01-17 14:49:00,13,5298.4800000000005,3,323,407.5753846153847,5,1,1,7,New / Promising,1
17731,2011-09-21 15:02:00,2011-06-09 14:18:00,4,1240.11,79,104,310.0275,2,2,2,6,Lost / Low Value,4
17732,2010-12-02 09:29:00,2010-12-02 09:29:00,1,303.97,373,0,303.97,1,5,4,10,Can't Lose Them,8
17733,2011-11-01 08:16:00,2011-03-23 09:54:00,2,692.19,39,222,346.095,3,4,3,10,Needs Attention,5
17734,2011-10-17 12:33:00,2011-04-20 10:04:00,3,700.63,54,180,233.54333333333332,3,3,3,9,Needs Attention,5
17735,2011-12-07 16:47:00,2010-12-07 10:32:00,19,13110.02,2,365,690.001052631579,5,1,1,7,New / Promising,1
17736,2011-11-30 15:36:00,2011-08-18 14:33:00,3,377.44,9,104,125.81333333333333,5,3,4,12,Needs Attention,7
17737,2011-11-30 15:16:00,2011-10-12 14:42:00,2,168.24,9,49,84.12,5,4,5,14,Champions,9
17738,2011-11-20 15:05:00,2011-03-02 16:26:00,4,1879.05,19,262,469.7625,4,2,2,8,New / Promising,3
17739,2011-11-28 09:12:00,2010-12-14 14:26:00,7,2791.35,12,348,398.7642857142857,5,1,1,7,New / Promising,2
17742,2011-08-18 15:28:00,2011-01-11 10:04:00,2,355.11,113,219,177.555,2,4,4,10,Can't Lose Them,7
17744,2011-12-06 12:11:00,2010-12-16 14:17:00,6,2322.4,4,354,387.06666666666666,5,1,1,7,New / Promising,2
17746,2011-04-13 14:31:00,2011-04-13 14:31:00,1,110.25,240,0,110.25,1,5,5,11,Can't Lose Them,10
17747,2011-08-19 08:13:00,2011-08-19 08:13:00,1,71.4,113,0,71.4,2,5,5,12,Can't Lose Them,10
17749,2011-06-14 15:45:00,2011-03-28 13:39:00,2,674.52,178,78,337.26,2,4,3,9,At Risk,5
17750,2011-12-04 14:09:00,2011-06-28 15:44:00,9,1710.45,5,158,190.05,5,1,2,8,New / Promising,3
17752,2010-12-15 16:19:00,2010-12-15 16:19:00,1,80.64,359,0,80.64,1,5,5,11,Can't Lose Them,10
17754,2011-12-09 11:20:00,2011-03-24 13:54:00,5,1664.65,1,259,332.93,5,2,2,9,New / Promising,3
17757,2011-12-08 15:31:00,2010-12-02 17:17:00,30,5593.39,1,370,186.44633333333334,5,1,1,7,New / Promising,1
17758,2011-11-20 14:45:00,2011-04-03 15:22:00,8,3408.2000000000003,19,230,426.02500000000003,4,1,1,6,New / Promising,2
17759,2011-11-22 16:02:00,2011-06-23 13:35:00,3,819.96,17,152,273.32,4,3,3,10,Needs Attention,5
17760,2011-11-18 10:56:00,2010-12-01 15:08:00,2,287.59,22,351,143.795,4,4,4,12,Champions,8
17761,2011-11-07 10:23:00,2011-11-07 10:23:00,1,712.78,33,0,712.78,3,5,3,11,Needs Attention,5
17763,2011-03-21 14:25:00,2011-03-21 14:25:00,1,15.0,263,0,15.0,1,5,5,11,Can't Lose Them,10
17764,2011-10-20 11:03:00,2011-05-12 16:11:00,2,772.55,51,160,386.275,3,4,3,10,Needs Attention,5
17765,2011-07-04 12:41:00,2011-03-28 11:58:00,3,367.63,159,98,122.54333333333334,2,3,4,9,At Risk,7
17767,2011-11-24 14:42:00,2011-11-24 14:42:00,1,271.2,15,0,271.2,4,5,4,13,Champions,8
17768,2011-12-01 13:22:00,2011-06-26 13:46:00,3,2081.9,8,157,693.9666666666667,5,3,1,9,Needs Attention,2
17769,2011-11-27 11:18:00,2011-01-23 11:15:00,10,3957.43,13,308,395.743,5,1,1,7,New / Promising,1
17770,2011-05-25 12:34:00,2011-03-02 13:35:00,5,1143.27,199,83,228.654,1,2,2,5,Lost / Low Value,4
17771,2011-10-14 11:43:00,2011-01-20 14:13:00,2,245.81,57,266,122.905,3,4,5,12,Needs Attention,9
17772,2011-11-29 11:05:00,2011-11-29 10:57:00,2,173.45,11,0,86.725,5,4,5,14,Champions,9
17774,2011-09-04 12:49:00,2011-02-07 13:13:00,4,1213.73,97,208,303.4325,2,2,2,6,Lost / Low Value,4
17775,2011-03-30 10:50:00,2011-03-30 10:50:00,1,56.4,255,0,56.4,1,5,5,11,Can't Lose Them,10
17777,2011-11-15 12:02:00,2011-08-31 14:35:00,3,647.56,25,75,215.85333333333332,4,3,3,10,Needs Attention,6
17779,2011-11-18 14:15:00,2011-07-19 12:19:00,3,650.32,21,122,216.77333333333334,4,3,3,10,Needs Attention,6
17781,2011-07-03 16:00:00,2011-03-31 19:54:00,2,188.02,159,93,94.01,2,4,5,11,Can't Lose Them,9
17783,2011-09-28 16:07:00,2011-04-06 10:07:00,2,283.47,72,175,141.735,2,4,4,10,Can't Lose Them,8
17785,2011-10-17 13:43:00,2011-10-17 13:43:00,1,131.94,53,0,131.94,3,5,5,13,Needs Attention,10
17786,2011-09-15 12:51:00,2011-01-26 14:35:00,2,266.85,85,231,133.425,2,4,4,10,Can't Lose Them,8
17787,2011-07-10 11:24:00,2010-12-03 13:43:00,4,1817.54,153,218,454.385,2,2,2,6,Lost / Low Value,3
17788,2011-09-27 10:09:00,2011-08-02 10:38:00,2,1117.9,74,55,558.95,2,4,2,8,At Risk,4
17789,2011-03-03 13:14:00,2011-03-03 13:14:00,1,225.9,281,0,225.9,1,5,5,11,Can't Lose Them,9
17790,2011-11-13 11:30:00,2010-12-10 10:47:00,14,1964.3,27,338,140.30714285714285,4,1,2,7,New / Promising,3
17791,2011-11-10 12:09:00,2011-11-10 12:09:00,1,106.1,30,0,106.1,4,5,5,14,Champions,10
17793,2011-11-14 14:24:00,2011-11-14 14:24:00,1,300.34,25,0,300.34,4,5,4,13,Champions,8
17795,2011-06-13 12:36:00,2011-03-20 12:02:00,2,342.83,180,85,171.415,1,4,4,9,Can't Lose Them,8
17796,2011-10-30 15:38:00,2010-12-05 12:23:00,4,690.0,40,329,172.5,3,2,3,8,Needs Attention,5
17797,2011-11-17 13:21:00,2011-06-10 11:29:00,3,780.43,22,160,260.1433333333333,4,3,3,10,Needs Attention,5
17799,2011-11-17 15:16:00,2010-12-13 13:10:00,10,3039.17,22,339,303.91700000000003,4,1,1,6,New / Promising,2
17800,2011-11-02 12:57:00,2011-01-09 13:50:00,9,1187.21,37,296,131.91222222222223,3,1,2,6,Needs Attention,4
17802,2011-09-18 14:56:00,2010-12-02 13:44:00,3,1285.04,82,290,428.34666666666664,2,3,2,7,At Risk,4
17805,2011-09-27 11:49:00,2011-09-27 11:49:00,1,512.31,74,0,512.31,2,5,3,10,At Risk,6
17806,2011-11-28 14:12:00,2011-11-28 14:12:00,1,546.04,11,0,546.04,5,5,3,13,Loyal,6
17809,2011-11-23 12:59:00,2010-12-01 09:41:00,12,5411.91,16,357,450.9925,4,1,1,6,New / Promising,1
17811,2011-12-05 13:46:00,2011-01-10 10:58:00,39,7761.82,4,329,199.02102564102563,5,1,1,7,New / Promising,1
17812,2011-11-27 11:47:00,2010-12-06 15:27:00,4,699.81,13,355,174.9525,5,2,3,10,New / Promising,5
17813,2011-11-25 16:13:00,2011-09-29 15:57:00,5,1698.07,14,57,339.614,4,2,2,8,New / Promising,3
17816,2011-11-03 11:34:00,2010-12-09 14:10:00,4,36.56,37,328,9.14,3,2,5,10,Needs Attention,10
17817,2011-12-05 14:39:00,2011-03-07 17:30:00,3,387.68,4,272,129.22666666666666,5,3,4,12,Needs Attention,7
17819,2011-09-29 10:52:00,2010-12-03 14:26:00,7,3704.87,72,299,529.2671428571429,2,1,1,4,Lost / Low Value,1
17824,2011-10-19 14:14:00,2011-10-19 14:14:00,1,298.4,51,0,298.4,3,5,4,12,Needs Attention,8
17827,2011-12-04 15:00:00,2010-12-10 10:18:00,5,1987.33,5,359,397.466,5,2,2,9,New / Promising,3
17828,2011-11-17 08:41:00,2011-06-08 08:31:00,4,1820.09,23,162,455.0225,4,2,2,8,New / Promising,3
17829,2011-02-14 12:46:00,2011-02-14 12:46:00,1,889.24,299,0,889.24,1,5,3,9,At Risk,5
17830,2011-12-08 12:28:00,2011-02-24 10:15:00,3,398.7,2,287,132.9,5,3,4,12,Needs Attention,7
17831,2011-11-06 15:09:00,2011-11-06 15:09:00,1,35.400000000000006,33,0,35.400000000000006,3,5,5,13,Needs Attention,10
17832,2011-10-21 11:43:00,2011-10-21 11:43:00,1,155.37,50,0,155.37,3,5,5,13,Needs Attention,9
17835,2011-12-07 11:48:00,2011-11-16 16:30:00,3,342.24,3,20,114.08,5,3,4,12,Needs Attention,8
17836,2011-10-23 16:13:00,2011-10-23 16:13:00,1,110.21000000000001,47,0,110.21000000000001,3,5,5,13,Needs Attention,10
17837,2011-10-28 16:13:00,2011-06-29 16:44:00,8,1541.23,42,120,192.65375,3,1,2,6,Needs Attention,3
17838,2011-11-13 11:20:00,2010-12-02 15:55:00,5,2720.8,27,345,544.1600000000001,4,2,1,7,New / Promising,2
17839,2011-10-28 17:27:00,2011-10-28 17:27:00,1,318.15,42,0,318.15,3,5,4,12,Needs Attention,8
17841,2011-12-08 12:07:00,2010-12-01 14:41:00,124,40519.84,2,371,326.77290322580643,5,1,1,7,New / Promising,1
17843,2011-02-09 15:33:00,2011-02-09 15:33:00,1,205.48,303,0,205.48,1,5,5,11,Can't Lose Them,9
17844,2011-08-25 11:27:00,2011-08-25 11:27:00,1,51.559999999999995,107,0,51.559999999999995,2,5,5,12,Can't Lose Them,10
17846,2011-09-15 15:20:00,2011-09-15 15:20:00,1,2033.1,85,0,2033.1,2,5,2,9,At Risk,3
17848,2011-09-19 16:49:00,2010-12-16 18:38:00,9,901.1999999999999,81,276,100.13333333333333,2,1,3,6,Lost / Low Value,5
17849,2011-05-05 13:46:00,2011-01-10 11:59:00,4,605.8000000000001,218,115,151.45000000000002,1,2,3,6,Lost / Low Value,6
17850,2010-12-02 15:27:00,2010-12-01 08:26:00,34,5391.21,372,1,158.565,1,1,1,3,Lost / Low Value,1
17852,2011-11-28 12:36:00,2011-11-28 12:31:00,2,114.34,12,0,57.17,5,4,5,14,Champions,10
17854,2011-06-07 16:21:00,2011-04-26 16:53:00,2,311.26,185,41,155.63,1,4,4,9,Can't Lose Them,8
17855,2010-12-02 09:44:00,2010-12-02 09:44:00,1,208.97,373,0,208.97,1,5,5,11,Can't Lose Them,9
17856,2011-12-08 09:40:00,2011-03-03 11:40:00,4,1418.03,2,279,354.5075,5,2,2,9,New / Promising,3
17857,2011-12-05 13:13:00,2010-12-09 11:35:00,23,26879.04,4,361,1168.6539130434783,5,1,1,7,New / Promising,1
17858,2011-12-04 11:56:00,2010-12-05 13:08:00,12,5140.66,6,363,428.3883333333333,5,1,1,7,New / Promising,1
17859,2011-02-08 10:32:00,2011-02-08 10:32:00,1,141.92000000000002,305,0,141.92000000000002,1,5,5,11,Can't Lose Them,10
17860,2010-12-06 12:41:00,2010-12-06 12:41:00,1,226.45000000000002,369,0,226.45000000000002,1,5,5,11,Can't Lose Them,9
17861,2011-12-06 16:21:00,2011-01-24 11:34:00,8,2097.88,3,316,262.235,5,1,1,7,New / Promising,2
17862,2011-01-20 12:23:00,2011-01-20 12:23:00,1,330.9,324,0,330.9,1,5,4,10,Can't Lose Them,8
17863,2011-10-11 13:45:00,2010-12-05 13:21:00,6,3160.0,59,310,526.6666666666666,3,1,1,5,Needs Attention,2
17864,2011-11-27 11:15:00,2011-03-09 11:44:00,3,554.85,13,262,184.95000000000002,5,3,3,11,Needs Attention,6
17865,2011-11-09 12:08:00,2010-12-10 14:53:00,20,10526.32,31,333,526.316,4,1,1,6,New / Promising,1
17866,2011-07-20 11:07:00,2011-07-20 11:07:00,1,329.65,143,0,329.65,2,5,4,11,Can't Lose Them,8
17867,2011-11-09 14:15:00,2011-02-24 12:25:00,6,1157.8700000000001,30,258,192.97833333333335,4,1,2,7,New / Promising,4
17869,2011-08-24 16:16:00,2010-12-06 17:16:00,5,428.18,107,260,85.636,2,2,4,8,Lost / Low Value,7
17870,2011-12-07 15:07:00,2010-12-08 08:12:00,12,1865.89,2,364,155.49083333333334,5,1,2,8,New / Promising,3
17871,2011-05-19 11:32:00,2011-05-19 11:32:00,1,155.9,205,0,155.9,1,5,5,11,Can't Lose Them,9
17873,2011-09-20 16:41:00,2010-12-01 14:54:00,5,1848.96,80,293,369.79200000000003,2,2,2,6,Lost / Low Value,3
17874,2011-06-07 12:54:00,2011-03-29 11:25:00,6,683.46,185,70,113.91000000000001,1,1,3,5,Lost / Low Value,5
17877,2011-06-22 13:00:00,2011-06-22 13:00:00,1,237.61,170,0,237.61,2,5,5,12,Can't Lose Them,9
17878,2011-10-27 11:24:00,2011-10-27 11:24:00,1,379.45,44,0,379.45,3,5,4,12,Needs Attention,7
17879,2011-06-19 12:36:00,2011-06-19 12:36:00,1,178.51999999999998,174,0,178.51999999999998,2,5,5,12,Can't Lose Them,9
17880,2010-12-10 10:21:00,2010-12-10 10:21:00,1,458.92,365,0,458.92,1,5,4,10,Can't Lose Them,7
17881,2011-02-08 17:16:00,2011-02-08 17:16:00,1,133.35000000000002,304,0,133.35000000000002,1,5,5,11,Can't Lose Them,10
17883,2011-12-06 17:49:00,2011-04-07 19:16:00,4,664.34,3,242,166.085,5,2,3,10,New / Promising,6
17884,2011-12-06 11:33:00,2010-12-03 12:11:00,4,695.0699999999999,4,367,173.76749999999998,5,2,3,10,New / Promising,5
17885,2011-11-27 14:40:00,2011-11-27 14:40:00,1,156.34,12,0,156.34,5,5,5,15,Champions,9
17886,2011-11-08 10:09:00,2011-04-04 12:34:00,3,869.28,32,217,289.76,4,3,3,10,Needs Attention,5
17887,2011-08-02 17:29:00,2011-08-02 17:29:00,1,111.35,129,0,111.35,2,5,5,12,Can't Lose Them,10
17888,2011-11-18 13:45:00,2010-12-17 13:56:00,8,716.0,21,335,89.5,4,1,3,8,New / Promising,5
17889,2011-05-11 16:26:00,2011-01-21 17:14:00,2,201.37,212,109,100.685,1,4,5,10,Can't Lose Them,9
17890,2011-01-21 11:19:00,2010-12-13 15:12:00,2,586.89,323,38,293.445,1,4,3,8,At Risk,6
17891,2011-06-30 20:08:00,2011-06-30 20:08:00,1,203.85999999999999,162,0,203.85999999999999,2,5,5,12,Can't Lose Them,9
17892,2011-10-14 16:49:00,2011-07-07 12:56:00,3,244.1,56,99,81.36666666666666,3,3,5,11,Needs Attention,9
17893,2011-04-28 13:50:00,2011-04-28 13:50:00,1,107.21,225,0,107.21,1,5,5,11,Can't Lose Them,10
17894,2011-09-29 09:23:00,2010-12-08 14:50:00,8,1118.96,72,294,139.87,2,1,2,5,Lost / Low Value,4
17895,2011-10-26 17:00:00,2011-10-26 17:00:00,1,95.45,44,0,95.45,3,5,5,13,Needs Attention,10
17896,2011-11-16 13:59:00,2011-11-16 13:59:00,1,256.32,23,0,256.32,4,5,4,13,Champions,8
17897,2011-06-20 11:23:00,2010-12-01 12:31:00,3,541.8100000000001,173,200,180.60333333333335,2,3,3,8,At Risk,6
17898,2011-09-15 14:56:00,2011-05-16 17:13:00,2,152.06,85,121,76.03,2,4,5,11,Can't Lose Them,10
17899,2011-07-03 14:58:00,2011-07-03 14:58:00,1,154.55,159,0,154.55,2,5,5,12,Can't Lose Them,10
17900,2011-06-02 14:38:00,2011-06-02 14:28:00,2,112.19999999999999,190,0,56.099999999999994,1,4,5,10,Can't Lose Them,10
17901,2011-11-10 17:29:00,2011-11-10 17:29:00,1,110.38,29,0,110.38,4,5,5,14,Champions,10
17904,2011-11-18 12:57:00,2011-11-18 12:57:00,1,181.07,21,0,181.07,4,5,5,14,Champions,9
17905,2011-09-29 17:33:00,2010-12-01 13:21:00,4,798.99,71,302,199.7475,3,2,3,8,Needs Attention,5
17906,2011-04-06 17:25:00,2011-04-06 17:25:00,1,72.9,247,0,72.9,1,5,5,11,Can't Lose Them,10
17908,2010-12-01 11:45:00,2010-12-01 11:45:00,1,232.03,374,0,232.03,1,5,5,11,Can't Lose Them,9
17911,2011-11-30 14:52:00,2011-11-30 14:52:00,1,366.23,9,0,366.23,5,5,4,14,Champions,7
17912,2011-02-02 14:25:00,2010-12-10 11:11:00,5,310.06,310,54,62.012,1,2,4,7,Lost / Low Value,8
17913,2011-10-12 10:45:00,2010-12-19 11:35:00,2,408.65,59,296,204.325,3,4,4,11,Needs Attention,7
17914,2011-12-06 11:58:00,2011-12-06 11:58:00,1,329.36,4,0,329.36,5,5,4,14,Champions,8
17917,2011-10-25 13:20:00,2010-12-12 12:08:00,3,335.03,45,317,111.67666666666666,3,3,4,10,Needs Attention,8
17919,2011-09-12 13:41:00,2011-09-12 13:41:00,1,1304.04,88,0,1304.04,2,5,2,9,At Risk,4
17920,2011-12-05 14:29:00,2010-12-01 11:49:00,17,4119.5,4,369,242.3235294117647,5,1,1,7,New / Promising,1
17921,2011-10-06 18:56:00,2011-03-18 13:19:00,4,820.23,64,202,205.0575,3,2,3,8,Needs Attention,5
17923,2011-03-02 15:15:00,2011-03-02 15:15:00,1,207.50000000000003,282,0,207.50000000000003,1,5,5,11,Can't Lose Them,9
17924,2011-11-28 09:11:00,2010-12-01 10:51:00,7,2962.5,12,361,423.2142857142857,5,1,1,7,New / Promising,2
17925,2010-12-02 10:10:00,2010-12-02 10:10:00,1,244.08,373,0,244.08,1,5,5,11,Can't Lose Them,9
17926,2011-07-29 14:39:00,2011-05-20 09:24:00,2,397.29,133,70,198.645,2,4,4,10,Can't Lose Them,7
17928,2011-10-25 13:52:00,2011-04-07 18:03:00,2,212.54,45,200,106.27,3,4,5,12,Needs Attention,9
17929,2011-11-28 16:01:00,2011-02-04 11:40:00,4,843.0,11,297,210.75,5,2,3,10,New / Promising,5
17930,2011-11-04 10:23:00,2011-04-14 15:46:00,5,1740.48,36,203,348.096,3,2,2,7,Needs Attention,3
17931,2011-07-28 18:33:00,2011-03-29 12:31:00,2,408.36,134,121,204.18,2,4,4,10,Can't Lose Them,7
17932,2011-11-10 19:49:00,2011-05-12 13:58:00,3,1331.57,29,182,443.8566666666666,4,3,2,9,Needs Attention,4
17934,2011-10-19 11:16:00,2011-10-12 10:50:00,2,704.25,52,7,352.125,3,4,3,10,Needs Attention,5
17935,2011-07-24 13:18:00,2011-07-21 11:23:00,2,145.79,138,3,72.895,2,4,5,11,Can't Lose Them,10
17936,2011-12-04 13:32:00,2011-12-04 13:32:00,1,380.13,5,0,380.13,5,5,4,14,Champions,7
17937,2011-12-01 11:45:00,2010-12-12 14:43:00,7,4301.22,9,353,614.46,5,1,1,7,New / Promising,1
17939,2011-07-03 12:27:00,2011-07-03 12:27:00,1,99.14,160,0,99.14,2,5,5,12,Can't Lose Them,10
17940,2011-10-21 13:27:00,2011-02-10 09:29:00,10,4020.04,49,253,402.004,3,1,1,5,Needs Attention,1
17941,2011-08-01 08:30:00,2011-08-01 08:30:00,1,304.56,131,0,304.56,2,5,4,11,Can't Lose Them,8
17942,2011-12-02 10:45:00,2011-12-02 10:45:00,1,77.50000000000001,8,0,77.50000000000001,5,5,5,15,Champions,10
17946,2011-04-20 17:00:00,2011-03-25 14:34:00,2,149.57999999999998,233,26,74.78999999999999,1,4,5,10,Can't Lose Them,10
17947,2011-11-02 13:05:00,2011-11-02 13:05:00,1,176.68,37,0,176.68,3,5,5,13,Needs Attention,9
17948,2011-07-15 12:58:00,2011-07-15 12:58:00,1,358.56000000000006,147,0,358.56000000000006,2,5,4,11,Can't Lose Them,7
17949,2011-12-08 18:46:00,2010-12-03 13:12:00,45,58510.48,1,370,1300.232888888889,5,1,1,7,New / Promising,1
17950,2011-09-28 15:18:00,2010-12-09 15:16:00,3,482.2,72,293,160.73333333333332,2,3,4,9,At Risk,7
17951,2011-10-31 12:30:00,2010-12-01 12:40:00,3,1008.5400000000001,40,333,336.18,3,3,2,8,Needs Attention,4
17954,2011-12-04 14:15:00,2010-12-03 14:18:00,12,2314.13,5,365,192.84416666666667,5,1,1,7,New / Promising,2
17955,2011-05-25 12:00:00,2011-05-04 12:29:00,4,557.3,199,20,139.325,1,2,3,6,Lost / Low Value,6
17956,2011-04-04 13:47:00,2011-04-04 13:47:00,1,12.75,249,0,12.75,1,5,5,11,Can't Lose Them,10
17957,2011-10-04 14:58:00,2011-10-04 14:58:00,1,111.68,66,0,111.68,3,5,5,13,Needs Attention,10
17958,2011-08-15 12:19:00,2011-08-15 12:19:00,1,508.4599999999999,117,0,508.4599999999999,2,5,3,10,At Risk,6
17960,2011-06-21 14:15:00,2011-06-21 14:15:00,1,73.78,171,0,73.78,2,5,5,12,Can't Lose Them,10
17961,2011-11-18 16:55:00,2010-12-02 19:18:00,39,1296.44,21,350,33.242051282051285,4,1,2,7,New / Promising,4
17962,2011-07-20 14:16:00,2011-07-20 14:16:00,1,102.41,142,0,102.41,2,5,5,12,Can't Lose Them,10
17964,2011-11-08 10:44:00,2010-12-02 13:32:00,2,463.21,32,340,231.605,4,4,4,12,Champions,7
17965,2011-11-02 09:31:00,2010-12-05 15:54:00,14,2599.19,38,331,185.65642857142856,3,1,1,5,Needs Attention,2
17966,2011-11-02 10:26:00,2011-03-23 17:25:00,5,1098.43,38,223,219.686,3,2,2,7,Needs Attention,4
17967,2010-12-03 11:19:00,2010-12-03 11:19:00,1,112.27,372,0,112.27,1,5,5,11,Can't Lose Them,10
17968,2010-12-01 12:23:00,2010-12-01 12:23:00,1,265.1,374,0,265.1,1,5,4,10,Can't Lose Them,8
17969,2011-06-26 13:00:00,2010-12-13 15:34:00,2,228.2,166,194,114.1,2,4,5,11,Can't Lose Them,9
17970,2011-05-12 20:03:00,2011-05-12 20:03:00,1,562.79,211,0,562.79,1,5,3,9,At Risk,6
17972,2011-04-12 12:16:00,2011-04-12 12:16:00,1,135.19,242,0,135.19,1,5,5,11,Can't Lose Them,10
17973,2011-10-19 10:34:00,2011-10-19 10:34:00,1,337.04,52,0,337.04,3,5,4,12,Needs Attention,8
17974,2011-11-15 11:37:00,2011-05-04 11:50:00,3,703.99,25,194,234.66333333333333,4,3,3,10,Needs Attention,5
17975,2011-11-24 13:27:00,2010-12-08 11:38:00,13,4483.26,15,351,344.86615384615385,4,1,1,6,New / Promising,1
17976,2010-12-02 13:49:00,2010-12-02 13:49:00,1,321.79,372,0,321.79,1,5,4,10,Can't Lose Them,8
17977,2011-11-10 13:28:00,2011-11-10 13:28:00,1,288.14,29,0,288.14,4,5,4,13,Champions,8
17978,2010-12-09 14:05:00,2010-12-09 14:05:00,1,300.91999999999996,365,0,300.91999999999996,1,5,4,10,Can't Lose Them,8
17979,2011-11-04 12:05:00,2011-03-25 11:34:00,4,732.41,36,224,183.1025,3,2,3,8,Needs Attention,5
17980,2011-06-27 12:01:00,2010-12-15 15:50:00,3,811.45,166,193,270.48333333333335,2,3,3,8,At Risk,5
17984,2011-07-17 15:59:00,2011-07-17 15:59:00,1,152.68,145,0,152.68,2,5,5,12,Can't Lose Them,10
17985,2011-11-17 14:24:00,2011-11-17 14:24:00,1,631.35,22,0,631.35,4,5,3,12,Loyal,6
17986,2011-10-14 14:22:00,2011-10-14 14:22:00,1,20.8,56,0,20.8,3,5,5,13,Needs Attention,10
17987,2011-06-07 14:22:00,2011-06-07 14:22:00,1,198.57,185,0,198.57,1,5,5,11,Can't Lose Them,9
17988,2011-11-28 11:00:00,2011-01-17 11:59:00,7,201.12,12,314,28.731428571428573,5,1,5,11,Needs Attention,9
17990,2011-04-17 11:44:00,2010-12-13 12:10:00,3,630.84,237,124,210.28,1,3,3,7,At Risk,6
17991,2011-04-28 15:58:00,2011-04-27 16:39:00,2,93.35,225,0,46.675,1,4,5,10,Can't Lose Them,10
17994,2011-08-10 11:41:00,2011-02-22 11:02:00,4,674.89,122,169,168.7225,2,2,3,7,Lost / Low Value,5
17995,2011-03-03 12:30:00,2011-03-03 12:30:00,1,76.1,282,0,76.1,1,5,5,11,Can't Lose Them,10
17997,2011-09-26 16:13:00,2011-06-28 17:28:00,8,1962.46,74,89,245.3075,2,1,2,5,Lost / Low Value,3
17999,2011-11-02 15:56:00,2010-12-08 15:17:00,2,380.39,37,329,190.195,3,4,4,11,Needs Attention,7
18001,2011-11-27 16:02:00,2011-09-14 11:21:00,2,415.13,12,74,207.565,5,4,4,13,Champions,7
18004,2010-12-12 13:47:00,2010-12-12 13:47:00,1,157.92,362,0,157.92,1,5,5,11,Can't Lose Them,9
18005,2011-12-06 11:51:00,2011-10-23 14:40:00,2,226.47,4,43,113.235,5,4,5,14,Champions,9
18006,2011-11-16 16:52:00,2011-11-16 16:52:00,1,444.68,23,0,444.68,4,5,4,13,Champions,7
18008,2011-09-30 15:17:00,2011-01-25 12:26:00,9,2116.19,70,248,235.13222222222223,3,1,1,5,Needs Attention,2
18009,2011-04-18 13:36:00,2011-04-18 13:36:00,1,247.39,235,0,247.39,1,5,5,11,Can't Lose Them,9
18010,2011-03-28 12:27:00,2011-03-28 12:27:00,1,174.8,257,0,174.8,1,5,5,11,Can't Lose Them,9
18011,2010-12-01 17:35:00,2010-12-01 17:35:00,1,102.78999999999999,373,0,102.78999999999999,1,5,5,11,Can't Lose Them,10
18013,2011-07-07 14:11:00,2011-07-07 14:08:00,2,187.29,155,0,93.645,2,4,5,11,Can't Lose Them,9
18014,2011-11-11 15:28:00,2011-11-11 15:28:00,1,162.22,28,0,162.22,4,5,5,14,Champions,9
18015,2011-12-05 14:49:00,2011-12-05 14:49:00,1,120.03,4,0,120.03,5,5,5,15,Champions,10
18016,2011-11-07 13:25:00,2010-12-10 17:14:00,5,1477.66,32,331,295.53200000000004,4,2,2,8,New / Promising,3
18017,2011-09-19 16:15:00,2011-02-02 13:57:00,3,523.0,81,229,174.33333333333334,2,3,3,8,At Risk,6
18018,2011-08-23 17:37:00,2011-05-24 13:22:00,2,122.14,108,91,61.07,2,4,5,11,Can't Lose Them,10
18019,2011-10-19 12:10:00,2011-10-19 12:10:00,1,38.45,52,0,38.45,3,5,5,13,Needs Attention,10
18022,2011-11-04 12:45:00,2011-11-04 12:45:00,1,612.72,36,0,612.72,3,5,3,11,Needs Attention,6
18024,2011-07-10 12:40:00,2011-07-10 12:28:00,2,389.78,153,0,194.89,2,4,4,10,Can't Lose Them,7
18027,2011-09-02 10:38:00,2011-09-02 10:38:00,1,115.31,99,0,115.31,2,5,5,12,Can't Lose Them,10
18030,2011-12-05 16:37:00,2011-10-28 13:55:00,2,230.64999999999998,4,38,115.32499999999999,5,4,5,14,Champions,9
18032,2011-01-09 15:32:00,2011-01-09 15:32:00,1,73.5,334,0,73.5,1,5,5,11,Can't Lose Them,10
18033,2011-10-05 17:28:00,2011-10-05 17:28:00,1,93.82000000000001,65,0,93.82000000000001,3,5,5,13,Needs Attention,10
18034,2011-11-18 12:22:00,2011-11-18 12:08:00,2,418.68,22,0,209.34,4,4,4,12,Champions,7
18035,2011-11-04 12:39:00,2011-10-27 17:48:00,3,713.89,36,7,237.96333333333334,3,3,3,9,Needs Attention,5
18036,2011-11-07 14:40:00,2011-04-08 11:26:00,3,403.12,32,213,134.37333333333333,4,3,4,11,Needs Attention,7
18037,2011-07-08 13:39:00,2010-12-12 16:20:00,6,70.02,154,207,11.67,2,1,5,8,Lost / Low Value,10
18040,2011-11-20 14:20:00,2011-04-08 08:27:00,2,357.20000000000005,19,226,178.60000000000002,4,4,4,12,Champions,7
18041,2011-11-28 11:39:00,2010-12-02 11:21:00,21,4097.37,12,361,195.11285714285714,5,1,1,7,New / Promising,1
18042,2011-10-17 11:49:00,2011-10-17 11:49:00,1,165.04999999999998,54,0,165.04999999999998,3,5,5,13,Needs Attention,9
18043,2011-11-15 12:48:00,2010-12-08 12:35:00,3,529.29,25,342,176.42999999999998,4,3,3,10,Needs Attention,6
18044,2011-12-05 14:26:00,2010-12-14 12:25:00,10,2088.6,4,356,208.85999999999999,5,1,1,7,New / Promising,2
18045,2011-10-25 13:07:00,2011-10-25 13:07:00,1,178.34,45,0,178.34,3,5,5,13,Needs Attention,9
18048,2011-05-20 14:58:00,2011-05-20 14:54:00,2,172.29000000000002,203,0,86.14500000000001,1,4,5,10,Can't Lose Them,9
18050,2010-12-15 14:25:00,2010-12-15 14:25:00,1,74.4,359,0,74.4,1,5,5,11,Can't Lose Them,10
18053,2011-09-30 09:05:00,2011-09-30 09:05:00,1,300.02,71,0,300.02,3,5,4,12,Needs Attention,8
18055,2011-12-02 14:25:00,2010-12-05 10:52:00,10,6761.34,7,362,676.134,5,1,1,7,New / Promising,1
18056,2011-02-24 14:27:00,2011-02-24 14:27:00,1,363.65,288,0,363.65,1,5,4,10,Can't Lose Them,7
18058,2011-11-30 08:38:00,2011-11-30 08:38:00,1,170.16,10,0,170.16,5,5,5,15,Champions,9
18059,2011-11-16 16:49:00,2011-10-03 09:30:00,3,306.46,23,44,102.15333333333332,4,3,4,11,Needs Attention,8
18061,2011-11-18 11:20:00,2010-12-08 13:03:00,10,2119.41,22,344,211.94099999999997,4,1,1,6,New / Promising,2
18062,2011-06-19 14:47:00,2011-01-06 10:03:00,3,720.52,173,164,240.17333333333332,2,3,3,8,At Risk,5
18064,2011-07-29 16:39:00,2011-04-18 15:08:00,2,814.0,133,102,407.0,2,4,3,9,At Risk,5
18065,2011-12-04 10:30:00,2010-12-10 12:44:00,14,2392.83,6,358,170.91642857142855,5,1,1,7,New / Promising,2
18066,2011-09-25 15:30:00,2011-09-25 15:30:00,1,318.0,75,0,318.0,2,5,4,11,Can't Lose Them,8
18067,2011-10-30 15:58:00,2011-10-30 15:58:00,1,396.33,40,0,396.33,3,5,4,12,Needs Attention,7
18068,2011-02-23 14:50:00,2011-02-23 14:50:00,1,101.69999999999999,289,0,101.69999999999999,1,5,5,11,Can't Lose Them,10
18069,2011-11-13 16:03:00,2011-01-16 15:50:00,5,2009.24,26,301,401.848,4,2,2,8,New / Promising,3
18071,2011-03-27 11:59:00,2010-12-09 10:33:00,2,453.0,258,108,226.5,1,4,4,9,Can't Lose Them,7
18072,2011-06-07 10:44:00,2011-06-07 10:44:00,1,247.44,186,0,247.44,1,5,5,11,Can't Lose Them,9
18073,2011-08-17 14:02:00,2011-05-26 19:38:00,12,3859.82,114,82,321.6516666666667,2,1,1,4,Lost / Low Value,1
18074,2010-12-01 09:53:00,2010-12-01 09:53:00,1,489.6,374,0,489.6,1,5,3,9,At Risk,6
18075,2011-11-16 15:21:00,2010-12-14 10:48:00,10,2611.75,23,337,261.175,4,1,1,6,New / Promising,2
18077,2011-12-01 13:32:00,2010-12-08 10:21:00,11,2584.41,8,358,234.94636363636363,5,1,1,7,New / Promising,2
18078,2011-05-06 14:32:00,2011-03-25 15:08:00,2,336.13,217,41,168.065,1,4,4,9,Can't Lose Them,8
18079,2011-10-25 15:27:00,2011-04-15 12:14:00,4,3613.15,45,193,903.2875,3,2,1,6,Needs Attention,2
18080,2011-11-21 08:02:00,2011-04-11 10:10:00,2,1231.5,19,223,615.75,4,4,2,10,Loyal,4
18081,2011-11-03 16:30:00,2011-07-29 11:56:00,3,343.45,36,97,114.48333333333333,3,3,4,10,Needs Attention,8
18082,2011-11-14 12:45:00,2011-11-14 12:45:00,1,680.84,26,0,680.84,4,5,3,12,Loyal,5
18084,2011-11-23 13:57:00,2011-11-23 13:57:00,1,90.47999999999999,16,0,90.47999999999999,4,5,5,14,Champions,10
18085,2011-01-13 15:17:00,2010-12-01 12:08:00,2,689.95,330,43,344.975,1,4,3,8,At Risk,5
18086,2011-03-10 13:34:00,2011-03-10 13:34:00,1,101.34,274,0,101.34,1,5,5,11,Can't Lose Them,10
18087,2011-09-02 15:12:00,2011-02-22 10:43:00,2,4055.7199999999993,98,192,2027.8599999999997,2,4,1,7,At Risk,1
18088,2011-10-09 13:41:00,2011-10-09 13:41:00,1,166.03,61,0,166.03,3,5,5,13,Needs Attention,9
18092,2011-12-07 13:14:00,2010-12-09 10:00:00,11,9068.26,2,363,824.3872727272727,5,1,1,7,New / Promising,1
18093,2011-09-07 15:43:00,2011-02-10 12:15:00,4,2106.52,93,209,526.63,2,2,1,5,Lost / Low Value,2
18094,2011-09-19 09:28:00,2011-02-21 08:50:00,7,3017.3,82,210,431.04285714285714,2,1,1,4,Lost / Low Value,2
18095,2011-01-31 12:50:00,2011-01-11 12:37:00,2,580.0500000000001,313,20,290.02500000000003,1,4,3,8,At Risk,6
18096,2011-11-28 12:44:00,2011-10-07 11:55:00,3,849.06,12,52,283.02,5,3,3,11,Needs Attention,5
18097,2011-12-02 11:16:00,2010-12-20 14:49:00,6,2662.4,8,346,443.73333333333335,5,1,1,7,New / Promising,2
18099,2011-08-04 15:52:00,2011-08-04 15:52:00,1,168.31,127,0,168.31,2,5,5,12,Can't Lose Them,9
18101,2011-11-28 13:37:00,2011-07-19 13:05:00,2,222.4,11,132,111.2,5,4,5,14,Champions,9
18102,2011-12-09 11:50:00,2010-12-07 16:42:00,60,259657.3,1,366,4327.621666666667,5,1,1,7,New / Promising,1
18104,2011-11-02 14:07:00,2011-11-02 14:07:00,1,754.64,37,0,754.64,3,5,3,11,Needs Attention,5
18105,2011-11-02 12:04:00,2011-11-02 12:04:00,1,113.48000000000002,38,0,113.48000000000002,3,5,5,13,Needs Attention,10
18106,2011-01-14 12:23:00,2011-01-14 12:23:00,1,421.9,330,0,421.9,1,5,4,10,Can't Lose Them,7
18108,2011-03-30 13:56:00,2011-03-30 13:56:00,1,271.0,254,0,271.0,1,5,4,10,Can't Lose Them,8
18109,2011-12-08 11:36:00,2010-12-05 10:58:00,26,8004.92,2,368,307.88153846153847,5,1,1,7,New / Promising,1
18110,2011-11-20 12:34:00,2011-11-20 12:34:00,1,198.8,20,0,198.8,4,5,5,14,Champions,9
18112,2011-11-27 14:43:00,2011-06-26 13:56:00,2,352.69,12,154,176.345,5,4,4,13,Champions,7
18113,2010-12-06 12:31:00,2010-12-06 12:31:00,1,76.32000000000001,369,0,76.32000000000001,1,5,5,11,Can't Lose Them,10
18114,2011-02-22 13:20:00,2011-02-22 13:20:00,1,220.1,290,0,220.1,1,5,5,11,Can't Lose Them,9
18116,2011-10-03 11:00:00,2010-12-10 12:14:00,8,1403.1100000000001,68,296,175.38875000000002,3,1,2,6,Needs Attention,3
18117,2011-11-14 12:47:00,2011-11-14 12:47:00,1,315.65,26,0,315.65,4,5,4,13,Champions,8
18118,2011-11-29 11:32:00,2010-12-05 12:13:00,26,5625.08,11,358,216.34923076923076,5,1,1,7,New / Promising,1
18119,2010-12-07 11:59:00,2010-12-07 11:59:00,1,180.7,368,0,180.7,1,5,5,11,Can't Lose Them,9
18120,2011-05-09 13:45:00,2011-05-09 13:45:00,1,111.15,214,0,111.15,1,5,5,11,Can't Lose Them,10
18121,2011-07-13 12:53:00,2011-07-08 12:14:00,2,653.3,149,5,326.65,2,4,3,9,At Risk,6
18122,2011-12-01 13:08:00,2011-07-12 11:37:00,6,1793.06,8,142,298.8433333333333,5,1,2,8,New / Promising,3
18123,2011-11-15 14:23:00,2011-11-08 13:31:00,2,574.4399999999999,24,7,287.21999999999997,4,4,3,11,Loyal,6
18125,2011-11-10 12:29:00,2011-01-27 15:02:00,4,1131.75,30,286,282.9375,4,2,2,8,New / Promising,4
18126,2011-10-10 12:19:00,2011-10-10 12:19:00,1,200.92000000000002,61,0,200.92000000000002,3,5,5,13,Needs Attention,9
18127,2011-11-20 14:05:00,2011-07-29 10:06:00,3,347.08,19,114,115.69333333333333,4,3,4,11,Needs Attention,8
18129,2011-04-10 14:16:00,2011-04-10 14:16:00,1,112.55000000000001,243,0,112.55000000000001,1,5,5,11,Can't Lose Them,10
18130,2011-11-24 14:40:00,2011-10-13 15:58:00,3,1059.39,15,41,353.13000000000005,4,3,2,9,Needs Attention,4
18133,2011-05-11 14:14:00,2011-05-11 14:14:00,1,931.4999999999999,212,0,931.4999999999999,1,5,3,9,At Risk,5
18135,2011-11-10 19:32:00,2011-06-02 14:04:00,5,681.9100000000001,29,161,136.382,4,2,3,9,New / Promising,5
18136,2011-10-07 15:40:00,2011-01-24 12:08:00,3,784.33,63,256,261.4433333333333,3,3,3,9,Needs Attention,5
18138,2011-02-17 14:51:00,2011-02-17 14:51:00,1,152.65,295,0,152.65,1,5,5,11,Can't Lose Them,10
18139,2011-11-22 10:44:00,2011-11-21 14:06:00,6,8438.34,18,0,1406.39,4,1,1,6,New / Promising,1
18142,2011-07-05 13:19:00,2011-05-08 12:31:00,2,1019.52,157,58,509.76,2,4,2,8,At Risk,4
18143,2011-08-15 12:07:00,2011-07-21 10:44:00,2,1000.16,117,25,500.08,2,4,2,8,At Risk,4
18144,2011-12-02 12:46:00,2010-12-01 13:45:00,12,2888.75,8,365,240.72916666666666,5,1,1,7,New / Promising,2
18145,2011-11-27 11:22:00,2011-01-31 12:10:00,4,2861.55,13,299,715.3875,5,2,1,8,New / Promising,2
18146,2011-07-22 12:08:00,2011-05-03 16:35:00,2,160.35000000000002,141,79,80.17500000000001,2,4,5,11,Can't Lose Them,9
18147,2011-10-25 11:46:00,2011-08-23 12:22:00,2,179.33999999999997,46,62,89.66999999999999,3,4,5,12,Needs Attention,9
18149,2011-10-20 12:04:00,2011-03-11 12:44:00,3,612.0799999999999,51,222,204.02666666666664,3,3,3,9,Needs Attention,6
18150,2011-11-07 16:49:00,2011-05-22 10:47:00,3,566.58,32,169,188.86,4,3,3,10,Needs Attention,6
18151,2011-07-28 11:35:00,2011-02-23 08:29:00,2,653.35,135,155,326.675,2,4,3,9,At Risk,6
18154,2011-12-06 16:41:00,2011-10-27 10:40:00,2,399.19,3,40,199.595,5,4,4,13,Champions,7
18155,2011-09-25 13:32:00,2011-02-21 10:36:00,3,371.62,75,216,123.87333333333333,2,3,4,9,At Risk,7
18156,2011-11-27 12:24:00,2010-12-05 12:29:00,2,675.64,13,356,337.82,5,4,3,12,Loyal,5
18158,2011-11-30 16:19:00,2011-09-12 09:03:00,2,453.4,9,79,226.7,5,4,4,13,Champions,7
18159,2011-02-11 14:26:00,2011-02-11 14:26:00,1,530.15,301,0,530.15,1,5,3,9,At Risk,6
18160,2011-10-13 15:50:00,2011-05-23 13:41:00,2,638.0600000000001,57,143,319.03000000000003,3,4,3,10,Needs Attention,6
18161,2011-11-24 16:40:00,2011-01-24 11:56:00,5,1618.69,15,304,323.738,4,2,2,8,New / Promising,3
18164,2011-11-02 12:56:00,2011-11-02 12:56:00,1,399.65000000000003,37,0,399.65000000000003,3,5,4,12,Needs Attention,7
18165,2011-06-15 13:23:00,2011-06-15 13:23:00,1,302.46000000000004,177,0,302.46000000000004,2,5,4,11,Can't Lose Them,8
18167,2011-11-16 15:56:00,2011-08-26 11:40:00,3,1384.8600000000001,23,82,461.62000000000006,4,3,2,9,Needs Attention,3
18168,2011-06-16 19:21:00,2010-12-02 18:08:00,6,1160.04,176,196,193.34,2,1,2,5,Lost / Low Value,4
18169,2011-10-10 12:18:00,2011-10-10 12:18:00,1,202.65,61,0,202.65,3,5,5,13,Needs Attention,9
18170,2011-11-06 14:35:00,2011-05-06 15:13:00,3,980.31,33,183,326.77,3,3,2,8,Needs Attention,4
18171,2011-10-12 09:13:00,2011-01-10 09:55:00,5,1231.31,59,274,246.262,3,2,2,7,Needs Attention,4
18172,2011-11-25 11:12:00,2011-02-23 10:44:00,20,7561.68,15,275,378.084,4,1,1,6,New / Promising,1
18173,2011-09-14 11:26:00,2011-03-10 11:56:00,4,2106.84,87,187,526.71,2,2,1,5,Lost / Low Value,2
18174,2011-12-02 16:56:00,2011-12-02 16:56:00,1,104.0,7,0,104.0,5,5,5,15,Champions,10
18176,2010-12-16 15:45:00,2010-12-16 15:45:00,1,476.35,358,0,476.35,1,5,4,10,Can't Lose Them,7
18177,2011-11-08 14:44:00,2011-03-29 08:46:00,6,1340.8700000000001,31,224,223.47833333333335,4,1,2,7,New / Promising,4
18178,2011-08-03 09:30:00,2010-12-10 12:42:00,4,1590.81,129,235,397.7025,2,2,2,6,Lost / Low Value,3
18179,2011-11-30 16:23:00,2011-01-07 14:22:00,6,1793.17,9,327,298.8616666666667,5,1,2,8,New / Promising,3
18180,2011-12-05 08:39:00,2011-07-20 08:59:00,6,1843.75,5,137,307.2916666666667,5,1,2,8,New / Promising,3
18181,2011-11-15 15:08:00,2011-11-15 15:08:00,1,366.85,24,0,366.85,4,5,4,13,Champions,7
18183,2011-04-26 15:26:00,2011-03-10 10:08:00,2,632.07,227,47,316.035,1,4,3,8,At Risk,6
18184,2011-11-24 15:28:00,2011-11-24 15:28:00,1,49.8,15,0,49.8,4,5,5,14,Champions,10
18185,2011-04-04 13:42:00,2011-04-04 13:42:00,1,304.25,249,0,304.25,1,5,4,10,Can't Lose Them,8
18188,2011-11-24 16:46:00,2011-02-22 14:43:00,3,2001.04,15,275,667.0133333333333,4,3,2,9,Needs Attention,3
18189,2011-09-23 12:40:00,2011-03-17 09:49:00,2,1090.24,78,190,545.12,2,4,2,8,At Risk,4
18190,2011-05-31 14:48:00,2011-01-13 10:35:00,2,284.46000000000004,192,138,142.23000000000002,1,4,4,9,Can't Lose Them,8
18191,2011-03-23 12:08:00,2011-03-23 12:08:00,1,207.79999999999998,262,0,207.79999999999998,1,5,5,11,Can't Lose Them,9
18192,2011-09-29 09:53:00,2011-09-29 09:53:00,1,957.97,72,0,957.97,2,5,2,9,At Risk,4
18193,2011-06-27 13:58:00,2011-06-27 13:58:00,1,243.76,165,0,243.76,2,5,5,12,Can't Lose Them,9
18194,2011-09-18 13:29:00,2011-09-18 13:29:00,1,973.8399999999999,82,0,973.8399999999999,2,5,2,9,At Risk,4
18196,2011-09-05 16:22:00,2011-02-22 16:13:00,2,686.63,95,195,343.315,2,4,3,9,At Risk,5
18198,2011-12-05 14:49:00,2011-01-07 13:39:00,17,5425.56,4,332,319.15058823529415,5,1,1,7,New / Promising,1
18200,2011-08-25 18:45:00,2011-08-25 18:45:00,1,150.35,106,0,150.35,2,5,5,12,Can't Lose Them,10
18202,2011-05-24 12:12:00,2011-02-01 13:36:00,3,1396.99,200,111,465.66333333333336,1,3,2,6,At Risk,3
18203,2011-07-05 13:07:00,2011-07-05 13:07:00,1,160.42000000000002,157,0,160.42000000000002,2,5,5,12,Can't Lose Them,9
18204,2011-09-29 16:44:00,2011-05-31 15:26:00,3,1975.35,71,121,658.4499999999999,3,3,2,8,Needs Attention,3
18205,2011-11-03 13:22:00,2011-09-26 12:02:00,2,517.36,36,38,258.68,3,4,3,10,Needs Attention,6
18209,2011-11-11 12:07:00,2011-11-11 12:07:00,1,139.10000000000002,29,0,139.10000000000002,4,5,5,14,Champions,10
18210,2011-12-08 11:02:00,2011-03-17 16:58:00,6,2621.38,2,265,436.8966666666667,5,2,1,8,New / Promising,2
18211,2011-11-14 08:10:00,2011-03-06 12:09:00,5,600.07,26,252,120.01400000000001,4,2,3,9,New / Promising,6
18212,2011-01-17 16:14:00,2011-01-17 16:14:00,1,216.07,326,0,216.07,1,5,5,11,Can't Lose Them,9
18213,2011-04-17 10:21:00,2011-04-17 10:21:00,1,232.48000000000002,237,0,232.48000000000002,1,5,5,11,Can't Lose Them,9
18215,2011-09-11 16:05:00,2011-09-11 16:05:00,1,299.34000000000003,89,0,299.34000000000003,2,5,4,11,Can't Lose Them,8
18216,2011-11-08 16:55:00,2011-11-08 16:55:00,1,481.75,31,0,481.75,4,5,4,13,Champions,7
18217,2011-11-10 13:18:00,2011-09-30 10:44:00,2,621.75,29,41,310.875,4,4,3,11,Loyal,6
18218,2011-05-12 12:53:00,2011-03-03 12:24:00,2,641.92,211,70,320.96,1,4,3,8,At Risk,6
18219,2011-12-07 11:43:00,2010-12-06 10:05:00,10,2069.77,3,366,206.977,5,1,1,7,New / Promising,2
18220,2011-04-27 09:03:00,2011-04-27 09:03:00,1,305.28000000000003,227,0,305.28000000000003,1,5,4,10,Can't Lose Them,8
18221,2011-11-17 14:40:00,2011-05-12 14:13:00,5,1041.61,22,189,208.32199999999997,4,2,2,8,New / Promising,4
18222,2011-09-08 10:45:00,2011-09-08 10:45:00,1,443.0,93,0,443.0,2,5,4,11,Can't Lose Them,7
18223,2011-12-05 09:11:00,2010-12-16 16:42:00,14,6484.54,5,353,463.18142857142857,5,1,1,7,New / Promising,1
18224,2011-03-21 10:30:00,2011-03-21 10:30:00,1,158.95000000000002,264,0,158.95000000000002,1,5,5,11,Can't Lose Them,9
18225,2011-12-06 13:27:00,2010-12-09 15:46:00,12,5504.96,3,361,458.74666666666667,5,1,1,7,New / Promising,1
18226,2011-10-26 13:36:00,2011-01-06 09:00:00,11,5228.05,44,293,475.27727272727276,3,1,1,5,Needs Attention,1
18227,2011-05-06 12:23:00,2011-05-06 12:23:00,1,93.75,218,0,93.75,1,5,5,11,Can't Lose Them,10
18228,2011-10-14 09:21:00,2011-09-21 10:48:00,2,779.9,57,22,389.95,3,4,3,10,Needs Attention,5
18229,2011-11-28 09:48:00,2010-12-01 16:25:00,20,7276.900000000001,12,361,363.845,5,1,1,7,New / Promising,1
18230,2011-11-30 13:22:00,2011-02-10 13:06:00,7,2810.2000000000003,9,293,401.4571428571429,5,1,1,7,New / Promising,2
18231,2011-05-31 14:18:00,2011-02-24 09:08:00,5,2071.77,192,96,414.354,1,2,1,4,Lost / Low Value,2
18232,2011-09-19 11:49:00,2011-05-26 16:30:00,4,592.97,82,115,148.2425,2,2,3,7,Lost / Low Value,6
18233,2011-01-18 08:44:00,2011-01-18 08:44:00,1,440.0,326,0,440.0,1,5,4,10,Can't Lose Them,7
18235,2011-09-29 08:27:00,2011-05-06 13:35:00,3,1796.48,72,145,598.8266666666667,2,3,2,7,At Risk,3
18236,2011-11-10 08:06:00,2011-04-13 09:52:00,6,882.24,30,210,147.04,4,2,3,9,New / Promising,5
18237,2011-12-07 12:49:00,2011-07-28 13:05:00,5,987.1,3,131,197.42000000000002,5,2,2,9,New / Promising,4
18239,2011-05-05 12:38:00,2010-12-02 17:48:00,5,1561.6100000000001,219,153,312.322,1,2,2,5,Lost / Low Value,3
18240,2011-10-24 13:06:00,2011-10-24 13:06:00,1,422.58,46,0,422.58,3,5,4,12,Needs Attention,7
18241,2011-11-30 12:10:00,2011-05-06 09:22:00,17,2073.09,10,208,121.9464705882353,5,1,1,7,New / Promising,2
18242,2011-09-28 13:43:00,2011-05-10 11:20:00,4,2232.4900000000002,72,141,558.1225000000001,2,2,1,5,Lost / Low Value,2
18245,2011-12-02 14:48:00,2010-12-19 14:58:00,7,2567.06,7,347,366.72285714285715,5,1,1,7,New / Promising,2
18246,2011-11-16 11:49:00,2011-04-20 13:55:00,2,596.1,24,209,298.05,4,4,3,11,Loyal,6
18248,2011-08-09 10:19:00,2011-06-06 13:18:00,2,804.02,123,63,402.01,2,4,3,9,At Risk,5
18249,2011-11-22 15:07:00,2011-11-22 15:07:00,1,95.34,17,0,95.34,4,5,5,14,Champions,10
18250,2011-02-02 13:16:00,2011-02-02 13:16:00,1,349.27,310,0,349.27,1,5,4,10,Can't Lose Them,8
18251,2011-09-13 15:03:00,2011-09-13 15:03:00,1,4314.72,87,0,4314.72,2,5,1,8,At Risk,1
18252,2011-10-20 12:43:00,2011-06-21 11:47:00,2,518.27,51,121,259.135,3,4,3,10,Needs Attention,6
18255,2011-09-11 13:16:00,2011-09-11 13:16:00,1,103.3,89,0,103.3,2,5,5,12,Can't Lose Them,10
18257,2011-10-31 14:48:00,2011-02-16 15:13:00,8,2337.63,39,256,292.20375,3,1,1,5,Needs Attention,2
18259,2011-11-15 12:34:00,2010-12-08 13:38:00,3,2338.6000000000004,25,341,779.5333333333334,4,3,1,8,Needs Attention,2
18260,2011-06-20 12:37:00,2010-12-16 18:23:00,6,2628.35,173,185,438.05833333333334,2,2,1,5,Lost / Low Value,2
18261,2011-10-27 15:36:00,2011-09-05 09:34:00,2,324.24,43,52,162.12,3,4,4,11,Needs Attention,8
18262,2011-07-22 16:04:00,2011-07-22 16:04:00,1,149.48,140,0,149.48,2,5,5,12,Can't Lose Them,10
18263,2011-11-14 09:00:00,2011-04-01 11:48:00,3,1213.1599999999999,26,226,404.3866666666666,4,3,2,9,Needs Attention,4
18265,2011-09-28 14:10:00,2011-07-04 15:26:00,2,801.51,72,85,400.755,2,4,3,9,At Risk,5
18268,2011-07-28 19:13:00,2011-07-28 19:13:00,1,25.5,134,0,25.5,2,5,5,12,Can't Lose Them,10
18269,2010-12-08 13:53:00,2010-12-08 13:53:00,1,168.6,366,0,168.6,1,5,5,11,Can't Lose Them,9
18270,2011-11-01 13:57:00,2011-03-18 12:41:00,2,283.15,38,228,141.575,3,4,4,11,Needs Attention,8
18272,2011-12-07 12:43:00,2011-04-07 09:35:00,6,3078.58,3,244,513.0966666666667,5,2,1,8,New / Promising,2
18273,2011-12-07 13:16:00,2011-03-27 11:22:00,3,204.0,2,255,68.0,5,3,5,13,Needs Attention,9
18274,2011-11-09 17:03:00,2011-11-09 17:03:00,1,175.92,30,0,175.92,4,5,5,14,Champions,9
18276,2011-10-27 10:54:00,2011-10-27 10:54:00,1,335.86,44,0,335.86,3,5,4,12,Needs Attention,8
18277,2011-10-12 15:22:00,2011-10-12 15:22:00,1,110.38,58,0,110.38,3,5,5,13,Needs Attention,10
18278,2011-09-27 11:58:00,2011-09-27 11:58:00,1,173.9,74,0,173.9,2,5,5,12,Can't Lose Them,9
18280,2011-03-07 09:52:00,2011-03-07 09:52:00,1,180.60000000000002,278,0,180.60000000000002,1,5,5,11,Can't Lose Them,9
18281,2011-06-12 10:53:00,2011-06-12 10:53:00,1,80.82,181,0,80.82,1,5,5,11,Can't Lose Them,10
18282,2011-12-02 11:43:00,2011-08-05 13:35:00,2,178.05,8,118,89.025,5,4,5,14,Champions,9
18283,2011-12-06 12:02:00,2011-01-06 14:14:00,16,2045.53,4,333,127.845625,5,1,2,8,New / Promising,3
18287,2011-10-28 09:29:00,2011-05-22 10:39:00,3,1837.28,43,158,612.4266666666666,3,3,2,8,Needs Attention,3
